City,Quantity,Product_Code
Swansea,18,178
Bangor,66,178
Bangor,166,178
Swansea,45,178
Cardiff,173,178
Cardiff,79,178
Cardiff,44,178
Bangor,13,178
Swansea,190,178
Swansea,148,178
Swansea,101,178
Bangor,107,178
Bangor,52,178
Cardiff,50,178
Swansea,16,178
Bangor,197,178
Swansea,157,178
Cardiff,163,178
Newport,126,178
Swansea,130,178
Swansea,195,178
Newport,102,178
Swansea,25,178
Swansea,48,178
Newport,75,178
Swansea,79,178
Cardiff,179,178
Bangor,91,178
Bangor,90,178
Newport,159,178
Newport,39,178
Newport,194,178
Bangor,29,178
Newport,163,178
Swansea,111,178
Cardiff,156,178
Swansea,163,178
Bangor,92,178
Bangor,82,178
Swansea,190,178
Bangor,29,178
Newport,82,178
Bangor,178,178
Swansea,176,178
Cardiff,56,178
Newport,137,178
Bangor,28,178
Cardiff,77,178
Bangor,84,178
Newport,10,178
Swansea,47,178
Swansea,39,178
Cardiff,105,178
Bangor,110,178
Swansea,151,178
Newport,76,178
Newport,14,178
Swansea,134,178
Cardiff,90,178
Bangor,121,178
Cardiff,199,178
Bangor,177,178
Swansea,30,178
Swansea,70,178
Bangor,53,178
Newport,61,178
Newport,115,178
Swansea,133,178
Newport,198,178
Cardiff,41,178
Newport,124,178
Newport,161,178
Swansea,96,178
Cardiff,176,178
Bangor,155,178
Swansea,61,178
Bangor,120,178
Cardiff,44,178
Bangor,159,178
Swansea,170,178
Swansea,41,178
Newport,166,178
Swansea,160,178
Newport,99,178
Bangor,6,178
Bangor,163,178
Newport,195,178
Newport,57,178
Bangor,12,178
Swansea,188,178
Swansea,155,178
Cardiff,28,178
Newport,148,178
Swansea,28,178
Newport,154,178
Bangor,9,178
Newport,109,178
Swansea,170,178
Newport,175,178
Cardiff,187,178
Bangor,128,178
Swansea,157,178
Swansea,105,178
Swansea,186,178
Bangor,157,178
Cardiff,195,178
Cardiff,20,178
Swansea,48,178
Newport,154,178
Swansea,73,178
Bangor,83,178
Bangor,173,178
Swansea,53,178
Bangor,36,178
Bangor,136,178
Cardiff,86,178
Cardiff,15,178
Cardiff,134,178
Swansea,35,178
Swansea,155,178
Cardiff,110,178
Bangor,71,178
Bangor,189,178
Cardiff,145,178
Swansea,194,178
Newport,148,178
Bangor,113,178
Newport,125,178
Cardiff,74,178
Swansea,45,178
Newport,70,178
Swansea,146,178
Bangor,40,178
Bangor,178,178
Newport,76,178
Bangor,137,178
Cardiff,47,178
Bangor,105,178
Bangor,82,178
Cardiff,83,178
Newport,12,178
Bangor,148,178
Swansea,131,178
Cardiff,148,178
Cardiff,54,178
Swansea,171,178
Swansea,104,178
Bangor,28,178
Swansea,47,178
Bangor,172,178
Newport,35,178
Newport,101,178
Bangor,112,178
Newport,36,178
Swansea,79,178
Swansea,192,178
Swansea,35,178
Bangor,178,178
Bangor,75,178
Cardiff,197,178
Cardiff,100,178
Swansea,163,178
Cardiff,80,178
Swansea,127,178
Cardiff,193,178
Newport,39,178
Swansea,182,178
Newport,193,178
Newport,169,178
Swansea,77,178
Newport,43,178
Cardiff,50,178
Bangor,159,178
Newport,24,178
Swansea,187,178
Bangor,4,178
Swansea,116,178
Swansea,158,178
Cardiff,103,178
Newport,152,178
Swansea,52,178
Bangor,164,178
Bangor,60,178
Swansea,146,178
Cardiff,32,178
Cardiff,8,178
Cardiff,131,178
Swansea,65,178
Bangor,18,178
Swansea,134,178
Swansea,13,178
Swansea,55,178
Cardiff,113,178
Bangor,78,178
Newport,78,178
Bangor,51,178
Bangor,101,178
Newport,184,178
Bangor,173,178
Cardiff,176,178
Cardiff,86,178
Bangor,200,178
Swansea,40,178
Cardiff,69,178
Newport,181,178
Newport,104,178
Swansea,89,178
Bangor,57,178
Cardiff,192,178
Swansea,116,178
Bangor,80,178
Swansea,78,178
Bangor,52,178
Cardiff,52,178
Newport,114,178
Swansea,95,178
Newport,180,178
Cardiff,51,178
Newport,71,178
Bangor,54,178
Swansea,172,178
Bangor,136,178
Bangor,81,178
Newport,44,178
Swansea,21,178
Swansea,4,178
Swansea,48,178
Bangor,135,178
Swansea,1,178
Newport,53,178
Cardiff,72,178
Cardiff,43,178
Cardiff,99,178
Bangor,196,178
Bangor,199,178
Bangor,74,178
Newport,169,178
Bangor,107,178
Cardiff,31,178
Bangor,100,178
Newport,30,178
Bangor,77,178
Cardiff,10,178
Cardiff,34,178
Swansea,140,178
Newport,32,178
Cardiff,103,178
Cardiff,132,178
Bangor,4,178
Cardiff,66,178
Cardiff,152,178
