City,Quantity,Product_Code
Cardiff,139,106
Newport,26,106
Cardiff,68,106
Cardiff,32,106
Bangor,45,106
Newport,101,106
Cardiff,6,106
Newport,84,106
Swansea,82,106
Cardiff,54,106
Cardiff,181,106
Bangor,183,106
Cardiff,74,106
Newport,100,106
Swansea,17,106
Swansea,144,106
Cardiff,121,106
Newport,47,106
Bangor,35,106
Newport,70,106
Newport,104,106
Swansea,91,106
Newport,128,106
Newport,171,106
Bangor,176,106
Swansea,157,106
Bangor,33,106
Cardiff,40,106
Bangor,70,106
Cardiff,89,106
Newport,120,106
Swansea,117,106
Swansea,62,106
Swansea,59,106
Cardiff,37,106
Bangor,163,106
Cardiff,146,106
Swansea,191,106
Bangor,161,106
Swansea,69,106
Bangor,80,106
Cardiff,3,106
Bangor,135,106
Newport,13,106
Swansea,53,106
Newport,119,106
Cardiff,137,106
Cardiff,64,106
Bangor,43,106
Swansea,72,106
Swansea,137,106
Bangor,149,106
Bangor,174,106
Newport,112,106
Bangor,128,106
Swansea,139,106
Cardiff,42,106
Bangor,114,106
Bangor,160,106
Cardiff,102,106
Cardiff,28,106
Bangor,117,106
Swansea,23,106
Swansea,68,106
Cardiff,168,106
Cardiff,173,106
Cardiff,70,106
Newport,43,106
Swansea,44,106
Bangor,190,106
Swansea,32,106
Bangor,80,106
Cardiff,92,106
Bangor,87,106
Swansea,129,106
Bangor,171,106
Cardiff,17,106
Cardiff,185,106
Cardiff,67,106
Bangor,77,106
Newport,20,106
Newport,187,106
Cardiff,0,106
Swansea,9,106
Cardiff,34,106
Bangor,169,106
Newport,57,106
Cardiff,38,106
Cardiff,132,106
Bangor,72,106
Bangor,115,106
Cardiff,122,106
Bangor,184,106
Swansea,106,106
Bangor,134,106
Bangor,31,106
Newport,40,106
Bangor,95,106
Newport,194,106
Bangor,190,106
Swansea,56,106
Bangor,47,106
Bangor,55,106
Swansea,158,106
Swansea,75,106
Cardiff,131,106
Swansea,129,106
Swansea,47,106
Swansea,123,106
Swansea,136,106
Bangor,60,106
Newport,44,106
Cardiff,100,106
Newport,30,106
Cardiff,25,106
Bangor,100,106
Cardiff,129,106
Swansea,98,106
Newport,8,106
Cardiff,43,106
Cardiff,30,106
Bangor,190,106
Newport,167,106
Swansea,36,106
Newport,188,106
Swansea,28,106
Swansea,197,106
Newport,94,106
Bangor,99,106
Cardiff,45,106
Newport,52,106
Swansea,0,106
Swansea,103,106
Bangor,111,106
Newport,139,106
Swansea,54,106
Bangor,129,106
Newport,156,106
Cardiff,175,106
Swansea,130,106
Cardiff,173,106
Cardiff,162,106
Swansea,112,106
Bangor,151,106
Cardiff,29,106
Cardiff,125,106
Bangor,100,106
Cardiff,132,106
Newport,90,106
Cardiff,64,106
Newport,43,106
Cardiff,56,106
Bangor,157,106
Bangor,169,106
Cardiff,82,106
Cardiff,25,106
Swansea,130,106
Swansea,48,106
Swansea,145,106
Bangor,35,106
Cardiff,6,106
Bangor,136,106
Cardiff,145,106
Swansea,151,106
Cardiff,154,106
Cardiff,30,106
Bangor,85,106
Bangor,13,106
Newport,26,106
Cardiff,185,106
Cardiff,77,106
Cardiff,18,106
Swansea,173,106
Newport,198,106
Newport,194,106
Swansea,100,106
Swansea,154,106
Newport,147,106
Bangor,184,106
Cardiff,190,106
Bangor,166,106
Newport,184,106
Swansea,162,106
Swansea,185,106
Bangor,62,106
Newport,149,106
Swansea,98,106
Swansea,70,106
Cardiff,179,106
Newport,4,106
Newport,109,106
Bangor,46,106
Cardiff,43,106
Swansea,117,106
Newport,184,106
Cardiff,13,106
Bangor,95,106
Cardiff,35,106
Newport,49,106
Bangor,173,106
Swansea,13,106
Cardiff,161,106
Newport,185,106
Cardiff,80,106
Cardiff,19,106
Newport,124,106
Swansea,192,106
Newport,29,106
Swansea,50,106
Cardiff,146,106
Bangor,152,106
Newport,39,106
Swansea,96,106
Bangor,136,106
Cardiff,97,106
Newport,26,106
Cardiff,118,106
Newport,110,106
Cardiff,185,106
Swansea,75,106
Newport,109,106
Cardiff,133,106
Cardiff,90,106
Newport,97,106
Cardiff,174,106
Swansea,156,106
Cardiff,170,106
Bangor,61,106
Cardiff,90,106
Cardiff,75,106
Swansea,79,106
Cardiff,173,106
Swansea,144,106
Newport,90,106
Bangor,0,106
Newport,63,106
Bangor,67,106
Bangor,65,106
Swansea,72,106
Cardiff,2,106
Bangor,60,106
Cardiff,6,106
Bangor,127,106
Newport,86,106
Cardiff,189,106
Newport,93,106
Swansea,180,106
Newport,110,106
Bangor,77,106
Newport,109,106
Bangor,161,106
