City,Quantity,Product_Code
Swansea,91,42
Newport,42,42
Swansea,200,42
Bangor,33,42
Bangor,101,42
Newport,77,42
Cardiff,178,42
Cardiff,149,42
Cardiff,164,42
Bangor,128,42
Bangor,116,42
Swansea,187,42
Newport,26,42
Cardiff,160,42
Cardiff,115,42
Swansea,60,42
Swansea,29,42
Swansea,134,42
Swansea,62,42
Swansea,41,42
Swansea,193,42
Swansea,135,42
Bangor,66,42
Swansea,197,42
Cardiff,34,42
Bangor,159,42
Swansea,157,42
Newport,186,42
Cardiff,115,42
Swansea,147,42
Swansea,143,42
Swansea,183,42
Bangor,171,42
Swansea,8,42
Bangor,133,42
Bangor,151,42
Newport,90,42
Bangor,4,42
Bangor,27,42
Bangor,144,42
Bangor,38,42
Bangor,23,42
Cardiff,93,42
Bangor,88,42
Cardiff,41,42
Bangor,0,42
Cardiff,161,42
Swansea,118,42
Cardiff,186,42
Newport,14,42
Swansea,31,42
Bangor,103,42
Newport,86,42
Swansea,111,42
Bangor,180,42
Bangor,200,42
Newport,97,42
Swansea,17,42
Cardiff,177,42
Cardiff,172,42
Swansea,70,42
Bangor,92,42
Swansea,5,42
Bangor,148,42
Bangor,125,42
Newport,177,42
Newport,151,42
Bangor,3,42
Newport,161,42
Swansea,49,42
Swansea,45,42
Bangor,135,42
Newport,41,42
Newport,173,42
Newport,151,42
Newport,117,42
Cardiff,184,42
Newport,166,42
Bangor,165,42
Swansea,5,42
Cardiff,23,42
Swansea,22,42
Cardiff,71,42
Bangor,125,42
Swansea,102,42
Swansea,30,42
Newport,188,42
Bangor,94,42
Newport,140,42
Swansea,151,42
Bangor,2,42
Swansea,123,42
Bangor,24,42
Bangor,78,42
Cardiff,189,42
Bangor,57,42
Swansea,114,42
Cardiff,60,42
Swansea,41,42
Bangor,200,42
Bangor,106,42
Newport,68,42
Bangor,157,42
Newport,76,42
Newport,156,42
Cardiff,177,42
Bangor,150,42
Bangor,108,42
Swansea,56,42
Newport,3,42
Swansea,27,42
Bangor,172,42
Newport,32,42
Bangor,58,42
Cardiff,137,42
Bangor,27,42
Newport,48,42
Bangor,5,42
Bangor,25,42
Swansea,190,42
Newport,121,42
Newport,199,42
Cardiff,197,42
Newport,181,42
Bangor,60,42
Cardiff,25,42
Swansea,94,42
Swansea,125,42
Swansea,175,42
Bangor,110,42
Swansea,109,42
Bangor,193,42
Bangor,152,42
Newport,166,42
Bangor,187,42
Bangor,183,42
Bangor,14,42
Cardiff,70,42
Bangor,134,42
Bangor,53,42
Cardiff,59,42
Newport,37,42
Swansea,15,42
Cardiff,22,42
Swansea,19,42
Cardiff,200,42
Newport,52,42
Swansea,167,42
Newport,128,42
Cardiff,62,42
Swansea,191,42
Newport,64,42
Swansea,34,42
Cardiff,29,42
Bangor,3,42
Bangor,141,42
Swansea,142,42
Swansea,156,42
Bangor,23,42
Newport,122,42
Swansea,176,42
Cardiff,12,42
Newport,197,42
Cardiff,161,42
Swansea,152,42
Newport,196,42
Newport,70,42
Newport,105,42
Cardiff,7,42
Cardiff,126,42
Cardiff,193,42
Cardiff,146,42
Newport,2,42
Bangor,58,42
Cardiff,36,42
Bangor,69,42
Newport,182,42
Swansea,169,42
Swansea,52,42
Swansea,18,42
Bangor,12,42
Newport,38,42
Cardiff,98,42
Swansea,120,42
Swansea,21,42
Cardiff,19,42
Cardiff,171,42
Newport,63,42
Newport,159,42
Cardiff,185,42
Bangor,106,42
Cardiff,186,42
Bangor,174,42
Newport,47,42
Newport,122,42
Bangor,70,42
Cardiff,20,42
Bangor,130,42
Bangor,133,42
Cardiff,135,42
Cardiff,185,42
Cardiff,11,42
Cardiff,134,42
Swansea,100,42
Bangor,99,42
Cardiff,165,42
Cardiff,89,42
Swansea,90,42
Newport,89,42
Cardiff,199,42
Cardiff,125,42
Swansea,44,42
Bangor,48,42
Swansea,152,42
Bangor,44,42
Bangor,87,42
Bangor,176,42
Bangor,78,42
Cardiff,83,42
Newport,192,42
Newport,193,42
Swansea,79,42
Swansea,5,42
Cardiff,95,42
Newport,51,42
Bangor,116,42
Bangor,37,42
Newport,86,42
Swansea,47,42
Cardiff,58,42
Bangor,76,42
Bangor,143,42
Bangor,150,42
Newport,128,42
Bangor,111,42
Newport,74,42
Newport,21,42
Swansea,25,42
Swansea,176,42
Newport,88,42
Newport,29,42
Newport,94,42
Newport,156,42
Bangor,158,42
Cardiff,65,42
Swansea,189,42
Cardiff,58,42
Newport,65,42
Swansea,97,42
Swansea,194,42
Newport,200,42
