City,Quantity,Product_Code
Swansea,102,116
Newport,31,116
Swansea,2,116
Newport,27,116
Newport,139,116
Swansea,160,116
Newport,168,116
Swansea,79,116
Cardiff,198,116
Newport,8,116
Swansea,194,116
Swansea,51,116
Cardiff,39,116
Newport,41,116
Bangor,108,116
Swansea,116,116
Bangor,25,116
Cardiff,114,116
Swansea,63,116
Newport,2,116
Swansea,67,116
Swansea,149,116
Newport,170,116
Swansea,124,116
Newport,146,116
Swansea,144,116
Bangor,90,116
Newport,127,116
Cardiff,71,116
Bangor,149,116
Newport,145,116
Newport,116,116
Swansea,170,116
Cardiff,170,116
Bangor,91,116
Swansea,43,116
Bangor,117,116
Swansea,167,116
Swansea,131,116
Bangor,198,116
Bangor,55,116
Swansea,67,116
Bangor,79,116
Bangor,13,116
Swansea,155,116
Bangor,58,116
Cardiff,171,116
Swansea,122,116
Cardiff,36,116
Bangor,194,116
Cardiff,109,116
Swansea,171,116
Swansea,93,116
Bangor,57,116
Cardiff,45,116
Newport,77,116
Cardiff,171,116
Cardiff,158,116
Cardiff,138,116
Newport,165,116
Bangor,104,116
Cardiff,162,116
Bangor,123,116
Swansea,87,116
Swansea,178,116
Newport,78,116
Cardiff,87,116
Newport,196,116
Swansea,188,116
Newport,64,116
Bangor,98,116
Cardiff,134,116
Cardiff,55,116
Newport,1,116
Swansea,79,116
Bangor,18,116
Newport,195,116
Swansea,98,116
Bangor,89,116
Bangor,91,116
Cardiff,104,116
Cardiff,27,116
Bangor,131,116
Swansea,192,116
Cardiff,195,116
Newport,192,116
Swansea,21,116
Swansea,101,116
Bangor,94,116
Cardiff,50,116
Newport,79,116
Cardiff,175,116
Cardiff,116,116
Bangor,42,116
Cardiff,80,116
Cardiff,6,116
Swansea,170,116
Bangor,6,116
Swansea,105,116
Swansea,188,116
Swansea,120,116
Bangor,17,116
Newport,63,116
Bangor,5,116
Bangor,9,116
Cardiff,79,116
Bangor,180,116
Cardiff,195,116
Newport,7,116
Swansea,33,116
Swansea,31,116
Cardiff,39,116
Cardiff,13,116
Swansea,195,116
Newport,12,116
Newport,89,116
Newport,95,116
Newport,89,116
Bangor,53,116
Newport,188,116
Cardiff,187,116
Cardiff,124,116
Newport,0,116
Swansea,96,116
Newport,131,116
Newport,3,116
Swansea,79,116
Cardiff,187,116
Bangor,69,116
Swansea,148,116
Swansea,16,116
Cardiff,111,116
Cardiff,34,116
Cardiff,133,116
Bangor,81,116
Bangor,70,116
Newport,78,116
Bangor,85,116
Swansea,86,116
Bangor,111,116
Newport,13,116
Newport,173,116
Newport,136,116
Bangor,75,116
Swansea,52,116
Cardiff,76,116
Bangor,103,116
Bangor,23,116
Newport,113,116
Swansea,9,116
Swansea,27,116
Swansea,104,116
Newport,23,116
Bangor,191,116
Bangor,26,116
Swansea,65,116
Cardiff,11,116
Cardiff,43,116
Bangor,171,116
Swansea,44,116
Newport,159,116
Bangor,36,116
Cardiff,147,116
Cardiff,49,116
Newport,68,116
Newport,57,116
Swansea,133,116
Swansea,20,116
Swansea,193,116
Swansea,107,116
Swansea,183,116
Newport,60,116
Bangor,103,116
Newport,118,116
Bangor,3,116
Newport,81,116
Bangor,153,116
Swansea,98,116
Bangor,125,116
Cardiff,2,116
Bangor,126,116
Cardiff,160,116
Newport,194,116
Newport,61,116
Bangor,80,116
Swansea,73,116
Bangor,69,116
Swansea,50,116
Newport,200,116
Cardiff,36,116
Swansea,9,116
Cardiff,162,116
Bangor,85,116
Cardiff,175,116
Newport,151,116
Cardiff,17,116
Newport,86,116
Newport,167,116
Newport,107,116
Bangor,86,116
Cardiff,119,116
Swansea,59,116
Cardiff,32,116
Cardiff,186,116
Newport,81,116
Swansea,140,116
Bangor,58,116
Cardiff,38,116
Swansea,188,116
Swansea,182,116
Newport,18,116
Swansea,39,116
Swansea,17,116
Swansea,158,116
Cardiff,6,116
Swansea,122,116
Swansea,128,116
Bangor,68,116
Cardiff,57,116
Newport,106,116
Swansea,159,116
Newport,33,116
Newport,58,116
Newport,190,116
Newport,127,116
Bangor,15,116
Newport,3,116
Newport,116,116
Bangor,13,116
Cardiff,55,116
Newport,117,116
Newport,84,116
Newport,91,116
Swansea,71,116
Bangor,165,116
Newport,98,116
Bangor,129,116
Newport,0,116
Newport,142,116
Newport,108,116
Swansea,79,116
Cardiff,194,116
Bangor,23,116
Swansea,18,116
Bangor,138,116
Cardiff,50,116
Newport,35,116
Cardiff,13,116
Swansea,26,116
Cardiff,149,116
Bangor,91,116
