City,Quantity,Product_Code
Newport,197,63
Cardiff,117,63
Bangor,61,63
Swansea,105,63
Cardiff,150,63
Newport,126,63
Cardiff,170,63
Cardiff,22,63
Swansea,16,63
Bangor,151,63
Newport,110,63
Cardiff,164,63
Newport,106,63
Bangor,78,63
Cardiff,169,63
Swansea,47,63
Swansea,77,63
Newport,130,63
Cardiff,60,63
Bangor,66,63
Newport,150,63
Swansea,121,63
Cardiff,114,63
Bangor,75,63
Newport,73,63
Swansea,155,63
Swansea,82,63
Newport,4,63
Cardiff,52,63
Swansea,40,63
Swansea,179,63
Cardiff,112,63
Newport,113,63
Bangor,21,63
Newport,157,63
Newport,70,63
Newport,41,63
Cardiff,29,63
Bangor,66,63
Swansea,190,63
Swansea,74,63
Newport,88,63
Bangor,117,63
Newport,131,63
Swansea,54,63
Bangor,21,63
Swansea,22,63
Swansea,8,63
Newport,197,63
Swansea,199,63
Bangor,74,63
Bangor,105,63
Bangor,35,63
Newport,95,63
Newport,70,63
Swansea,41,63
Cardiff,167,63
Cardiff,105,63
Bangor,4,63
Bangor,155,63
Swansea,88,63
Bangor,77,63
Newport,37,63
Newport,55,63
Newport,44,63
Newport,192,63
Newport,191,63
Newport,198,63
Cardiff,102,63
Newport,114,63
Cardiff,12,63
Bangor,5,63
Bangor,113,63
Bangor,196,63
Newport,161,63
Newport,164,63
Newport,173,63
Newport,68,63
Bangor,82,63
Bangor,37,63
Bangor,143,63
Cardiff,134,63
Bangor,91,63
Bangor,89,63
Newport,108,63
Swansea,61,63
Bangor,17,63
Bangor,196,63
Cardiff,87,63
Bangor,61,63
Cardiff,83,63
Cardiff,125,63
Swansea,52,63
Swansea,153,63
Swansea,177,63
Cardiff,56,63
Newport,180,63
Swansea,77,63
Bangor,149,63
Bangor,35,63
Swansea,10,63
Newport,164,63
Newport,182,63
Newport,47,63
Newport,113,63
Newport,164,63
Bangor,39,63
Swansea,142,63
Swansea,105,63
Newport,193,63
Swansea,138,63
Swansea,113,63
Bangor,172,63
Swansea,199,63
Cardiff,165,63
Newport,192,63
Bangor,55,63
Cardiff,40,63
Cardiff,161,63
Swansea,142,63
Swansea,149,63
Swansea,157,63
Cardiff,53,63
Bangor,158,63
Newport,182,63
Bangor,105,63
Bangor,168,63
Newport,84,63
Newport,10,63
Swansea,165,63
Cardiff,120,63
Cardiff,188,63
Cardiff,103,63
Swansea,52,63
Swansea,185,63
Newport,109,63
Swansea,162,63
Newport,182,63
Newport,51,63
Swansea,24,63
Bangor,0,63
Bangor,174,63
Swansea,67,63
Bangor,156,63
Newport,99,63
Swansea,7,63
Cardiff,177,63
Newport,30,63
Bangor,101,63
Cardiff,141,63
Bangor,91,63
Swansea,168,63
Newport,31,63
Bangor,89,63
Swansea,199,63
Newport,21,63
Swansea,37,63
Swansea,66,63
Newport,171,63
Cardiff,192,63
Swansea,71,63
Swansea,187,63
Swansea,76,63
Swansea,112,63
Newport,20,63
Cardiff,16,63
Swansea,156,63
Cardiff,70,63
Cardiff,75,63
Swansea,0,63
Newport,164,63
Bangor,137,63
Cardiff,165,63
Swansea,70,63
Bangor,165,63
Bangor,188,63
Cardiff,40,63
Swansea,188,63
Swansea,36,63
Bangor,198,63
Swansea,135,63
Newport,153,63
Swansea,68,63
Cardiff,168,63
Newport,188,63
Swansea,7,63
Newport,81,63
Newport,40,63
Bangor,94,63
Newport,198,63
Bangor,4,63
Bangor,60,63
Swansea,96,63
Cardiff,8,63
Swansea,113,63
Cardiff,44,63
Cardiff,38,63
Cardiff,165,63
Newport,76,63
Swansea,175,63
Newport,145,63
Newport,120,63
Newport,173,63
Cardiff,52,63
Bangor,86,63
Cardiff,4,63
Bangor,119,63
Newport,45,63
Cardiff,49,63
Cardiff,135,63
Newport,104,63
Cardiff,7,63
Bangor,94,63
Bangor,52,63
Bangor,107,63
Cardiff,131,63
Cardiff,7,63
Swansea,147,63
Newport,14,63
Cardiff,146,63
Cardiff,79,63
Newport,132,63
Newport,31,63
Cardiff,159,63
Newport,123,63
Swansea,22,63
Cardiff,78,63
Swansea,46,63
Swansea,124,63
Bangor,143,63
Bangor,23,63
Newport,135,63
Cardiff,65,63
Swansea,72,63
Swansea,67,63
Swansea,130,63
Bangor,191,63
Cardiff,8,63
Newport,195,63
Bangor,35,63
Bangor,153,63
Swansea,133,63
Cardiff,199,63
Bangor,54,63
Swansea,100,63
Newport,116,63
Newport,107,63
Swansea,180,63
Cardiff,47,63
Newport,45,63
Swansea,110,63
