City,Quantity,Product_Code
Bangor,90,49
Cardiff,101,49
Swansea,145,49
Bangor,141,49
Swansea,106,49
Bangor,85,49
Newport,95,49
Bangor,59,49
Cardiff,130,49
Swansea,171,49
Swansea,29,49
Bangor,28,49
Bangor,130,49
Swansea,166,49
Newport,52,49
Swansea,21,49
Cardiff,28,49
Newport,138,49
Bangor,88,49
Cardiff,160,49
Swansea,89,49
Cardiff,45,49
Swansea,141,49
Cardiff,173,49
Swansea,96,49
Swansea,124,49
Cardiff,154,49
Bangor,175,49
Swansea,107,49
Cardiff,158,49
Swansea,115,49
Swansea,90,49
Bangor,27,49
Cardiff,167,49
Swansea,151,49
Cardiff,151,49
Cardiff,97,49
Cardiff,71,49
Swansea,85,49
Swansea,105,49
Bangor,172,49
Newport,182,49
Cardiff,142,49
Bangor,89,49
Bangor,167,49
Newport,150,49
Bangor,41,49
Newport,129,49
Cardiff,83,49
Bangor,139,49
Bangor,178,49
Cardiff,10,49
Bangor,7,49
Bangor,158,49
Newport,2,49
Newport,113,49
Bangor,164,49
Cardiff,113,49
Swansea,48,49
Newport,98,49
Cardiff,48,49
Newport,125,49
Bangor,79,49
Newport,173,49
Swansea,11,49
Bangor,184,49
Swansea,6,49
Swansea,183,49
Newport,13,49
Swansea,29,49
Swansea,59,49
Bangor,156,49
Bangor,188,49
Cardiff,101,49
Cardiff,131,49
Newport,168,49
Cardiff,190,49
Cardiff,63,49
Swansea,143,49
Newport,51,49
Bangor,96,49
Cardiff,139,49
Swansea,83,49
Newport,134,49
Swansea,47,49
Newport,109,49
Swansea,108,49
Cardiff,120,49
Bangor,70,49
Bangor,128,49
Newport,70,49
Newport,193,49
Cardiff,21,49
Bangor,124,49
Swansea,162,49
Cardiff,24,49
Newport,54,49
Swansea,143,49
Newport,52,49
Cardiff,7,49
Cardiff,87,49
Cardiff,135,49
Bangor,165,49
Bangor,76,49
Cardiff,116,49
Newport,76,49
Cardiff,152,49
Newport,185,49
Bangor,134,49
Newport,98,49
Swansea,112,49
Bangor,137,49
Bangor,116,49
Swansea,16,49
Newport,31,49
Bangor,124,49
Swansea,11,49
Bangor,167,49
Bangor,55,49
Newport,53,49
Bangor,184,49
Cardiff,41,49
Swansea,97,49
Swansea,174,49
Cardiff,136,49
Newport,181,49
Newport,197,49
Cardiff,27,49
Swansea,120,49
Swansea,167,49
Newport,50,49
Bangor,79,49
Swansea,23,49
Newport,112,49
Newport,56,49
Bangor,14,49
Bangor,105,49
Bangor,174,49
Bangor,168,49
Bangor,163,49
Cardiff,1,49
Newport,178,49
Cardiff,22,49
Bangor,1,49
Newport,9,49
Bangor,26,49
Bangor,87,49
Swansea,164,49
Cardiff,127,49
Bangor,22,49
Bangor,145,49
Newport,4,49
Newport,149,49
Cardiff,153,49
Swansea,28,49
Swansea,2,49
Newport,96,49
Newport,187,49
Swansea,135,49
Cardiff,12,49
Cardiff,154,49
Bangor,96,49
Bangor,130,49
Bangor,3,49
Bangor,50,49
Newport,24,49
Newport,162,49
Cardiff,79,49
Cardiff,34,49
Newport,188,49
Bangor,129,49
Newport,47,49
Bangor,37,49
Newport,127,49
Newport,30,49
Bangor,196,49
Swansea,179,49
Newport,9,49
Cardiff,129,49
Bangor,7,49
Cardiff,140,49
Swansea,49,49
Cardiff,36,49
Newport,127,49
Cardiff,159,49
Newport,89,49
Bangor,122,49
Bangor,198,49
Bangor,36,49
Swansea,14,49
Bangor,1,49
Swansea,144,49
Newport,75,49
Cardiff,141,49
Bangor,189,49
Bangor,107,49
Bangor,37,49
Bangor,5,49
Bangor,88,49
Bangor,57,49
Newport,199,49
Bangor,188,49
Bangor,94,49
Cardiff,114,49
Bangor,5,49
Newport,45,49
Swansea,110,49
Cardiff,40,49
Newport,123,49
Swansea,199,49
Swansea,121,49
Newport,151,49
Bangor,71,49
Bangor,176,49
Bangor,136,49
Cardiff,68,49
Bangor,72,49
Cardiff,160,49
Newport,51,49
Swansea,36,49
Newport,150,49
Bangor,44,49
Newport,113,49
Swansea,186,49
Bangor,3,49
Newport,112,49
Bangor,171,49
Bangor,168,49
Cardiff,41,49
Newport,199,49
Cardiff,143,49
Swansea,191,49
Cardiff,124,49
Bangor,135,49
Bangor,55,49
Newport,105,49
Bangor,189,49
Newport,44,49
Cardiff,130,49
Cardiff,119,49
Swansea,44,49
Cardiff,170,49
Newport,39,49
Cardiff,114,49
Cardiff,117,49
Cardiff,31,49
Cardiff,107,49
Bangor,129,49
Newport,23,49
Bangor,18,49
Bangor,183,49
