City,Quantity,Product_Code
Bangor,198,176
Newport,170,176
Bangor,194,176
Bangor,32,176
Newport,96,176
Bangor,163,176
Bangor,80,176
Swansea,12,176
Cardiff,124,176
Cardiff,146,176
Swansea,180,176
Bangor,28,176
Swansea,198,176
Swansea,170,176
Bangor,28,176
Cardiff,40,176
Swansea,199,176
Cardiff,123,176
Cardiff,41,176
Cardiff,42,176
Newport,20,176
Bangor,116,176
Bangor,61,176
Cardiff,196,176
Newport,136,176
Newport,125,176
Cardiff,84,176
Cardiff,73,176
Swansea,198,176
Swansea,162,176
Newport,138,176
Newport,114,176
Newport,145,176
Swansea,106,176
Newport,11,176
Newport,47,176
Cardiff,186,176
Cardiff,42,176
Swansea,27,176
Swansea,8,176
Swansea,76,176
Cardiff,76,176
Cardiff,53,176
Bangor,66,176
Swansea,32,176
Cardiff,149,176
Cardiff,95,176
Bangor,48,176
Newport,69,176
Swansea,76,176
Newport,87,176
Newport,10,176
Cardiff,102,176
Cardiff,86,176
Bangor,39,176
Newport,71,176
Cardiff,125,176
Newport,62,176
Swansea,20,176
Cardiff,35,176
Bangor,122,176
Swansea,47,176
Newport,196,176
Newport,56,176
Cardiff,43,176
Newport,174,176
Bangor,174,176
Newport,160,176
Bangor,39,176
Bangor,150,176
Newport,28,176
Swansea,116,176
Cardiff,12,176
Bangor,126,176
Newport,125,176
Swansea,200,176
Cardiff,62,176
Bangor,27,176
Cardiff,62,176
Newport,20,176
Cardiff,148,176
Bangor,107,176
Cardiff,185,176
Bangor,27,176
Cardiff,187,176
Swansea,121,176
Newport,4,176
Swansea,88,176
Swansea,60,176
Newport,99,176
Cardiff,192,176
Newport,174,176
Cardiff,42,176
Swansea,103,176
Newport,64,176
Bangor,172,176
Bangor,107,176
Cardiff,127,176
Cardiff,140,176
Bangor,59,176
Cardiff,9,176
Swansea,32,176
Swansea,79,176
Cardiff,100,176
Swansea,94,176
Bangor,162,176
Cardiff,85,176
Newport,13,176
Swansea,139,176
Newport,73,176
Swansea,30,176
Newport,105,176
Bangor,19,176
Newport,110,176
Bangor,18,176
Swansea,82,176
Newport,2,176
Bangor,125,176
Cardiff,193,176
Bangor,145,176
Cardiff,88,176
Bangor,48,176
Bangor,126,176
Cardiff,108,176
Bangor,44,176
Swansea,198,176
Bangor,68,176
Swansea,17,176
Swansea,84,176
Bangor,55,176
Cardiff,36,176
Bangor,181,176
Newport,105,176
Newport,74,176
Swansea,99,176
Newport,70,176
Bangor,49,176
Newport,109,176
Bangor,146,176
Bangor,94,176
Newport,173,176
Newport,187,176
Swansea,175,176
Newport,8,176
Cardiff,199,176
Newport,21,176
Cardiff,193,176
Bangor,189,176
Newport,50,176
Cardiff,197,176
Cardiff,189,176
Bangor,66,176
Newport,79,176
Bangor,1,176
Bangor,164,176
Swansea,96,176
Cardiff,163,176
Bangor,170,176
Newport,79,176
Cardiff,200,176
Cardiff,119,176
Newport,67,176
Cardiff,69,176
Cardiff,0,176
Swansea,27,176
Cardiff,3,176
Cardiff,108,176
Cardiff,71,176
Swansea,190,176
Bangor,138,176
Bangor,57,176
Swansea,28,176
Swansea,113,176
Cardiff,101,176
Bangor,193,176
Cardiff,182,176
Cardiff,88,176
Bangor,33,176
Cardiff,85,176
Cardiff,31,176
Bangor,29,176
Swansea,2,176
Bangor,176,176
Cardiff,150,176
Swansea,121,176
Cardiff,189,176
Swansea,6,176
Newport,144,176
Newport,21,176
Newport,102,176
Cardiff,52,176
Swansea,184,176
Swansea,28,176
Swansea,94,176
Cardiff,183,176
Bangor,12,176
Bangor,141,176
Swansea,89,176
Bangor,93,176
Newport,138,176
Newport,145,176
Cardiff,10,176
Bangor,133,176
Cardiff,163,176
Newport,90,176
Newport,171,176
Bangor,152,176
Swansea,127,176
Bangor,99,176
Newport,138,176
Newport,119,176
Bangor,150,176
Cardiff,158,176
Cardiff,116,176
Cardiff,39,176
Swansea,167,176
Bangor,99,176
Newport,30,176
Newport,200,176
Bangor,128,176
Bangor,57,176
Bangor,10,176
Bangor,151,176
Bangor,58,176
Newport,124,176
Swansea,190,176
Swansea,160,176
Newport,92,176
Newport,183,176
Swansea,50,176
Swansea,171,176
Cardiff,199,176
Cardiff,5,176
Swansea,12,176
Swansea,63,176
Cardiff,46,176
Cardiff,97,176
Swansea,184,176
Bangor,174,176
Newport,32,176
Bangor,151,176
Cardiff,91,176
Cardiff,177,176
Bangor,46,176
Newport,37,176
Cardiff,121,176
Newport,196,176
Cardiff,167,176
Newport,113,176
Bangor,11,176
Cardiff,105,176
