City,Quantity,Product_Code
Newport,33,173
Bangor,14,173
Bangor,159,173
Newport,129,173
Swansea,143,173
Bangor,198,173
Cardiff,51,173
Bangor,126,173
Cardiff,23,173
Bangor,159,173
Newport,7,173
Newport,1,173
Swansea,143,173
Bangor,182,173
Swansea,158,173
Cardiff,180,173
Bangor,108,173
Swansea,25,173
Swansea,122,173
Bangor,14,173
Swansea,87,173
Cardiff,191,173
Newport,16,173
Cardiff,194,173
Cardiff,51,173
Bangor,95,173
Swansea,156,173
Newport,105,173
Cardiff,133,173
Swansea,56,173
Swansea,39,173
Bangor,66,173
Newport,84,173
Newport,103,173
Cardiff,48,173
Cardiff,28,173
Cardiff,185,173
Bangor,135,173
Newport,106,173
Newport,63,173
Swansea,57,173
Bangor,185,173
Cardiff,145,173
Cardiff,69,173
Swansea,180,173
Swansea,16,173
Swansea,52,173
Swansea,82,173
Newport,169,173
Newport,54,173
Swansea,10,173
Cardiff,118,173
Cardiff,186,173
Swansea,9,173
Swansea,71,173
Newport,42,173
Newport,143,173
Swansea,197,173
Newport,122,173
Bangor,64,173
Cardiff,145,173
Swansea,155,173
Newport,10,173
Cardiff,185,173
Bangor,68,173
Newport,111,173
Swansea,6,173
Newport,91,173
Swansea,97,173
Bangor,96,173
Cardiff,67,173
Cardiff,18,173
Swansea,95,173
Bangor,151,173
Cardiff,148,173
Cardiff,107,173
Cardiff,51,173
Cardiff,162,173
Cardiff,94,173
Newport,148,173
Bangor,12,173
Cardiff,167,173
Newport,197,173
Cardiff,2,173
Bangor,93,173
Swansea,91,173
Swansea,132,173
Swansea,13,173
Newport,58,173
Cardiff,95,173
Cardiff,24,173
Swansea,87,173
Swansea,125,173
Newport,87,173
Swansea,23,173
Cardiff,191,173
Bangor,133,173
Cardiff,14,173
Bangor,118,173
Newport,198,173
Swansea,194,173
Swansea,182,173
Swansea,102,173
Cardiff,181,173
Bangor,163,173
Newport,149,173
Bangor,33,173
Newport,68,173
Bangor,30,173
Bangor,19,173
Bangor,158,173
Newport,116,173
Bangor,54,173
Cardiff,158,173
Newport,52,173
Cardiff,3,173
Newport,76,173
Swansea,74,173
Newport,69,173
Newport,8,173
Bangor,57,173
Newport,97,173
Newport,143,173
Bangor,44,173
Bangor,183,173
Bangor,145,173
Newport,172,173
Bangor,109,173
Swansea,73,173
Swansea,70,173
Newport,134,173
Bangor,139,173
Cardiff,199,173
Swansea,82,173
Swansea,87,173
Cardiff,72,173
Cardiff,36,173
Newport,171,173
Bangor,59,173
Cardiff,36,173
Cardiff,7,173
Cardiff,48,173
Bangor,61,173
Cardiff,101,173
Bangor,60,173
Newport,18,173
Newport,128,173
Cardiff,78,173
Newport,45,173
Bangor,182,173
Cardiff,182,173
Bangor,80,173
Swansea,68,173
Bangor,109,173
Swansea,93,173
Cardiff,55,173
Newport,52,173
Swansea,178,173
Newport,196,173
Swansea,178,173
Bangor,83,173
Newport,47,173
Newport,58,173
Bangor,169,173
Bangor,169,173
Cardiff,58,173
Newport,25,173
Cardiff,44,173
Bangor,13,173
Cardiff,189,173
Bangor,113,173
Newport,42,173
Cardiff,49,173
Newport,131,173
Cardiff,80,173
Bangor,168,173
Swansea,28,173
Newport,161,173
Bangor,92,173
Cardiff,15,173
Bangor,127,173
Bangor,140,173
Swansea,126,173
Newport,120,173
Swansea,34,173
Newport,163,173
Cardiff,68,173
Newport,2,173
Swansea,75,173
Swansea,118,173
Swansea,0,173
Newport,77,173
Bangor,8,173
Newport,138,173
Cardiff,101,173
Bangor,150,173
Swansea,25,173
Swansea,36,173
Cardiff,45,173
Bangor,108,173
Newport,170,173
Cardiff,174,173
Cardiff,150,173
Bangor,39,173
Swansea,24,173
Swansea,124,173
Cardiff,76,173
Newport,104,173
Swansea,39,173
Bangor,16,173
Cardiff,59,173
Bangor,75,173
Newport,195,173
Swansea,153,173
Newport,77,173
Newport,198,173
Swansea,91,173
Bangor,115,173
Newport,140,173
Bangor,66,173
Newport,188,173
Cardiff,159,173
Swansea,137,173
Swansea,1,173
Cardiff,3,173
Bangor,5,173
Cardiff,73,173
Newport,144,173
Cardiff,137,173
Cardiff,5,173
Newport,63,173
Newport,143,173
Bangor,1,173
Swansea,45,173
Bangor,65,173
Swansea,108,173
Cardiff,163,173
Newport,11,173
Swansea,74,173
Newport,71,173
Cardiff,71,173
Cardiff,128,173
Cardiff,116,173
Cardiff,24,173
Newport,136,173
Cardiff,12,173
Swansea,176,173
Bangor,129,173
Swansea,166,173
Swansea,2,173
Bangor,188,173
