City,Quantity,Product_Code
Cardiff,2,58
Newport,145,58
Newport,32,58
Bangor,39,58
Cardiff,12,58
Newport,44,58
Newport,21,58
Swansea,192,58
Cardiff,112,58
Bangor,176,58
Newport,186,58
Newport,42,58
Swansea,175,58
Cardiff,111,58
Bangor,100,58
Cardiff,61,58
Swansea,64,58
Swansea,193,58
Newport,169,58
Newport,169,58
Bangor,180,58
Swansea,165,58
Cardiff,197,58
Bangor,142,58
Cardiff,162,58
Cardiff,144,58
Cardiff,99,58
Bangor,67,58
Bangor,15,58
Cardiff,172,58
Cardiff,69,58
Newport,32,58
Cardiff,116,58
Bangor,50,58
Bangor,115,58
Newport,129,58
Cardiff,171,58
Newport,165,58
Newport,28,58
Newport,50,58
Cardiff,193,58
Newport,48,58
Cardiff,52,58
Bangor,59,58
Newport,178,58
Swansea,33,58
Cardiff,91,58
Cardiff,181,58
Newport,122,58
Bangor,161,58
Cardiff,73,58
Swansea,131,58
Bangor,17,58
Swansea,161,58
Newport,167,58
Swansea,197,58
Cardiff,138,58
Cardiff,74,58
Bangor,6,58
Bangor,118,58
Cardiff,144,58
Swansea,11,58
Cardiff,136,58
Cardiff,148,58
Newport,97,58
Newport,62,58
Newport,124,58
Bangor,15,58
Cardiff,114,58
Swansea,66,58
Newport,181,58
Newport,82,58
Newport,154,58
Newport,20,58
Newport,30,58
Newport,194,58
Bangor,159,58
Cardiff,75,58
Newport,157,58
Cardiff,102,58
Swansea,81,58
Cardiff,72,58
Bangor,91,58
Cardiff,42,58
Swansea,68,58
Cardiff,26,58
Bangor,49,58
Newport,33,58
Newport,169,58
Cardiff,200,58
Newport,87,58
Swansea,136,58
Bangor,66,58
Newport,154,58
Cardiff,168,58
Swansea,160,58
Cardiff,101,58
Bangor,187,58
Newport,195,58
Newport,4,58
Cardiff,28,58
Swansea,139,58
Swansea,97,58
Cardiff,146,58
Newport,142,58
Newport,166,58
Newport,184,58
Bangor,87,58
Cardiff,137,58
Newport,131,58
Newport,50,58
Bangor,189,58
Bangor,142,58
Bangor,136,58
Cardiff,140,58
Cardiff,147,58
Swansea,155,58
Swansea,181,58
Swansea,30,58
Bangor,7,58
Cardiff,131,58
Newport,43,58
Bangor,126,58
Swansea,99,58
Cardiff,161,58
Newport,198,58
Cardiff,125,58
Newport,192,58
Swansea,145,58
Newport,81,58
Newport,146,58
Bangor,66,58
Newport,108,58
Swansea,163,58
Cardiff,152,58
Cardiff,159,58
Bangor,144,58
Bangor,63,58
Swansea,177,58
Cardiff,196,58
Bangor,69,58
Bangor,194,58
Bangor,34,58
Swansea,171,58
Cardiff,109,58
Newport,8,58
Cardiff,180,58
Bangor,37,58
Cardiff,84,58
Newport,147,58
Newport,156,58
Bangor,177,58
Newport,41,58
Newport,95,58
Newport,179,58
Cardiff,121,58
Swansea,40,58
Cardiff,125,58
Bangor,59,58
Bangor,96,58
Bangor,177,58
Newport,43,58
Cardiff,187,58
Swansea,1,58
Bangor,132,58
Bangor,186,58
Swansea,137,58
Swansea,68,58
Cardiff,133,58
Newport,117,58
Bangor,167,58
Bangor,88,58
Bangor,114,58
Cardiff,163,58
Newport,59,58
Swansea,173,58
Newport,197,58
Bangor,107,58
Newport,80,58
Newport,140,58
Cardiff,18,58
Newport,165,58
Swansea,132,58
Swansea,33,58
Bangor,133,58
Newport,24,58
Newport,66,58
Newport,170,58
Cardiff,178,58
Swansea,8,58
Newport,135,58
Newport,91,58
Cardiff,81,58
Bangor,18,58
Swansea,122,58
Swansea,53,58
Newport,149,58
Cardiff,78,58
Cardiff,110,58
Swansea,112,58
Bangor,120,58
Cardiff,68,58
Swansea,19,58
Cardiff,63,58
Swansea,191,58
Swansea,136,58
Cardiff,108,58
Swansea,107,58
Bangor,55,58
Cardiff,193,58
Newport,25,58
Cardiff,182,58
Swansea,94,58
Swansea,69,58
Swansea,58,58
Bangor,5,58
Bangor,60,58
Newport,80,58
Newport,181,58
Cardiff,4,58
Cardiff,36,58
Cardiff,119,58
Cardiff,175,58
Swansea,182,58
Swansea,52,58
Cardiff,0,58
Swansea,84,58
Cardiff,42,58
Bangor,180,58
Swansea,35,58
Newport,184,58
Cardiff,160,58
Newport,183,58
Cardiff,29,58
Cardiff,122,58
Newport,196,58
Bangor,63,58
Cardiff,125,58
Bangor,110,58
Bangor,1,58
Swansea,148,58
Cardiff,38,58
Newport,41,58
Bangor,136,58
Cardiff,69,58
Newport,185,58
Swansea,139,58
Swansea,18,58
Cardiff,96,58
Newport,166,58
Bangor,171,58
