City,Quantity,Product_Code
Swansea,26,159
Newport,35,159
Newport,1,159
Cardiff,7,159
Bangor,179,159
Swansea,57,159
Bangor,194,159
Bangor,23,159
Cardiff,168,159
Newport,68,159
Cardiff,144,159
Newport,99,159
Newport,64,159
Bangor,160,159
Newport,104,159
Newport,22,159
Swansea,194,159
Swansea,69,159
Bangor,140,159
Bangor,18,159
Cardiff,130,159
Bangor,68,159
Newport,125,159
Swansea,100,159
Newport,42,159
Swansea,23,159
Bangor,7,159
Swansea,114,159
Newport,88,159
Newport,124,159
Newport,178,159
Cardiff,109,159
Cardiff,12,159
Bangor,74,159
Swansea,197,159
Newport,101,159
Bangor,78,159
Bangor,26,159
Cardiff,143,159
Swansea,141,159
Swansea,93,159
Bangor,121,159
Cardiff,55,159
Swansea,172,159
Cardiff,168,159
Cardiff,121,159
Newport,101,159
Newport,120,159
Swansea,88,159
Newport,11,159
Cardiff,142,159
Newport,159,159
Bangor,159,159
Newport,156,159
Newport,173,159
Cardiff,51,159
Cardiff,153,159
Bangor,11,159
Bangor,110,159
Newport,136,159
Swansea,182,159
Swansea,39,159
Swansea,196,159
Swansea,25,159
Swansea,114,159
Swansea,141,159
Bangor,6,159
Newport,76,159
Bangor,149,159
Cardiff,79,159
Bangor,129,159
Bangor,98,159
Newport,44,159
Bangor,176,159
Cardiff,61,159
Bangor,56,159
Swansea,146,159
Cardiff,93,159
Swansea,64,159
Newport,36,159
Newport,125,159
Cardiff,51,159
Newport,153,159
Newport,126,159
Newport,50,159
Newport,148,159
Newport,156,159
Cardiff,177,159
Newport,16,159
Bangor,142,159
Bangor,49,159
Bangor,101,159
Bangor,172,159
Bangor,121,159
Swansea,8,159
Cardiff,169,159
Bangor,74,159
Bangor,103,159
Bangor,174,159
Cardiff,177,159
Bangor,129,159
Bangor,65,159
Bangor,149,159
Cardiff,133,159
Swansea,10,159
Cardiff,177,159
Cardiff,19,159
Newport,112,159
Cardiff,197,159
Newport,84,159
Swansea,100,159
Swansea,31,159
Swansea,20,159
Cardiff,57,159
Newport,27,159
Cardiff,52,159
Cardiff,167,159
Swansea,59,159
Cardiff,36,159
Cardiff,164,159
Swansea,130,159
Cardiff,176,159
Cardiff,116,159
Bangor,28,159
Newport,124,159
Cardiff,16,159
Swansea,110,159
Newport,48,159
Cardiff,192,159
Newport,48,159
Swansea,164,159
Newport,132,159
Bangor,111,159
Swansea,115,159
Newport,3,159
Bangor,141,159
Bangor,113,159
Newport,160,159
Bangor,103,159
Swansea,81,159
Cardiff,173,159
Cardiff,0,159
Cardiff,200,159
Bangor,188,159
Cardiff,185,159
Bangor,6,159
Newport,34,159
Newport,119,159
Cardiff,74,159
Swansea,113,159
Bangor,188,159
Swansea,161,159
Cardiff,126,159
Newport,154,159
Swansea,145,159
Cardiff,143,159
Bangor,60,159
Swansea,66,159
Swansea,161,159
Cardiff,156,159
Bangor,46,159
Newport,24,159
Cardiff,28,159
Newport,89,159
Swansea,155,159
Newport,125,159
Bangor,68,159
Swansea,50,159
Bangor,119,159
Bangor,118,159
Cardiff,112,159
Bangor,119,159
Bangor,164,159
Swansea,177,159
Swansea,66,159
Swansea,146,159
Bangor,96,159
Newport,11,159
Bangor,183,159
Cardiff,74,159
Cardiff,137,159
Cardiff,50,159
Newport,78,159
Newport,174,159
Newport,82,159
Swansea,194,159
Swansea,119,159
Swansea,182,159
Bangor,92,159
Newport,23,159
Newport,45,159
Bangor,70,159
Cardiff,180,159
Cardiff,190,159
Newport,107,159
Bangor,89,159
Swansea,95,159
Swansea,76,159
Cardiff,38,159
Swansea,96,159
Newport,20,159
Newport,161,159
Bangor,40,159
Cardiff,111,159
Swansea,154,159
Bangor,92,159
Newport,126,159
Swansea,91,159
Cardiff,116,159
Swansea,38,159
Swansea,81,159
Newport,195,159
Cardiff,6,159
Bangor,75,159
Newport,106,159
Cardiff,167,159
Newport,108,159
Newport,2,159
Cardiff,15,159
Newport,111,159
Newport,105,159
Newport,56,159
Bangor,12,159
Newport,13,159
Newport,71,159
Swansea,100,159
Bangor,185,159
Bangor,112,159
Cardiff,13,159
Cardiff,64,159
Cardiff,19,159
Newport,86,159
Cardiff,44,159
Cardiff,36,159
Newport,32,159
Cardiff,101,159
Cardiff,168,159
Cardiff,173,159
Cardiff,52,159
Newport,143,159
Bangor,30,159
Newport,56,159
Swansea,158,159
Newport,124,159
Newport,178,159
Swansea,58,159
Cardiff,12,159
Cardiff,67,159
Cardiff,113,159
Swansea,92,159
Bangor,198,159
