City,Quantity,Product_Code
Cardiff,42,86
Cardiff,31,86
Bangor,184,86
Swansea,147,86
Bangor,89,86
Newport,80,86
Bangor,134,86
Swansea,99,86
Cardiff,118,86
Newport,100,86
Swansea,185,86
Bangor,64,86
Swansea,138,86
Bangor,36,86
Newport,42,86
Swansea,106,86
Cardiff,191,86
Bangor,42,86
Newport,140,86
Newport,23,86
Swansea,62,86
Bangor,93,86
Swansea,15,86
Newport,20,86
Bangor,20,86
Swansea,102,86
Cardiff,132,86
Swansea,36,86
Newport,74,86
Swansea,169,86
Cardiff,177,86
Cardiff,55,86
Bangor,183,86
Newport,64,86
Newport,16,86
Swansea,197,86
Newport,110,86
Newport,120,86
Swansea,86,86
Swansea,159,86
Cardiff,63,86
Cardiff,12,86
Newport,57,86
Newport,43,86
Bangor,147,86
Swansea,63,86
Cardiff,75,86
Swansea,179,86
Newport,107,86
Swansea,190,86
Bangor,82,86
Cardiff,63,86
Bangor,78,86
Swansea,89,86
Newport,149,86
Newport,81,86
Bangor,18,86
Newport,140,86
Swansea,126,86
Swansea,188,86
Swansea,89,86
Cardiff,182,86
Swansea,79,86
Newport,113,86
Cardiff,145,86
Bangor,174,86
Newport,107,86
Swansea,164,86
Swansea,109,86
Swansea,20,86
Newport,38,86
Bangor,56,86
Cardiff,52,86
Cardiff,111,86
Cardiff,126,86
Cardiff,73,86
Swansea,195,86
Swansea,137,86
Bangor,165,86
Swansea,50,86
Swansea,52,86
Newport,87,86
Cardiff,86,86
Newport,25,86
Newport,66,86
Cardiff,185,86
Swansea,16,86
Cardiff,73,86
Cardiff,5,86
Bangor,97,86
Bangor,137,86
Newport,49,86
Newport,150,86
Bangor,110,86
Swansea,168,86
Bangor,122,86
Swansea,102,86
Swansea,128,86
Newport,12,86
Cardiff,75,86
Bangor,114,86
Cardiff,117,86
Newport,191,86
Cardiff,159,86
Newport,32,86
Bangor,36,86
Newport,96,86
Swansea,137,86
Swansea,131,86
Swansea,15,86
Cardiff,151,86
Newport,37,86
Cardiff,79,86
Newport,56,86
Bangor,53,86
Newport,7,86
Swansea,77,86
Cardiff,185,86
Swansea,94,86
Cardiff,33,86
Newport,200,86
Cardiff,179,86
Cardiff,65,86
Newport,167,86
Swansea,168,86
Cardiff,38,86
Newport,46,86
Swansea,7,86
Newport,164,86
Cardiff,122,86
Bangor,67,86
Cardiff,82,86
Swansea,188,86
Newport,105,86
Cardiff,113,86
Swansea,18,86
Bangor,10,86
Bangor,46,86
Bangor,121,86
Cardiff,120,86
Cardiff,16,86
Newport,129,86
Newport,82,86
Cardiff,67,86
Newport,132,86
Newport,197,86
Cardiff,145,86
Newport,37,86
Cardiff,2,86
Swansea,65,86
Swansea,123,86
Cardiff,192,86
Bangor,40,86
Newport,141,86
Bangor,29,86
Newport,187,86
Swansea,148,86
Bangor,200,86
Cardiff,81,86
Newport,77,86
Cardiff,184,86
Newport,63,86
Bangor,114,86
Swansea,100,86
Newport,128,86
Swansea,172,86
Swansea,171,86
Bangor,123,86
Bangor,112,86
Swansea,37,86
Cardiff,137,86
Bangor,109,86
Bangor,164,86
Newport,142,86
Newport,134,86
Bangor,157,86
Newport,38,86
Swansea,72,86
Bangor,177,86
Cardiff,45,86
Newport,39,86
Swansea,62,86
Newport,57,86
Bangor,15,86
Bangor,164,86
Bangor,98,86
Bangor,190,86
Swansea,47,86
Bangor,146,86
Newport,7,86
Swansea,80,86
Cardiff,73,86
Cardiff,121,86
Bangor,3,86
Cardiff,122,86
Swansea,129,86
Swansea,50,86
Bangor,30,86
Swansea,21,86
Bangor,84,86
Bangor,135,86
Swansea,46,86
Cardiff,115,86
Cardiff,131,86
Swansea,127,86
Swansea,2,86
Bangor,198,86
Newport,5,86
Swansea,169,86
Cardiff,120,86
Bangor,117,86
Newport,72,86
Swansea,153,86
Swansea,24,86
Cardiff,43,86
Cardiff,85,86
Swansea,167,86
Bangor,0,86
Bangor,33,86
Bangor,193,86
Bangor,132,86
Swansea,46,86
Cardiff,153,86
Cardiff,86,86
Bangor,29,86
Cardiff,31,86
Swansea,119,86
Bangor,180,86
Swansea,48,86
Bangor,117,86
Bangor,182,86
Newport,108,86
Bangor,17,86
Newport,118,86
Bangor,1,86
Swansea,23,86
Bangor,84,86
Bangor,126,86
Bangor,159,86
Bangor,149,86
Cardiff,170,86
Newport,135,86
Swansea,96,86
Swansea,31,86
Newport,129,86
Swansea,110,86
Swansea,197,86
Newport,78,86
Bangor,0,86
Newport,152,86
Bangor,99,86
