City,Quantity,Product_Code
Cardiff,197,50
Bangor,36,50
Bangor,121,50
Bangor,82,50
Cardiff,159,50
Swansea,125,50
Cardiff,132,50
Cardiff,16,50
Cardiff,120,50
Bangor,95,50
Newport,194,50
Swansea,185,50
Cardiff,115,50
Newport,113,50
Swansea,90,50
Cardiff,55,50
Cardiff,174,50
Swansea,77,50
Bangor,132,50
Bangor,38,50
Newport,200,50
Newport,58,50
Swansea,50,50
Swansea,68,50
Bangor,98,50
Bangor,159,50
Cardiff,3,50
Cardiff,110,50
Bangor,52,50
Bangor,129,50
Newport,49,50
Bangor,124,50
Bangor,138,50
Swansea,45,50
Newport,83,50
Swansea,73,50
Swansea,186,50
Newport,16,50
Cardiff,74,50
Cardiff,48,50
Cardiff,0,50
Swansea,8,50
Newport,94,50
Cardiff,177,50
Cardiff,176,50
Swansea,5,50
Newport,55,50
Bangor,128,50
Cardiff,70,50
Cardiff,83,50
Bangor,181,50
Swansea,123,50
Bangor,166,50
Cardiff,143,50
Cardiff,121,50
Swansea,51,50
Cardiff,40,50
Newport,28,50
Newport,123,50
Swansea,178,50
Newport,136,50
Newport,164,50
Newport,31,50
Bangor,72,50
Bangor,9,50
Newport,145,50
Newport,89,50
Newport,92,50
Newport,70,50
Cardiff,74,50
Cardiff,194,50
Cardiff,103,50
Newport,35,50
Swansea,199,50
Bangor,150,50
Swansea,51,50
Bangor,112,50
Bangor,85,50
Swansea,45,50
Swansea,97,50
Cardiff,144,50
Cardiff,108,50
Swansea,151,50
Bangor,70,50
Bangor,33,50
Newport,122,50
Cardiff,111,50
Cardiff,115,50
Newport,135,50
Bangor,22,50
Swansea,110,50
Cardiff,67,50
Bangor,118,50
Newport,18,50
Swansea,18,50
Swansea,74,50
Newport,196,50
Bangor,3,50
Bangor,88,50
Cardiff,138,50
Swansea,108,50
Bangor,16,50
Cardiff,132,50
Bangor,152,50
Swansea,157,50
Swansea,106,50
Newport,162,50
Cardiff,22,50
Bangor,135,50
Cardiff,176,50
Bangor,140,50
Bangor,118,50
Bangor,134,50
Swansea,1,50
Swansea,54,50
Newport,198,50
Newport,200,50
Swansea,155,50
Cardiff,14,50
Cardiff,129,50
Newport,160,50
Newport,14,50
Bangor,0,50
Bangor,50,50
Cardiff,183,50
Cardiff,166,50
Bangor,53,50
Swansea,108,50
Bangor,136,50
Bangor,54,50
Bangor,75,50
Bangor,70,50
Swansea,109,50
Cardiff,120,50
Newport,72,50
Cardiff,164,50
Cardiff,50,50
Newport,90,50
Newport,146,50
Bangor,40,50
Swansea,121,50
Bangor,142,50
Newport,200,50
Swansea,94,50
Newport,143,50
Newport,76,50
Bangor,124,50
Cardiff,88,50
Newport,103,50
Swansea,68,50
Swansea,174,50
Bangor,171,50
Cardiff,61,50
Bangor,3,50
Swansea,199,50
Swansea,195,50
Swansea,91,50
Cardiff,154,50
Bangor,37,50
Swansea,28,50
Bangor,154,50
Newport,6,50
Newport,157,50
Cardiff,26,50
Bangor,186,50
Cardiff,28,50
Newport,137,50
Bangor,98,50
Swansea,163,50
Newport,87,50
Bangor,161,50
Cardiff,41,50
Bangor,134,50
Newport,89,50
Bangor,146,50
Newport,191,50
Newport,4,50
Newport,157,50
Bangor,122,50
Newport,32,50
Swansea,84,50
Swansea,9,50
Bangor,25,50
Newport,187,50
Swansea,153,50
Bangor,72,50
Cardiff,197,50
Cardiff,102,50
Bangor,110,50
Bangor,135,50
Cardiff,186,50
Swansea,47,50
Swansea,71,50
Bangor,43,50
Cardiff,79,50
Cardiff,134,50
Bangor,97,50
Swansea,70,50
Cardiff,68,50
Bangor,155,50
Newport,185,50
Swansea,53,50
Newport,178,50
Cardiff,41,50
Swansea,59,50
Cardiff,134,50
Bangor,146,50
Bangor,6,50
Cardiff,92,50
Cardiff,45,50
Bangor,97,50
Cardiff,85,50
Bangor,30,50
Cardiff,28,50
Swansea,17,50
Bangor,108,50
Newport,200,50
Swansea,43,50
Swansea,0,50
Newport,40,50
Newport,189,50
Cardiff,5,50
Cardiff,108,50
Swansea,162,50
Cardiff,157,50
Swansea,151,50
Newport,41,50
Cardiff,155,50
Cardiff,0,50
Bangor,173,50
Cardiff,127,50
Newport,177,50
Swansea,32,50
Swansea,44,50
Newport,63,50
Bangor,56,50
Swansea,172,50
Newport,150,50
Newport,61,50
Bangor,132,50
Swansea,13,50
Swansea,128,50
Newport,39,50
Swansea,142,50
Cardiff,36,50
Cardiff,15,50
Cardiff,36,50
Bangor,177,50
Cardiff,143,50
Bangor,134,50
Newport,88,50
