City,Quantity,Product_Code
Bangor,200,197
Newport,132,197
Cardiff,99,197
Newport,177,197
Bangor,103,197
Newport,150,197
Newport,34,197
Bangor,22,197
Swansea,195,197
Newport,96,197
Newport,177,197
Newport,197,197
Newport,3,197
Bangor,123,197
Newport,132,197
Swansea,89,197
Swansea,30,197
Swansea,8,197
Swansea,40,197
Newport,86,197
Cardiff,91,197
Swansea,149,197
Newport,24,197
Swansea,78,197
Cardiff,47,197
Swansea,161,197
Bangor,7,197
Swansea,79,197
Bangor,37,197
Newport,28,197
Newport,90,197
Swansea,162,197
Swansea,57,197
Bangor,147,197
Swansea,140,197
Swansea,150,197
Bangor,23,197
Newport,189,197
Cardiff,38,197
Newport,126,197
Newport,80,197
Newport,126,197
Swansea,34,197
Newport,44,197
Bangor,114,197
Swansea,119,197
Cardiff,157,197
Bangor,29,197
Cardiff,43,197
Newport,180,197
Bangor,58,197
Bangor,60,197
Cardiff,117,197
Cardiff,124,197
Swansea,128,197
Newport,69,197
Swansea,91,197
Bangor,98,197
Bangor,73,197
Newport,89,197
Cardiff,137,197
Cardiff,83,197
Newport,117,197
Bangor,55,197
Newport,0,197
Swansea,47,197
Newport,54,197
Cardiff,146,197
Swansea,17,197
Swansea,183,197
Cardiff,32,197
Swansea,87,197
Swansea,130,197
Bangor,42,197
Cardiff,31,197
Swansea,101,197
Cardiff,181,197
Newport,2,197
Newport,199,197
Newport,48,197
Newport,144,197
Bangor,33,197
Cardiff,142,197
Bangor,90,197
Swansea,91,197
Cardiff,174,197
Bangor,170,197
Bangor,21,197
Bangor,85,197
Cardiff,22,197
Swansea,199,197
Cardiff,8,197
Cardiff,166,197
Bangor,65,197
Newport,155,197
Swansea,124,197
Bangor,73,197
Cardiff,155,197
Bangor,144,197
Swansea,132,197
Cardiff,35,197
Swansea,53,197
Swansea,62,197
Cardiff,49,197
Newport,48,197
Cardiff,62,197
Newport,164,197
Bangor,29,197
Bangor,109,197
Swansea,151,197
Newport,16,197
Cardiff,162,197
Bangor,97,197
Swansea,32,197
Swansea,64,197
Swansea,9,197
Bangor,81,197
Cardiff,14,197
Swansea,71,197
Swansea,129,197
Swansea,157,197
Bangor,86,197
Bangor,123,197
Newport,140,197
Bangor,51,197
Bangor,82,197
Swansea,144,197
Swansea,109,197
Cardiff,178,197
Swansea,191,197
Swansea,167,197
Bangor,45,197
Cardiff,16,197
Swansea,116,197
Swansea,103,197
Newport,104,197
Bangor,128,197
Bangor,48,197
Newport,136,197
Bangor,14,197
Cardiff,134,197
Newport,65,197
Newport,78,197
Cardiff,118,197
Newport,135,197
Swansea,187,197
Newport,65,197
Bangor,141,197
Swansea,118,197
Newport,131,197
Bangor,32,197
Newport,40,197
Bangor,13,197
Bangor,175,197
Newport,66,197
Cardiff,139,197
Newport,40,197
Swansea,39,197
Newport,113,197
Swansea,137,197
Swansea,101,197
Newport,84,197
Swansea,161,197
Newport,56,197
Cardiff,45,197
Swansea,142,197
Cardiff,54,197
Cardiff,6,197
Swansea,156,197
Bangor,42,197
Bangor,167,197
Swansea,149,197
Cardiff,147,197
Bangor,145,197
Bangor,84,197
Swansea,151,197
Swansea,66,197
Cardiff,83,197
Bangor,21,197
Cardiff,145,197
Cardiff,199,197
Swansea,138,197
Newport,123,197
Cardiff,44,197
Bangor,24,197
Bangor,189,197
Newport,49,197
Cardiff,64,197
Newport,33,197
Bangor,11,197
Cardiff,143,197
Newport,109,197
Swansea,106,197
Swansea,150,197
Swansea,69,197
Bangor,20,197
Newport,145,197
Bangor,49,197
Cardiff,108,197
Bangor,110,197
Swansea,34,197
Cardiff,179,197
Bangor,44,197
Cardiff,162,197
Cardiff,67,197
Bangor,170,197
Newport,174,197
Cardiff,16,197
Newport,13,197
Swansea,100,197
Cardiff,45,197
Swansea,177,197
Newport,80,197
Bangor,194,197
Swansea,38,197
Bangor,96,197
Bangor,9,197
Cardiff,76,197
Newport,191,197
Cardiff,44,197
Cardiff,94,197
Bangor,42,197
Newport,1,197
Bangor,143,197
Swansea,50,197
Cardiff,142,197
Newport,20,197
Swansea,119,197
Cardiff,81,197
Swansea,88,197
Swansea,83,197
Bangor,198,197
Bangor,170,197
Newport,88,197
Newport,178,197
Newport,88,197
Cardiff,113,197
Swansea,176,197
Bangor,54,197
Swansea,50,197
Cardiff,2,197
Cardiff,3,197
Swansea,163,197
Bangor,48,197
Newport,200,197
Swansea,119,197
Cardiff,199,197
Newport,117,197
Swansea,30,197
Newport,28,197
Swansea,17,197
