City,Quantity,Product_Code
Cardiff,71,177
Swansea,50,177
Newport,191,177
Swansea,125,177
Cardiff,61,177
Newport,112,177
Swansea,87,177
Bangor,169,177
Bangor,24,177
Bangor,56,177
Bangor,149,177
Newport,187,177
Bangor,150,177
Bangor,117,177
Cardiff,151,177
Bangor,91,177
Swansea,173,177
Swansea,50,177
Bangor,5,177
Swansea,28,177
Newport,105,177
Bangor,40,177
Newport,25,177
Newport,68,177
Swansea,70,177
Bangor,197,177
Newport,164,177
Newport,127,177
Bangor,119,177
Newport,67,177
Swansea,155,177
Cardiff,12,177
Newport,2,177
Cardiff,60,177
Bangor,96,177
Swansea,31,177
Newport,171,177
Newport,6,177
Bangor,6,177
Cardiff,29,177
Swansea,172,177
Cardiff,68,177
Newport,159,177
Swansea,4,177
Cardiff,6,177
Newport,168,177
Swansea,165,177
Bangor,197,177
Bangor,185,177
Newport,143,177
Newport,74,177
Bangor,12,177
Bangor,30,177
Swansea,43,177
Cardiff,35,177
Swansea,97,177
Cardiff,3,177
Swansea,50,177
Swansea,16,177
Bangor,99,177
Swansea,0,177
Bangor,152,177
Swansea,111,177
Swansea,41,177
Swansea,167,177
Newport,96,177
Newport,127,177
Cardiff,41,177
Newport,55,177
Bangor,129,177
Cardiff,159,177
Bangor,139,177
Cardiff,200,177
Newport,76,177
Cardiff,115,177
Swansea,171,177
Bangor,143,177
Bangor,60,177
Swansea,89,177
Swansea,83,177
Swansea,27,177
Newport,135,177
Newport,194,177
Swansea,174,177
Cardiff,28,177
Bangor,16,177
Cardiff,136,177
Bangor,18,177
Newport,145,177
Cardiff,55,177
Newport,186,177
Bangor,100,177
Newport,80,177
Bangor,84,177
Newport,32,177
Swansea,118,177
Newport,150,177
Bangor,28,177
Bangor,185,177
Swansea,82,177
Newport,175,177
Cardiff,167,177
Newport,39,177
Newport,180,177
Bangor,168,177
Swansea,32,177
Cardiff,48,177
Bangor,67,177
Swansea,82,177
Bangor,106,177
Bangor,164,177
Swansea,21,177
Cardiff,57,177
Newport,181,177
Newport,139,177
Swansea,178,177
Newport,45,177
Cardiff,22,177
Swansea,14,177
Bangor,19,177
Swansea,82,177
Newport,66,177
Bangor,8,177
Swansea,18,177
Cardiff,177,177
Swansea,10,177
Newport,164,177
Newport,190,177
Cardiff,10,177
Cardiff,45,177
Cardiff,58,177
Swansea,144,177
Newport,43,177
Swansea,181,177
Cardiff,53,177
Newport,64,177
Swansea,22,177
Cardiff,15,177
Bangor,159,177
Cardiff,71,177
Newport,156,177
Swansea,155,177
Bangor,31,177
Newport,181,177
Bangor,19,177
Newport,122,177
Bangor,0,177
Swansea,174,177
Cardiff,40,177
Swansea,81,177
Cardiff,184,177
Swansea,16,177
Bangor,52,177
Swansea,53,177
Cardiff,101,177
Cardiff,11,177
Newport,61,177
Bangor,86,177
Swansea,42,177
Swansea,172,177
Swansea,40,177
Bangor,105,177
Newport,68,177
Newport,197,177
Swansea,93,177
Cardiff,173,177
Cardiff,135,177
Newport,25,177
Bangor,147,177
Cardiff,83,177
Cardiff,84,177
Newport,14,177
Cardiff,18,177
Swansea,190,177
Newport,99,177
Newport,142,177
Bangor,52,177
Cardiff,180,177
Cardiff,177,177
Newport,194,177
Swansea,170,177
Cardiff,125,177
Newport,59,177
Bangor,94,177
Newport,151,177
Bangor,112,177
Newport,190,177
Newport,30,177
Bangor,47,177
Bangor,163,177
Bangor,97,177
Cardiff,199,177
Newport,97,177
Swansea,37,177
Bangor,107,177
Swansea,121,177
Newport,2,177
Newport,180,177
Bangor,166,177
Bangor,10,177
Newport,39,177
Swansea,107,177
Bangor,77,177
Swansea,113,177
Bangor,149,177
Swansea,192,177
Swansea,81,177
Bangor,131,177
Swansea,112,177
Cardiff,23,177
Cardiff,168,177
Bangor,179,177
Newport,134,177
Swansea,51,177
Newport,119,177
Newport,159,177
Swansea,71,177
Bangor,60,177
Bangor,30,177
Cardiff,9,177
Swansea,121,177
Cardiff,134,177
Bangor,73,177
Cardiff,145,177
Cardiff,161,177
Swansea,193,177
Swansea,199,177
Bangor,161,177
Bangor,172,177
Newport,126,177
Newport,200,177
Newport,138,177
Newport,91,177
Swansea,177,177
Bangor,69,177
Swansea,40,177
Bangor,17,177
Cardiff,27,177
Swansea,77,177
Cardiff,184,177
Bangor,90,177
Cardiff,177,177
Swansea,49,177
Bangor,91,177
Swansea,98,177
Cardiff,44,177
Bangor,34,177
Swansea,127,177
Bangor,167,177
Cardiff,46,177
Cardiff,61,177
