City,Quantity,Product_Code
Cardiff,101,143
Bangor,198,143
Bangor,75,143
Swansea,21,143
Newport,66,143
Cardiff,117,143
Newport,94,143
Swansea,147,143
Bangor,197,143
Bangor,59,143
Cardiff,132,143
Cardiff,164,143
Bangor,48,143
Bangor,37,143
Newport,137,143
Cardiff,86,143
Newport,36,143
Newport,184,143
Cardiff,6,143
Cardiff,71,143
Newport,192,143
Cardiff,88,143
Newport,148,143
Swansea,83,143
Swansea,49,143
Newport,117,143
Swansea,138,143
Cardiff,175,143
Cardiff,0,143
Bangor,12,143
Swansea,190,143
Swansea,100,143
Bangor,80,143
Newport,156,143
Newport,24,143
Bangor,146,143
Cardiff,3,143
Cardiff,149,143
Bangor,1,143
Newport,128,143
Bangor,192,143
Newport,107,143
Bangor,186,143
Cardiff,59,143
Cardiff,194,143
Newport,198,143
Newport,63,143
Newport,58,143
Cardiff,72,143
Bangor,168,143
Bangor,71,143
Cardiff,8,143
Swansea,114,143
Bangor,154,143
Cardiff,180,143
Swansea,28,143
Newport,106,143
Swansea,25,143
Bangor,146,143
Swansea,171,143
Swansea,197,143
Bangor,137,143
Bangor,147,143
Cardiff,189,143
Newport,57,143
Bangor,122,143
Swansea,66,143
Swansea,129,143
Cardiff,172,143
Swansea,119,143
Bangor,133,143
Newport,168,143
Cardiff,97,143
Newport,197,143
Newport,106,143
Cardiff,81,143
Newport,107,143
Newport,103,143
Bangor,34,143
Swansea,18,143
Cardiff,29,143
Cardiff,173,143
Cardiff,197,143
Cardiff,164,143
Swansea,199,143
Bangor,66,143
Newport,12,143
Swansea,138,143
Cardiff,131,143
Newport,64,143
Cardiff,78,143
Bangor,13,143
Newport,45,143
Newport,57,143
Swansea,54,143
Swansea,164,143
Swansea,17,143
Bangor,148,143
Bangor,138,143
Bangor,116,143
Newport,171,143
Bangor,193,143
Bangor,145,143
Cardiff,24,143
Newport,152,143
Bangor,106,143
Bangor,62,143
Bangor,191,143
Newport,118,143
Swansea,131,143
Bangor,28,143
Newport,34,143
Newport,188,143
Newport,146,143
Cardiff,157,143
Bangor,97,143
Newport,116,143
Bangor,81,143
Swansea,21,143
Cardiff,90,143
Bangor,169,143
Newport,191,143
Bangor,163,143
Swansea,7,143
Cardiff,200,143
Swansea,127,143
Bangor,85,143
Swansea,17,143
Swansea,26,143
Swansea,84,143
Cardiff,141,143
Newport,173,143
Cardiff,100,143
Bangor,123,143
Bangor,34,143
Swansea,137,143
Cardiff,23,143
Cardiff,52,143
Cardiff,100,143
Cardiff,121,143
Cardiff,70,143
Newport,15,143
Swansea,30,143
Swansea,4,143
Newport,135,143
Cardiff,190,143
Cardiff,176,143
Newport,46,143
Bangor,178,143
Newport,130,143
Bangor,200,143
Bangor,9,143
Swansea,150,143
Cardiff,115,143
Newport,36,143
Bangor,95,143
Bangor,173,143
Bangor,42,143
Bangor,24,143
Newport,118,143
Bangor,108,143
Bangor,32,143
Newport,149,143
Bangor,128,143
Bangor,136,143
Swansea,167,143
Bangor,191,143
Swansea,150,143
Cardiff,0,143
Cardiff,125,143
Bangor,111,143
Bangor,61,143
Newport,193,143
Bangor,27,143
Bangor,77,143
Swansea,99,143
Swansea,127,143
Cardiff,102,143
Newport,162,143
Swansea,111,143
Swansea,162,143
Cardiff,44,143
Newport,132,143
Newport,73,143
Swansea,183,143
Swansea,121,143
Cardiff,121,143
Bangor,25,143
Swansea,92,143
Swansea,58,143
Newport,141,143
Newport,89,143
Newport,138,143
Swansea,118,143
Cardiff,4,143
Cardiff,142,143
Swansea,81,143
Swansea,150,143
Bangor,127,143
Bangor,194,143
Newport,146,143
Newport,179,143
Swansea,166,143
Newport,122,143
Bangor,130,143
Newport,18,143
Cardiff,108,143
Newport,129,143
Bangor,64,143
Cardiff,180,143
Cardiff,173,143
Bangor,34,143
Cardiff,200,143
Bangor,73,143
Cardiff,93,143
Swansea,76,143
Bangor,155,143
Bangor,138,143
Bangor,108,143
Cardiff,16,143
Cardiff,193,143
Swansea,110,143
Swansea,23,143
Bangor,18,143
Bangor,103,143
Cardiff,22,143
Newport,193,143
Cardiff,118,143
Newport,159,143
Bangor,183,143
Cardiff,103,143
Swansea,53,143
Cardiff,63,143
Cardiff,184,143
Bangor,93,143
Newport,150,143
Cardiff,156,143
Swansea,15,143
Cardiff,106,143
Swansea,178,143
Bangor,84,143
Swansea,169,143
Cardiff,15,143
Swansea,33,143
Newport,102,143
Bangor,153,143
Swansea,4,143
Newport,157,143
Cardiff,124,143
Cardiff,29,143
Bangor,61,143
