City,Quantity,Product_Code
Swansea,98,69
Swansea,66,69
Newport,94,69
Bangor,49,69
Bangor,69,69
Newport,95,69
Newport,20,69
Swansea,74,69
Newport,101,69
Swansea,40,69
Swansea,102,69
Swansea,2,69
Bangor,4,69
Bangor,192,69
Swansea,15,69
Bangor,73,69
Newport,193,69
Newport,179,69
Newport,165,69
Bangor,181,69
Cardiff,1,69
Bangor,92,69
Newport,127,69
Swansea,139,69
Newport,109,69
Cardiff,159,69
Swansea,181,69
Bangor,71,69
Swansea,179,69
Cardiff,168,69
Cardiff,55,69
Cardiff,103,69
Swansea,183,69
Bangor,133,69
Newport,181,69
Swansea,100,69
Swansea,58,69
Swansea,2,69
Newport,172,69
Newport,40,69
Bangor,75,69
Newport,141,69
Bangor,197,69
Swansea,142,69
Newport,27,69
Bangor,159,69
Cardiff,169,69
Bangor,79,69
Newport,26,69
Newport,65,69
Bangor,5,69
Cardiff,77,69
Newport,8,69
Cardiff,37,69
Cardiff,163,69
Swansea,169,69
Swansea,176,69
Bangor,139,69
Bangor,164,69
Cardiff,100,69
Cardiff,110,69
Swansea,28,69
Cardiff,73,69
Cardiff,98,69
Newport,179,69
Newport,149,69
Swansea,71,69
Newport,156,69
Swansea,193,69
Cardiff,57,69
Bangor,32,69
Cardiff,133,69
Bangor,186,69
Cardiff,137,69
Bangor,18,69
Swansea,14,69
Newport,171,69
Cardiff,160,69
Swansea,27,69
Swansea,36,69
Newport,4,69
Cardiff,105,69
Cardiff,94,69
Cardiff,40,69
Newport,198,69
Swansea,14,69
Bangor,147,69
Cardiff,149,69
Swansea,197,69
Newport,119,69
Newport,141,69
Bangor,147,69
Cardiff,102,69
Swansea,131,69
Newport,56,69
Cardiff,46,69
Swansea,33,69
Cardiff,142,69
Newport,138,69
Newport,122,69
Swansea,166,69
Bangor,157,69
Newport,146,69
Bangor,115,69
Newport,98,69
Swansea,63,69
Newport,114,69
Bangor,99,69
Cardiff,92,69
Bangor,171,69
Cardiff,174,69
Cardiff,20,69
Cardiff,132,69
Cardiff,13,69
Cardiff,95,69
Cardiff,35,69
Bangor,66,69
Newport,75,69
Bangor,54,69
Bangor,29,69
Bangor,71,69
Newport,62,69
Swansea,26,69
Bangor,146,69
Cardiff,180,69
Newport,69,69
Bangor,83,69
Bangor,160,69
Bangor,45,69
Newport,44,69
Swansea,3,69
Newport,32,69
Swansea,30,69
Swansea,146,69
Swansea,86,69
Cardiff,129,69
Newport,18,69
Bangor,190,69
Cardiff,90,69
Newport,118,69
Swansea,146,69
Bangor,31,69
Swansea,76,69
Swansea,20,69
Bangor,76,69
Newport,53,69
Newport,47,69
Cardiff,95,69
Cardiff,196,69
Bangor,188,69
Bangor,125,69
Bangor,12,69
Bangor,135,69
Bangor,147,69
Newport,189,69
Bangor,150,69
Cardiff,46,69
Cardiff,174,69
Newport,156,69
Newport,46,69
Newport,177,69
Cardiff,118,69
Bangor,92,69
Newport,117,69
Swansea,7,69
Bangor,178,69
Swansea,178,69
Newport,80,69
Cardiff,34,69
Cardiff,128,69
Bangor,53,69
Newport,24,69
Bangor,196,69
Cardiff,19,69
Swansea,70,69
Cardiff,57,69
Bangor,44,69
Cardiff,68,69
Newport,166,69
Swansea,122,69
Cardiff,1,69
Newport,121,69
Cardiff,86,69
Swansea,7,69
Newport,135,69
Swansea,27,69
Newport,74,69
Cardiff,178,69
Bangor,15,69
Newport,53,69
Swansea,60,69
Bangor,164,69
Newport,63,69
Swansea,135,69
Swansea,165,69
Newport,122,69
Newport,171,69
Swansea,37,69
Newport,128,69
Bangor,63,69
Bangor,121,69
Cardiff,195,69
Newport,151,69
Bangor,66,69
Swansea,45,69
Cardiff,4,69
Cardiff,36,69
Bangor,196,69
Cardiff,156,69
Newport,5,69
Cardiff,118,69
Swansea,30,69
Bangor,44,69
Bangor,89,69
Bangor,121,69
Cardiff,80,69
Swansea,29,69
Swansea,66,69
Newport,38,69
Newport,131,69
Swansea,30,69
Bangor,83,69
Bangor,199,69
Cardiff,59,69
Cardiff,175,69
Newport,123,69
Bangor,162,69
Cardiff,70,69
Cardiff,193,69
Swansea,124,69
Swansea,154,69
Cardiff,30,69
Cardiff,72,69
Newport,93,69
Swansea,101,69
Swansea,15,69
Newport,17,69
Swansea,171,69
Cardiff,102,69
Cardiff,131,69
Newport,151,69
Cardiff,106,69
Newport,178,69
Bangor,0,69
Newport,155,69
Swansea,149,69
Bangor,103,69
Cardiff,22,69
Cardiff,159,69
Newport,145,69
Newport,88,69
