City,Quantity,Product_Code
Bangor,80,139
Newport,80,139
Bangor,154,139
Bangor,88,139
Swansea,155,139
Cardiff,54,139
Newport,98,139
Swansea,8,139
Cardiff,35,139
Swansea,141,139
Bangor,188,139
Bangor,199,139
Bangor,16,139
Cardiff,200,139
Cardiff,107,139
Newport,85,139
Bangor,65,139
Newport,153,139
Bangor,176,139
Bangor,35,139
Swansea,6,139
Newport,81,139
Bangor,180,139
Newport,118,139
Cardiff,198,139
Bangor,5,139
Swansea,98,139
Cardiff,9,139
Bangor,4,139
Newport,22,139
Swansea,180,139
Swansea,161,139
Bangor,83,139
Bangor,148,139
Newport,73,139
Bangor,102,139
Swansea,5,139
Newport,199,139
Newport,200,139
Bangor,88,139
Cardiff,94,139
Swansea,80,139
Newport,5,139
Bangor,69,139
Newport,143,139
Bangor,50,139
Newport,72,139
Swansea,128,139
Bangor,159,139
Bangor,166,139
Newport,27,139
Swansea,15,139
Newport,94,139
Swansea,64,139
Cardiff,58,139
Swansea,9,139
Swansea,116,139
Swansea,168,139
Swansea,11,139
Newport,71,139
Cardiff,36,139
Bangor,63,139
Swansea,12,139
Swansea,42,139
Swansea,166,139
Bangor,194,139
Newport,129,139
Bangor,160,139
Newport,123,139
Newport,50,139
Swansea,167,139
Newport,25,139
Swansea,77,139
Newport,1,139
Newport,1,139
Newport,146,139
Swansea,121,139
Bangor,186,139
Bangor,46,139
Newport,38,139
Newport,35,139
Swansea,87,139
Bangor,94,139
Bangor,197,139
Swansea,148,139
Newport,139,139
Swansea,194,139
Cardiff,83,139
Bangor,52,139
Cardiff,65,139
Bangor,71,139
Bangor,139,139
Swansea,107,139
Newport,21,139
Swansea,29,139
Bangor,28,139
Newport,6,139
Newport,146,139
Swansea,73,139
Newport,168,139
Bangor,154,139
Newport,24,139
Swansea,125,139
Swansea,59,139
Newport,174,139
Cardiff,23,139
Bangor,177,139
Swansea,66,139
Cardiff,81,139
Bangor,173,139
Cardiff,26,139
Newport,109,139
Swansea,60,139
Cardiff,150,139
Cardiff,91,139
Swansea,103,139
Newport,152,139
Bangor,49,139
Bangor,120,139
Newport,106,139
Bangor,92,139
Cardiff,157,139
Swansea,122,139
Cardiff,125,139
Cardiff,19,139
Cardiff,37,139
Cardiff,62,139
Cardiff,0,139
Newport,13,139
Newport,26,139
Cardiff,151,139
Cardiff,33,139
Swansea,141,139
Bangor,178,139
Newport,183,139
Bangor,13,139
Swansea,131,139
Cardiff,130,139
Bangor,14,139
Cardiff,186,139
Newport,56,139
Bangor,110,139
Bangor,184,139
Bangor,87,139
Bangor,161,139
Cardiff,119,139
Bangor,113,139
Swansea,186,139
Cardiff,142,139
Newport,195,139
Cardiff,181,139
Bangor,71,139
Bangor,134,139
Bangor,59,139
Cardiff,42,139
Bangor,95,139
Bangor,28,139
Cardiff,43,139
Cardiff,155,139
Bangor,79,139
Cardiff,130,139
Newport,42,139
Newport,24,139
Bangor,26,139
Bangor,146,139
Cardiff,88,139
Bangor,75,139
Bangor,91,139
Newport,87,139
Bangor,167,139
Bangor,37,139
Bangor,9,139
Swansea,161,139
Cardiff,1,139
Swansea,186,139
Cardiff,170,139
Newport,1,139
Bangor,15,139
Swansea,28,139
Newport,22,139
Newport,62,139
Swansea,16,139
Bangor,40,139
Cardiff,115,139
Cardiff,9,139
Newport,170,139
Bangor,69,139
Newport,43,139
Cardiff,105,139
Bangor,14,139
Cardiff,18,139
Cardiff,147,139
Cardiff,11,139
Cardiff,161,139
Cardiff,45,139
Newport,126,139
Cardiff,64,139
Bangor,145,139
Bangor,169,139
Swansea,146,139
Swansea,60,139
Swansea,184,139
Newport,30,139
Bangor,28,139
Bangor,50,139
Bangor,106,139
Newport,149,139
Cardiff,19,139
Newport,180,139
Cardiff,28,139
Swansea,92,139
Cardiff,132,139
Newport,94,139
Bangor,109,139
Swansea,100,139
Newport,122,139
Bangor,127,139
Newport,73,139
Newport,183,139
Swansea,7,139
Swansea,142,139
Cardiff,2,139
Swansea,42,139
Newport,94,139
Newport,10,139
Swansea,133,139
Bangor,197,139
Cardiff,112,139
Cardiff,159,139
Swansea,51,139
Cardiff,81,139
Bangor,87,139
Bangor,162,139
Newport,79,139
Cardiff,197,139
Bangor,179,139
Swansea,93,139
Bangor,16,139
Bangor,7,139
Swansea,51,139
Swansea,195,139
Swansea,151,139
Bangor,94,139
Swansea,112,139
Newport,4,139
Swansea,7,139
Cardiff,89,139
Newport,78,139
Newport,90,139
Cardiff,142,139
Newport,55,139
