City,Quantity,Product_Code
Newport,46,162
Bangor,3,162
Swansea,77,162
Cardiff,49,162
Newport,14,162
Cardiff,154,162
Bangor,21,162
Newport,126,162
Cardiff,32,162
Newport,63,162
Swansea,12,162
Swansea,75,162
Swansea,17,162
Swansea,170,162
Cardiff,87,162
Newport,45,162
Newport,47,162
Bangor,118,162
Cardiff,105,162
Bangor,151,162
Cardiff,72,162
Swansea,63,162
Cardiff,126,162
Cardiff,120,162
Swansea,170,162
Cardiff,129,162
Newport,71,162
Swansea,27,162
Cardiff,28,162
Cardiff,71,162
Cardiff,125,162
Swansea,67,162
Cardiff,166,162
Bangor,53,162
Swansea,15,162
Cardiff,189,162
Bangor,63,162
Bangor,192,162
Newport,51,162
Bangor,97,162
Cardiff,50,162
Swansea,43,162
Swansea,161,162
Bangor,188,162
Swansea,170,162
Newport,60,162
Newport,100,162
Swansea,164,162
Bangor,168,162
Bangor,102,162
Newport,5,162
Bangor,111,162
Swansea,130,162
Bangor,114,162
Bangor,199,162
Bangor,178,162
Swansea,187,162
Swansea,129,162
Cardiff,187,162
Cardiff,55,162
Bangor,193,162
Cardiff,142,162
Newport,11,162
Swansea,104,162
Bangor,71,162
Newport,89,162
Cardiff,57,162
Cardiff,88,162
Newport,173,162
Cardiff,18,162
Newport,54,162
Bangor,136,162
Swansea,79,162
Bangor,40,162
Bangor,74,162
Swansea,41,162
Bangor,19,162
Newport,69,162
Cardiff,138,162
Swansea,111,162
Bangor,35,162
Newport,153,162
Swansea,82,162
Newport,108,162
Bangor,191,162
Newport,76,162
Cardiff,128,162
Swansea,76,162
Bangor,114,162
Swansea,60,162
Cardiff,23,162
Swansea,116,162
Bangor,22,162
Bangor,7,162
Swansea,174,162
Swansea,196,162
Swansea,40,162
Swansea,162,162
Cardiff,164,162
Swansea,98,162
Newport,117,162
Cardiff,70,162
Bangor,130,162
Cardiff,120,162
Cardiff,48,162
Bangor,140,162
Swansea,5,162
Bangor,119,162
Cardiff,74,162
Cardiff,90,162
Newport,6,162
Newport,18,162
Swansea,66,162
Newport,79,162
Newport,132,162
Swansea,28,162
Bangor,120,162
Newport,81,162
Cardiff,73,162
Bangor,3,162
Cardiff,120,162
Newport,148,162
Bangor,146,162
Swansea,140,162
Swansea,129,162
Newport,199,162
Newport,60,162
Swansea,141,162
Newport,56,162
Bangor,119,162
Newport,185,162
Bangor,14,162
Bangor,197,162
Bangor,200,162
Swansea,188,162
Swansea,85,162
Newport,40,162
Swansea,162,162
Newport,164,162
Newport,148,162
Cardiff,1,162
Newport,81,162
Cardiff,117,162
Newport,108,162
Swansea,132,162
Bangor,75,162
Newport,59,162
Newport,147,162
Swansea,174,162
Cardiff,82,162
Cardiff,58,162
Swansea,188,162
Bangor,189,162
Cardiff,167,162
Swansea,126,162
Cardiff,188,162
Swansea,28,162
Swansea,131,162
Newport,61,162
Swansea,111,162
Bangor,142,162
Swansea,20,162
Bangor,143,162
Newport,52,162
Swansea,100,162
Bangor,179,162
Cardiff,96,162
Bangor,35,162
Swansea,63,162
Newport,68,162
Swansea,110,162
Newport,69,162
Newport,179,162
Newport,62,162
Newport,170,162
Bangor,84,162
Newport,61,162
Bangor,138,162
Bangor,189,162
Newport,96,162
Bangor,118,162
Swansea,199,162
Swansea,100,162
Swansea,158,162
Swansea,91,162
Newport,150,162
Newport,123,162
Newport,157,162
Cardiff,163,162
Swansea,102,162
Bangor,43,162
Newport,179,162
Cardiff,37,162
Swansea,156,162
Newport,40,162
Newport,44,162
Cardiff,29,162
Newport,99,162
Cardiff,8,162
Newport,47,162
Newport,147,162
Newport,72,162
Cardiff,112,162
Swansea,80,162
Newport,91,162
Bangor,62,162
Cardiff,55,162
Cardiff,20,162
Newport,130,162
Newport,166,162
Swansea,53,162
Cardiff,160,162
Bangor,162,162
Swansea,95,162
Newport,110,162
Swansea,120,162
Newport,116,162
Swansea,65,162
Bangor,164,162
Cardiff,88,162
Newport,174,162
Cardiff,95,162
Bangor,184,162
Cardiff,113,162
Bangor,57,162
Bangor,170,162
Swansea,94,162
Bangor,102,162
Bangor,42,162
Cardiff,42,162
Newport,156,162
Newport,43,162
Swansea,21,162
Newport,146,162
Newport,89,162
Cardiff,126,162
Cardiff,62,162
Bangor,53,162
Cardiff,113,162
Cardiff,191,162
Swansea,38,162
Swansea,131,162
Newport,26,162
Newport,92,162
Newport,123,162
Cardiff,151,162
Cardiff,25,162
Cardiff,71,162
Bangor,150,162
Swansea,143,162
Swansea,108,162
