City,Quantity,Product_Code
Cardiff,74,132
Cardiff,17,132
Swansea,3,132
Bangor,4,132
Cardiff,178,132
Newport,28,132
Cardiff,158,132
Cardiff,58,132
Newport,69,132
Swansea,110,132
Bangor,87,132
Cardiff,135,132
Newport,15,132
Newport,149,132
Newport,180,132
Newport,133,132
Bangor,86,132
Cardiff,65,132
Bangor,47,132
Cardiff,27,132
Swansea,139,132
Swansea,94,132
Swansea,32,132
Bangor,93,132
Bangor,162,132
Bangor,153,132
Cardiff,88,132
Newport,37,132
Cardiff,184,132
Swansea,108,132
Bangor,32,132
Cardiff,169,132
Cardiff,120,132
Bangor,150,132
Cardiff,170,132
Bangor,54,132
Cardiff,186,132
Bangor,141,132
Cardiff,80,132
Bangor,95,132
Swansea,196,132
Cardiff,0,132
Newport,62,132
Bangor,105,132
Swansea,155,132
Swansea,132,132
Cardiff,37,132
Newport,12,132
Bangor,92,132
Cardiff,160,132
Swansea,105,132
Swansea,138,132
Newport,173,132
Newport,86,132
Cardiff,189,132
Swansea,19,132
Bangor,110,132
Newport,132,132
Newport,69,132
Newport,135,132
Bangor,136,132
Swansea,95,132
Newport,168,132
Cardiff,1,132
Newport,140,132
Newport,112,132
Cardiff,18,132
Cardiff,133,132
Swansea,40,132
Newport,81,132
Bangor,134,132
Cardiff,140,132
Bangor,86,132
Bangor,139,132
Newport,120,132
Cardiff,120,132
Newport,157,132
Newport,171,132
Cardiff,19,132
Newport,158,132
Newport,115,132
Cardiff,140,132
Cardiff,151,132
Cardiff,47,132
Newport,100,132
Newport,49,132
Bangor,182,132
Bangor,182,132
Newport,64,132
Cardiff,121,132
Swansea,120,132
Bangor,146,132
Bangor,182,132
Bangor,46,132
Swansea,146,132
Bangor,111,132
Swansea,141,132
Swansea,1,132
Cardiff,85,132
Newport,27,132
Cardiff,98,132
Newport,65,132
Newport,196,132
Newport,45,132
Swansea,124,132
Newport,95,132
Bangor,18,132
Cardiff,17,132
Cardiff,192,132
Swansea,99,132
Swansea,197,132
Bangor,6,132
Bangor,118,132
Bangor,5,132
Cardiff,105,132
Swansea,186,132
Swansea,110,132
Swansea,174,132
Newport,91,132
Swansea,14,132
Newport,92,132
Swansea,136,132
Cardiff,14,132
Newport,79,132
Cardiff,152,132
Newport,114,132
Cardiff,62,132
Bangor,47,132
Newport,182,132
Bangor,157,132
Swansea,112,132
Newport,51,132
Newport,54,132
Bangor,89,132
Swansea,161,132
Swansea,163,132
Swansea,157,132
Swansea,95,132
Cardiff,29,132
Cardiff,117,132
Swansea,160,132
Swansea,92,132
Newport,189,132
Cardiff,140,132
Newport,75,132
Swansea,169,132
Bangor,139,132
Newport,40,132
Newport,37,132
Cardiff,69,132
Swansea,151,132
Cardiff,149,132
Cardiff,177,132
Cardiff,28,132
Newport,3,132
Swansea,24,132
Cardiff,37,132
Bangor,185,132
Bangor,5,132
Cardiff,198,132
Swansea,193,132
Swansea,180,132
Newport,168,132
Swansea,15,132
Newport,130,132
Newport,89,132
Newport,133,132
Cardiff,154,132
Bangor,111,132
Cardiff,120,132
Swansea,122,132
Newport,71,132
Bangor,122,132
Bangor,61,132
Bangor,135,132
Newport,169,132
Newport,166,132
Newport,143,132
Bangor,124,132
Newport,98,132
Bangor,150,132
Cardiff,82,132
Bangor,131,132
Swansea,90,132
Bangor,195,132
Swansea,191,132
Cardiff,111,132
Swansea,106,132
Newport,112,132
Swansea,159,132
Bangor,100,132
Cardiff,166,132
Newport,81,132
Swansea,141,132
Newport,189,132
Newport,21,132
Swansea,179,132
Swansea,62,132
Newport,196,132
Swansea,128,132
Bangor,42,132
Cardiff,57,132
Newport,131,132
Swansea,97,132
Bangor,93,132
Bangor,27,132
Cardiff,170,132
Swansea,183,132
Bangor,17,132
Newport,56,132
Newport,65,132
Swansea,175,132
Cardiff,82,132
Newport,81,132
Swansea,160,132
Newport,94,132
Bangor,189,132
Cardiff,162,132
Swansea,178,132
Cardiff,71,132
Bangor,47,132
Newport,155,132
Cardiff,62,132
Swansea,125,132
Bangor,35,132
Bangor,179,132
Swansea,44,132
Newport,144,132
Newport,141,132
Swansea,51,132
Cardiff,76,132
Swansea,133,132
Cardiff,198,132
Bangor,1,132
Cardiff,52,132
Newport,91,132
Swansea,47,132
Swansea,120,132
Swansea,48,132
Swansea,187,132
Swansea,136,132
Bangor,191,132
Swansea,192,132
Bangor,164,132
Bangor,93,132
Cardiff,69,132
Cardiff,10,132
Cardiff,22,132
Cardiff,196,132
Cardiff,67,132
Swansea,80,132
