City,Quantity,Product_Code
Newport,78,72
Bangor,70,72
Bangor,118,72
Cardiff,123,72
Newport,196,72
Swansea,167,72
Bangor,180,72
Swansea,87,72
Swansea,88,72
Bangor,107,72
Newport,178,72
Bangor,26,72
Swansea,113,72
Cardiff,178,72
Cardiff,24,72
Newport,79,72
Cardiff,60,72
Newport,162,72
Newport,22,72
Cardiff,142,72
Newport,116,72
Swansea,194,72
Swansea,64,72
Newport,129,72
Cardiff,130,72
Swansea,58,72
Bangor,3,72
Bangor,197,72
Bangor,165,72
Cardiff,132,72
Swansea,0,72
Bangor,154,72
Bangor,107,72
Bangor,142,72
Swansea,37,72
Bangor,1,72
Bangor,188,72
Swansea,122,72
Bangor,102,72
Bangor,16,72
Newport,156,72
Swansea,169,72
Cardiff,160,72
Cardiff,8,72
Swansea,188,72
Cardiff,20,72
Swansea,122,72
Newport,113,72
Bangor,79,72
Cardiff,98,72
Swansea,3,72
Cardiff,194,72
Swansea,158,72
Cardiff,22,72
Cardiff,156,72
Bangor,195,72
Cardiff,96,72
Bangor,93,72
Cardiff,123,72
Swansea,125,72
Bangor,80,72
Swansea,31,72
Swansea,52,72
Bangor,70,72
Newport,187,72
Newport,185,72
Swansea,80,72
Cardiff,181,72
Cardiff,58,72
Swansea,88,72
Bangor,41,72
Newport,153,72
Newport,32,72
Newport,17,72
Cardiff,117,72
Newport,136,72
Swansea,15,72
Cardiff,23,72
Bangor,153,72
Bangor,51,72
Newport,118,72
Newport,57,72
Newport,45,72
Bangor,126,72
Bangor,38,72
Newport,200,72
Bangor,8,72
Swansea,84,72
Newport,43,72
Newport,147,72
Newport,123,72
Swansea,89,72
Newport,81,72
Swansea,14,72
Swansea,120,72
Bangor,86,72
Cardiff,124,72
Swansea,71,72
Swansea,127,72
Swansea,155,72
Bangor,172,72
Swansea,190,72
Swansea,186,72
Newport,62,72
Cardiff,20,72
Swansea,99,72
Bangor,145,72
Cardiff,105,72
Bangor,119,72
Cardiff,2,72
Cardiff,78,72
Cardiff,139,72
Cardiff,102,72
Swansea,45,72
Cardiff,102,72
Swansea,39,72
Swansea,59,72
Bangor,154,72
Bangor,128,72
Swansea,91,72
Swansea,140,72
Bangor,166,72
Newport,123,72
Bangor,100,72
Swansea,158,72
Bangor,86,72
Swansea,56,72
Cardiff,157,72
Newport,141,72
Cardiff,26,72
Newport,121,72
Cardiff,44,72
Swansea,122,72
Swansea,113,72
Bangor,158,72
Bangor,108,72
Cardiff,97,72
Swansea,104,72
Newport,122,72
Bangor,8,72
Swansea,79,72
Cardiff,68,72
Cardiff,147,72
Newport,106,72
Swansea,87,72
Swansea,102,72
Newport,189,72
Bangor,19,72
Bangor,195,72
Bangor,172,72
Newport,195,72
Newport,134,72
Bangor,146,72
Cardiff,98,72
Cardiff,153,72
Newport,9,72
Cardiff,67,72
Newport,152,72
Cardiff,71,72
Newport,16,72
Newport,91,72
Swansea,33,72
Bangor,149,72
Newport,13,72
Swansea,53,72
Cardiff,120,72
Swansea,138,72
Newport,157,72
Swansea,189,72
Cardiff,74,72
Bangor,96,72
Cardiff,64,72
Newport,197,72
Newport,165,72
Newport,74,72
Bangor,50,72
Bangor,154,72
Newport,186,72
Bangor,158,72
Swansea,183,72
Bangor,190,72
Swansea,48,72
Swansea,111,72
Cardiff,83,72
Newport,198,72
Swansea,159,72
Swansea,0,72
Swansea,196,72
Swansea,25,72
Cardiff,23,72
Cardiff,131,72
Bangor,11,72
Bangor,134,72
Bangor,124,72
Bangor,46,72
Cardiff,35,72
Swansea,96,72
Swansea,70,72
Bangor,46,72
Swansea,81,72
Newport,147,72
Newport,19,72
Bangor,116,72
Swansea,54,72
Newport,80,72
Newport,72,72
Bangor,50,72
Newport,46,72
Swansea,157,72
Bangor,36,72
Swansea,52,72
Cardiff,135,72
Bangor,110,72
Cardiff,124,72
Cardiff,163,72
Swansea,121,72
Newport,74,72
Bangor,103,72
Bangor,16,72
Cardiff,71,72
Cardiff,195,72
Bangor,200,72
Bangor,134,72
Swansea,178,72
Cardiff,65,72
Swansea,19,72
Newport,25,72
Bangor,73,72
Bangor,173,72
Newport,184,72
Cardiff,9,72
Cardiff,31,72
Bangor,178,72
Cardiff,42,72
Cardiff,37,72
Cardiff,194,72
Bangor,142,72
Newport,177,72
Swansea,146,72
Cardiff,31,72
Newport,34,72
Bangor,64,72
Swansea,170,72
Newport,19,72
Newport,22,72
Swansea,54,72
Swansea,171,72
Cardiff,94,72
Swansea,39,72
Newport,117,72
Newport,67,72
