City,Quantity,Product_Code
Swansea,73,78
Cardiff,66,78
Cardiff,180,78
Bangor,79,78
Cardiff,128,78
Swansea,90,78
Swansea,10,78
Swansea,90,78
Bangor,182,78
Newport,132,78
Cardiff,57,78
Newport,4,78
Newport,168,78
Bangor,182,78
Cardiff,164,78
Bangor,54,78
Newport,168,78
Bangor,70,78
Newport,196,78
Bangor,185,78
Bangor,155,78
Cardiff,179,78
Swansea,176,78
Bangor,51,78
Swansea,116,78
Newport,168,78
Swansea,100,78
Cardiff,61,78
Bangor,93,78
Cardiff,198,78
Cardiff,33,78
Swansea,83,78
Newport,26,78
Swansea,54,78
Bangor,7,78
Newport,2,78
Newport,15,78
Swansea,36,78
Swansea,183,78
Swansea,149,78
Cardiff,150,78
Cardiff,31,78
Swansea,79,78
Cardiff,2,78
Newport,90,78
Swansea,121,78
Newport,45,78
Newport,101,78
Cardiff,94,78
Cardiff,191,78
Bangor,185,78
Bangor,113,78
Newport,197,78
Newport,184,78
Cardiff,131,78
Cardiff,53,78
Newport,19,78
Bangor,19,78
Swansea,94,78
Cardiff,22,78
Cardiff,39,78
Newport,170,78
Newport,80,78
Newport,162,78
Newport,172,78
Swansea,41,78
Newport,100,78
Swansea,4,78
Cardiff,3,78
Swansea,82,78
Bangor,73,78
Bangor,53,78
Newport,33,78
Bangor,68,78
Cardiff,58,78
Bangor,23,78
Swansea,46,78
Newport,71,78
Cardiff,135,78
Cardiff,186,78
Newport,123,78
Bangor,184,78
Newport,30,78
Swansea,111,78
Bangor,13,78
Bangor,137,78
Bangor,137,78
Swansea,195,78
Bangor,45,78
Swansea,166,78
Newport,4,78
Newport,46,78
Newport,129,78
Cardiff,138,78
Swansea,83,78
Swansea,164,78
Swansea,155,78
Cardiff,192,78
Swansea,104,78
Bangor,47,78
Bangor,110,78
Cardiff,181,78
Newport,132,78
Cardiff,62,78
Newport,39,78
Swansea,119,78
Swansea,96,78
Cardiff,22,78
Cardiff,64,78
Newport,17,78
Bangor,43,78
Bangor,23,78
Newport,74,78
Swansea,113,78
Swansea,134,78
Newport,189,78
Swansea,94,78
Newport,126,78
Cardiff,6,78
Bangor,195,78
Bangor,31,78
Bangor,62,78
Bangor,118,78
Cardiff,38,78
Newport,86,78
Swansea,86,78
Bangor,95,78
Newport,70,78
Cardiff,134,78
Bangor,80,78
Cardiff,110,78
Cardiff,106,78
Bangor,159,78
Newport,127,78
Swansea,7,78
Bangor,169,78
Newport,37,78
Bangor,52,78
Cardiff,99,78
Swansea,192,78
Bangor,39,78
Bangor,147,78
Swansea,9,78
Cardiff,32,78
Newport,19,78
Newport,82,78
Swansea,109,78
Swansea,162,78
Bangor,105,78
Newport,176,78
Swansea,101,78
Newport,104,78
Newport,165,78
Swansea,28,78
Bangor,155,78
Newport,126,78
Bangor,93,78
Bangor,102,78
Swansea,10,78
Swansea,26,78
Bangor,5,78
Swansea,90,78
Bangor,196,78
Newport,181,78
Newport,48,78
Cardiff,13,78
Cardiff,117,78
Newport,144,78
Swansea,14,78
Swansea,0,78
Newport,136,78
Cardiff,115,78
Cardiff,139,78
Swansea,187,78
Newport,28,78
Swansea,197,78
Swansea,126,78
Cardiff,4,78
Bangor,164,78
Swansea,137,78
Cardiff,148,78
Bangor,57,78
Newport,94,78
Cardiff,169,78
Newport,75,78
Swansea,107,78
Cardiff,131,78
Cardiff,99,78
Bangor,194,78
Cardiff,154,78
Swansea,113,78
Bangor,72,78
Bangor,2,78
Swansea,151,78
Swansea,137,78
Swansea,35,78
Cardiff,117,78
Cardiff,112,78
Cardiff,128,78
Newport,44,78
Swansea,58,78
Newport,0,78
Newport,47,78
Swansea,58,78
Swansea,91,78
Cardiff,46,78
Swansea,131,78
Cardiff,80,78
Swansea,115,78
Swansea,120,78
Newport,97,78
Swansea,140,78
Newport,135,78
Cardiff,126,78
Swansea,146,78
Newport,132,78
Newport,172,78
Bangor,125,78
Swansea,56,78
Bangor,173,78
Cardiff,188,78
Newport,116,78
Newport,76,78
Swansea,123,78
Swansea,161,78
Swansea,186,78
Cardiff,74,78
Cardiff,72,78
Newport,111,78
Swansea,92,78
Bangor,24,78
Newport,51,78
Cardiff,115,78
Cardiff,70,78
Swansea,89,78
Bangor,46,78
Newport,151,78
Swansea,44,78
Swansea,107,78
Swansea,7,78
Swansea,5,78
Swansea,115,78
Cardiff,157,78
Newport,97,78
Swansea,30,78
Newport,52,78
Swansea,25,78
Swansea,74,78
Newport,191,78
Cardiff,105,78
Newport,139,78
