City,Quantity,Product_Code
Newport,126,185
Newport,163,185
Newport,11,185
Swansea,115,185
Swansea,194,185
Cardiff,31,185
Cardiff,80,185
Bangor,96,185
Newport,114,185
Cardiff,168,185
Cardiff,50,185
Cardiff,53,185
Newport,58,185
Bangor,182,185
Swansea,168,185
Cardiff,76,185
Newport,146,185
Swansea,48,185
Newport,137,185
Swansea,186,185
Bangor,148,185
Newport,166,185
Newport,162,185
Cardiff,65,185
Swansea,91,185
Newport,22,185
Swansea,106,185
Swansea,54,185
Swansea,76,185
Cardiff,135,185
Swansea,53,185
Swansea,182,185
Swansea,57,185
Bangor,13,185
Bangor,62,185
Bangor,177,185
Bangor,126,185
Bangor,109,185
Cardiff,140,185
Newport,131,185
Cardiff,58,185
Swansea,148,185
Swansea,117,185
Newport,171,185
Swansea,85,185
Swansea,108,185
Newport,81,185
Bangor,10,185
Newport,77,185
Bangor,106,185
Cardiff,125,185
Cardiff,145,185
Bangor,191,185
Swansea,112,185
Swansea,88,185
Bangor,77,185
Newport,147,185
Newport,65,185
Newport,179,185
Newport,94,185
Cardiff,59,185
Cardiff,69,185
Swansea,196,185
Cardiff,45,185
Bangor,159,185
Newport,71,185
Bangor,9,185
Swansea,139,185
Bangor,45,185
Swansea,105,185
Newport,89,185
Newport,69,185
Cardiff,63,185
Newport,2,185
Cardiff,190,185
Swansea,54,185
Bangor,68,185
Newport,80,185
Bangor,160,185
Bangor,161,185
Cardiff,51,185
Bangor,174,185
Swansea,22,185
Bangor,76,185
Swansea,84,185
Newport,192,185
Bangor,74,185
Bangor,96,185
Cardiff,187,185
Cardiff,57,185
Cardiff,24,185
Bangor,120,185
Swansea,68,185
Swansea,181,185
Cardiff,22,185
Newport,193,185
Cardiff,56,185
Cardiff,52,185
Swansea,126,185
Bangor,162,185
Newport,174,185
Cardiff,139,185
Newport,107,185
Cardiff,152,185
Bangor,180,185
Cardiff,118,185
Newport,180,185
Swansea,32,185
Swansea,4,185
Swansea,55,185
Swansea,2,185
Cardiff,180,185
Cardiff,41,185
Cardiff,97,185
Cardiff,37,185
Bangor,176,185
Bangor,141,185
Bangor,158,185
Cardiff,164,185
Newport,144,185
Newport,49,185
Newport,132,185
Cardiff,130,185
Newport,48,185
Newport,15,185
Bangor,161,185
Bangor,153,185
Bangor,193,185
Swansea,71,185
Cardiff,30,185
Swansea,109,185
Cardiff,192,185
Swansea,179,185
Swansea,192,185
Cardiff,146,185
Newport,110,185
Bangor,146,185
Cardiff,97,185
Newport,49,185
Swansea,158,185
Cardiff,113,185
Cardiff,98,185
Bangor,33,185
Bangor,180,185
Bangor,46,185
Swansea,83,185
Swansea,174,185
Newport,51,185
Bangor,169,185
Swansea,121,185
Swansea,139,185
Bangor,98,185
Newport,53,185
Newport,150,185
Bangor,28,185
Bangor,81,185
Cardiff,184,185
Swansea,62,185
Bangor,11,185
Newport,137,185
Newport,50,185
Bangor,195,185
Cardiff,88,185
Cardiff,35,185
Bangor,199,185
Bangor,172,185
Newport,94,185
Cardiff,152,185
Newport,140,185
Newport,92,185
Bangor,142,185
Swansea,67,185
Newport,47,185
Cardiff,94,185
Swansea,121,185
Newport,99,185
Cardiff,172,185
Swansea,5,185
Swansea,133,185
Bangor,184,185
Newport,186,185
Bangor,157,185
Cardiff,115,185
Newport,33,185
Bangor,134,185
Swansea,4,185
Bangor,167,185
Newport,48,185
Bangor,61,185
Swansea,122,185
Bangor,166,185
Newport,54,185
Swansea,49,185
Swansea,15,185
Swansea,147,185
Bangor,198,185
Swansea,7,185
Newport,175,185
Swansea,163,185
Cardiff,75,185
Bangor,195,185
Cardiff,108,185
Bangor,11,185
Newport,63,185
Cardiff,122,185
Bangor,178,185
Bangor,85,185
Swansea,112,185
Cardiff,12,185
Swansea,87,185
Bangor,30,185
Swansea,96,185
Swansea,131,185
Bangor,174,185
Newport,150,185
Cardiff,13,185
Newport,41,185
Newport,94,185
Newport,14,185
Newport,131,185
Swansea,197,185
Newport,78,185
Cardiff,144,185
Cardiff,56,185
Bangor,30,185
Bangor,69,185
Bangor,126,185
Newport,149,185
Bangor,184,185
Newport,52,185
Newport,43,185
Swansea,62,185
Bangor,49,185
Newport,181,185
Newport,73,185
Bangor,129,185
Bangor,75,185
Swansea,150,185
Bangor,124,185
Swansea,126,185
Cardiff,26,185
Swansea,115,185
Cardiff,183,185
Bangor,177,185
Swansea,29,185
Cardiff,105,185
Cardiff,41,185
Newport,93,185
Bangor,108,185
Cardiff,31,185
Newport,56,185
