City,Quantity,Product_Code
Cardiff,73,152
Cardiff,50,152
Swansea,163,152
Cardiff,139,152
Swansea,115,152
Bangor,117,152
Newport,154,152
Swansea,68,152
Swansea,170,152
Newport,183,152
Newport,102,152
Newport,103,152
Cardiff,129,152
Cardiff,1,152
Cardiff,91,152
Swansea,4,152
Bangor,181,152
Cardiff,37,152
Swansea,47,152
Swansea,66,152
Swansea,158,152
Newport,160,152
Newport,142,152
Cardiff,45,152
Bangor,47,152
Bangor,119,152
Bangor,123,152
Swansea,138,152
Bangor,72,152
Swansea,15,152
Cardiff,188,152
Newport,96,152
Cardiff,142,152
Bangor,84,152
Bangor,120,152
Newport,133,152
Bangor,125,152
Swansea,167,152
Bangor,197,152
Newport,68,152
Newport,118,152
Swansea,6,152
Bangor,4,152
Cardiff,147,152
Bangor,25,152
Cardiff,88,152
Swansea,92,152
Cardiff,22,152
Newport,162,152
Swansea,118,152
Swansea,168,152
Cardiff,25,152
Newport,21,152
Bangor,151,152
Swansea,25,152
Newport,41,152
Bangor,200,152
Swansea,54,152
Newport,156,152
Cardiff,79,152
Newport,131,152
Swansea,76,152
Cardiff,154,152
Cardiff,155,152
Swansea,84,152
Bangor,182,152
Newport,68,152
Cardiff,106,152
Bangor,95,152
Bangor,176,152
Swansea,173,152
Swansea,137,152
Swansea,89,152
Cardiff,162,152
Swansea,1,152
Bangor,7,152
Cardiff,16,152
Swansea,27,152
Cardiff,29,152
Swansea,100,152
Swansea,71,152
Newport,134,152
Cardiff,36,152
Cardiff,81,152
Cardiff,76,152
Cardiff,183,152
Swansea,87,152
Swansea,62,152
Cardiff,48,152
Swansea,92,152
Bangor,29,152
Newport,116,152
Cardiff,165,152
Swansea,107,152
Bangor,67,152
Swansea,77,152
Newport,122,152
Bangor,5,152
Newport,148,152
Newport,151,152
Cardiff,186,152
Newport,44,152
Swansea,89,152
Cardiff,117,152
Newport,194,152
Swansea,13,152
Newport,195,152
Bangor,22,152
Bangor,140,152
Swansea,151,152
Bangor,107,152
Bangor,58,152
Bangor,13,152
Swansea,55,152
Swansea,158,152
Newport,191,152
Swansea,174,152
Swansea,63,152
Bangor,7,152
Cardiff,149,152
Bangor,130,152
Newport,104,152
Bangor,163,152
Newport,93,152
Newport,120,152
Bangor,16,152
Swansea,73,152
Bangor,54,152
Cardiff,117,152
Swansea,68,152
Swansea,168,152
Newport,118,152
Cardiff,121,152
Cardiff,174,152
Swansea,142,152
Bangor,32,152
Cardiff,105,152
Newport,61,152
Newport,24,152
Swansea,174,152
Cardiff,187,152
Cardiff,38,152
Swansea,173,152
Bangor,90,152
Cardiff,52,152
Newport,152,152
Cardiff,78,152
Swansea,96,152
Bangor,154,152
Cardiff,98,152
Bangor,26,152
Swansea,114,152
Bangor,17,152
Swansea,62,152
Bangor,79,152
Swansea,81,152
Newport,11,152
Cardiff,139,152
Swansea,85,152
Cardiff,7,152
Newport,48,152
Newport,198,152
Swansea,54,152
Newport,0,152
Bangor,135,152
Newport,191,152
Swansea,32,152
Swansea,6,152
Cardiff,162,152
Swansea,29,152
Newport,114,152
Cardiff,48,152
Newport,28,152
Swansea,19,152
Newport,131,152
Swansea,148,152
Swansea,190,152
Bangor,67,152
Newport,83,152
Newport,154,152
Cardiff,66,152
Bangor,143,152
Swansea,143,152
Newport,27,152
Swansea,163,152
Swansea,43,152
Newport,26,152
Swansea,11,152
Newport,45,152
Newport,70,152
Cardiff,38,152
Swansea,102,152
Swansea,52,152
Newport,109,152
Bangor,117,152
Newport,41,152
Bangor,74,152
Swansea,148,152
Newport,59,152
Cardiff,128,152
Newport,69,152
Cardiff,1,152
Swansea,180,152
Swansea,191,152
Swansea,162,152
Cardiff,153,152
Newport,16,152
Swansea,136,152
Bangor,63,152
Swansea,182,152
Cardiff,93,152
Bangor,132,152
Newport,63,152
Swansea,99,152
Newport,20,152
Cardiff,73,152
Swansea,22,152
Swansea,21,152
Newport,74,152
Swansea,198,152
Cardiff,4,152
Bangor,96,152
Swansea,3,152
Swansea,17,152
Bangor,64,152
Bangor,24,152
Cardiff,134,152
Bangor,51,152
Cardiff,6,152
Newport,125,152
Bangor,89,152
Bangor,141,152
Cardiff,81,152
Bangor,157,152
Bangor,148,152
Newport,27,152
Swansea,31,152
Newport,49,152
Newport,78,152
Cardiff,34,152
Swansea,73,152
Bangor,139,152
Swansea,197,152
Bangor,32,152
Cardiff,8,152
Cardiff,99,152
Cardiff,81,152
Bangor,200,152
Swansea,171,152
Bangor,155,152
Newport,44,152
