City,Quantity,Product_Code
Swansea,81,31
Bangor,196,31
Bangor,5,31
Swansea,165,31
Bangor,13,31
Bangor,196,31
Newport,59,31
Swansea,6,31
Swansea,165,31
Newport,134,31
Swansea,186,31
Bangor,112,31
Swansea,74,31
Bangor,152,31
Cardiff,58,31
Cardiff,100,31
Cardiff,62,31
Cardiff,174,31
Swansea,171,31
Swansea,153,31
Swansea,5,31
Cardiff,114,31
Newport,182,31
Newport,59,31
Cardiff,91,31
Newport,34,31
Bangor,142,31
Newport,107,31
Newport,175,31
Cardiff,80,31
Bangor,56,31
Bangor,83,31
Cardiff,66,31
Swansea,41,31
Swansea,183,31
Cardiff,137,31
Newport,11,31
Swansea,160,31
Newport,145,31
Cardiff,113,31
Newport,34,31
Bangor,139,31
Bangor,65,31
Swansea,45,31
Swansea,38,31
Bangor,44,31
Cardiff,160,31
Bangor,16,31
Swansea,171,31
Newport,52,31
Swansea,105,31
Newport,94,31
Cardiff,41,31
Bangor,67,31
Swansea,198,31
Cardiff,137,31
Swansea,178,31
Cardiff,71,31
Newport,114,31
Swansea,134,31
Swansea,51,31
Newport,110,31
Cardiff,155,31
Swansea,150,31
Cardiff,29,31
Newport,108,31
Newport,154,31
Swansea,12,31
Newport,16,31
Newport,66,31
Cardiff,78,31
Bangor,151,31
Newport,151,31
Newport,108,31
Bangor,105,31
Bangor,20,31
Newport,25,31
Swansea,96,31
Bangor,11,31
Bangor,7,31
Swansea,159,31
Bangor,125,31
Swansea,92,31
Bangor,96,31
Bangor,96,31
Swansea,6,31
Swansea,14,31
Bangor,0,31
Swansea,51,31
Swansea,44,31
Newport,73,31
Bangor,174,31
Cardiff,99,31
Swansea,67,31
Bangor,176,31
Bangor,82,31
Newport,8,31
Bangor,148,31
Cardiff,57,31
Bangor,103,31
Bangor,153,31
Bangor,177,31
Bangor,80,31
Swansea,122,31
Cardiff,101,31
Cardiff,122,31
Swansea,143,31
Newport,34,31
Newport,176,31
Bangor,132,31
Swansea,106,31
Bangor,105,31
Bangor,167,31
Newport,124,31
Bangor,37,31
Cardiff,124,31
Swansea,52,31
Bangor,105,31
Bangor,159,31
Cardiff,174,31
Newport,100,31
Newport,180,31
Cardiff,186,31
Bangor,78,31
Cardiff,113,31
Bangor,189,31
Bangor,181,31
Cardiff,36,31
Newport,125,31
Bangor,64,31
Newport,198,31
Cardiff,133,31
Bangor,56,31
Newport,43,31
Newport,49,31
Swansea,112,31
Cardiff,69,31
Bangor,53,31
Cardiff,103,31
Swansea,64,31
Bangor,183,31
Swansea,100,31
Bangor,59,31
Bangor,131,31
Newport,172,31
Newport,172,31
Swansea,1,31
Newport,82,31
Cardiff,60,31
Swansea,160,31
Cardiff,31,31
Bangor,172,31
Cardiff,67,31
Bangor,85,31
Cardiff,135,31
Bangor,74,31
Cardiff,53,31
Swansea,61,31
Swansea,197,31
Newport,179,31
Swansea,166,31
Swansea,120,31
Bangor,107,31
Bangor,24,31
Newport,114,31
Bangor,147,31
Cardiff,193,31
Bangor,59,31
Newport,53,31
Cardiff,138,31
Cardiff,26,31
Cardiff,133,31
Swansea,110,31
Bangor,70,31
Swansea,108,31
Swansea,105,31
Bangor,115,31
Newport,101,31
Swansea,99,31
Cardiff,49,31
Cardiff,24,31
Newport,100,31
Bangor,62,31
Newport,71,31
Swansea,8,31
Cardiff,0,31
Newport,51,31
Bangor,83,31
Bangor,195,31
Swansea,188,31
Swansea,65,31
Newport,133,31
Cardiff,46,31
Bangor,174,31
Cardiff,141,31
Cardiff,164,31
Cardiff,181,31
Cardiff,18,31
Newport,73,31
Bangor,42,31
Swansea,173,31
Swansea,25,31
Cardiff,167,31
Newport,186,31
Newport,156,31
Swansea,36,31
Bangor,111,31
Cardiff,193,31
Bangor,109,31
Swansea,8,31
Cardiff,41,31
Bangor,119,31
Newport,34,31
Swansea,139,31
Newport,194,31
Newport,179,31
Swansea,18,31
Swansea,20,31
Swansea,80,31
Bangor,181,31
Swansea,188,31
Newport,125,31
Swansea,188,31
Newport,103,31
Swansea,66,31
Newport,168,31
Swansea,177,31
Newport,26,31
Bangor,193,31
Newport,192,31
Newport,78,31
Newport,130,31
Bangor,33,31
Bangor,1,31
Bangor,1,31
Newport,197,31
Swansea,142,31
Cardiff,150,31
Bangor,180,31
Cardiff,194,31
Cardiff,126,31
Swansea,61,31
Swansea,147,31
Swansea,148,31
Cardiff,172,31
Swansea,157,31
Newport,34,31
Swansea,151,31
Swansea,106,31
Cardiff,176,31
Bangor,144,31
