City,Quantity,Product_Code
Bangor,119,140
Bangor,66,140
Newport,139,140
Newport,111,140
Swansea,6,140
Newport,164,140
Newport,78,140
Bangor,38,140
Newport,140,140
Swansea,88,140
Bangor,10,140
Swansea,118,140
Newport,196,140
Bangor,119,140
Cardiff,154,140
Newport,21,140
Newport,52,140
Newport,137,140
Newport,13,140
Swansea,9,140
Swansea,33,140
Bangor,185,140
Newport,148,140
Newport,81,140
Bangor,137,140
Swansea,102,140
Cardiff,57,140
Newport,169,140
Bangor,20,140
Newport,64,140
Newport,80,140
Bangor,187,140
Bangor,154,140
Newport,5,140
Cardiff,80,140
Newport,179,140
Swansea,9,140
Bangor,115,140
Cardiff,130,140
Newport,144,140
Swansea,29,140
Swansea,62,140
Swansea,158,140
Swansea,165,140
Bangor,174,140
Swansea,119,140
Newport,81,140
Cardiff,187,140
Swansea,40,140
Bangor,174,140
Cardiff,31,140
Newport,76,140
Newport,126,140
Bangor,136,140
Cardiff,5,140
Swansea,160,140
Bangor,69,140
Bangor,93,140
Cardiff,140,140
Swansea,141,140
Newport,28,140
Bangor,91,140
Swansea,39,140
Cardiff,53,140
Bangor,141,140
Cardiff,190,140
Bangor,25,140
Swansea,148,140
Newport,24,140
Cardiff,190,140
Swansea,125,140
Newport,177,140
Swansea,189,140
Swansea,158,140
Swansea,82,140
Swansea,184,140
Cardiff,200,140
Swansea,127,140
Cardiff,129,140
Bangor,148,140
Swansea,148,140
Bangor,157,140
Newport,144,140
Bangor,90,140
Newport,106,140
Cardiff,105,140
Cardiff,53,140
Newport,158,140
Cardiff,53,140
Newport,100,140
Bangor,114,140
Bangor,183,140
Cardiff,2,140
Bangor,164,140
Cardiff,124,140
Cardiff,44,140
Newport,105,140
Cardiff,182,140
Cardiff,194,140
Bangor,44,140
Newport,107,140
Swansea,36,140
Swansea,138,140
Newport,78,140
Bangor,75,140
Newport,17,140
Newport,32,140
Swansea,157,140
Cardiff,159,140
Bangor,196,140
Bangor,110,140
Swansea,190,140
Bangor,142,140
Newport,49,140
Cardiff,82,140
Bangor,44,140
Bangor,95,140
Swansea,1,140
Bangor,39,140
Cardiff,192,140
Swansea,76,140
Swansea,111,140
Bangor,161,140
Newport,153,140
Swansea,23,140
Bangor,83,140
Cardiff,146,140
Cardiff,142,140
Bangor,167,140
Cardiff,104,140
Bangor,80,140
Newport,129,140
Cardiff,28,140
Swansea,81,140
Swansea,127,140
Newport,140,140
Newport,35,140
Newport,29,140
Cardiff,105,140
Bangor,32,140
Bangor,124,140
Swansea,10,140
Cardiff,98,140
Newport,119,140
Swansea,123,140
Cardiff,142,140
Bangor,0,140
Swansea,98,140
Bangor,157,140
Newport,98,140
Bangor,86,140
Newport,54,140
Bangor,54,140
Bangor,119,140
Bangor,124,140
Bangor,166,140
Bangor,119,140
Swansea,188,140
Cardiff,185,140
Bangor,157,140
Cardiff,76,140
Cardiff,200,140
Newport,96,140
Newport,3,140
Newport,124,140
Newport,27,140
Bangor,36,140
Cardiff,185,140
Swansea,87,140
Bangor,119,140
Bangor,128,140
Swansea,22,140
Swansea,109,140
Newport,121,140
Swansea,168,140
Swansea,114,140
Swansea,184,140
Bangor,69,140
Bangor,127,140
Newport,40,140
Cardiff,2,140
Bangor,147,140
Cardiff,30,140
Cardiff,195,140
Bangor,39,140
Swansea,178,140
Swansea,63,140
Cardiff,96,140
Swansea,186,140
Cardiff,138,140
Newport,40,140
Swansea,80,140
Cardiff,146,140
Bangor,94,140
Newport,159,140
Bangor,33,140
Newport,121,140
Newport,91,140
Newport,138,140
Bangor,92,140
Newport,111,140
Swansea,181,140
Bangor,131,140
Newport,183,140
Swansea,48,140
Swansea,22,140
Newport,36,140
Swansea,35,140
Swansea,71,140
Cardiff,174,140
Bangor,170,140
Cardiff,45,140
Swansea,181,140
Bangor,168,140
Bangor,10,140
Newport,66,140
Swansea,39,140
Cardiff,73,140
Swansea,70,140
Swansea,198,140
Bangor,124,140
Bangor,123,140
Newport,117,140
Bangor,3,140
Bangor,7,140
Newport,64,140
Newport,198,140
Bangor,146,140
Swansea,164,140
Newport,169,140
Bangor,74,140
Bangor,126,140
Cardiff,73,140
Cardiff,43,140
Cardiff,141,140
Cardiff,131,140
Cardiff,92,140
Swansea,161,140
Cardiff,108,140
Cardiff,31,140
Swansea,54,140
Newport,90,140
Swansea,119,140
Swansea,37,140
Swansea,150,140
Bangor,156,140
Swansea,114,140
Newport,160,140
Newport,68,140
Newport,37,140
Bangor,141,140
