City,Quantity,Product_Code
Newport,141,102
Swansea,69,102
Swansea,126,102
Cardiff,55,102
Cardiff,59,102
Cardiff,135,102
Newport,54,102
Bangor,27,102
Newport,165,102
Cardiff,163,102
Bangor,37,102
Bangor,8,102
Cardiff,58,102
Bangor,94,102
Bangor,19,102
Bangor,52,102
Bangor,55,102
Bangor,6,102
Bangor,181,102
Newport,92,102
Cardiff,131,102
Cardiff,71,102
Cardiff,122,102
Bangor,125,102
Bangor,14,102
Newport,157,102
Newport,136,102
Swansea,155,102
Bangor,146,102
Swansea,128,102
Cardiff,73,102
Newport,119,102
Cardiff,55,102
Swansea,110,102
Swansea,190,102
Newport,110,102
Cardiff,139,102
Cardiff,200,102
Swansea,173,102
Cardiff,91,102
Swansea,101,102
Newport,176,102
Bangor,5,102
Bangor,86,102
Cardiff,28,102
Bangor,62,102
Newport,186,102
Bangor,188,102
Swansea,125,102
Swansea,3,102
Bangor,190,102
Swansea,192,102
Newport,54,102
Newport,142,102
Swansea,163,102
Swansea,181,102
Cardiff,119,102
Cardiff,93,102
Cardiff,1,102
Swansea,45,102
Newport,122,102
Bangor,7,102
Swansea,164,102
Swansea,125,102
Swansea,108,102
Swansea,30,102
Cardiff,150,102
Bangor,178,102
Bangor,196,102
Cardiff,194,102
Swansea,177,102
Newport,1,102
Swansea,142,102
Cardiff,8,102
Bangor,149,102
Bangor,2,102
Newport,181,102
Newport,134,102
Cardiff,35,102
Newport,40,102
Newport,159,102
Newport,129,102
Newport,92,102
Swansea,48,102
Cardiff,122,102
Cardiff,138,102
Cardiff,76,102
Newport,91,102
Newport,127,102
Cardiff,138,102
Cardiff,150,102
Cardiff,171,102
Swansea,194,102
Cardiff,182,102
Cardiff,2,102
Swansea,43,102
Cardiff,166,102
Newport,129,102
Bangor,136,102
Swansea,68,102
Bangor,116,102
Newport,19,102
Cardiff,67,102
Newport,164,102
Swansea,171,102
Cardiff,108,102
Swansea,84,102
Swansea,113,102
Bangor,134,102
Bangor,40,102
Newport,3,102
Swansea,33,102
Cardiff,177,102
Cardiff,148,102
Newport,122,102
Bangor,186,102
Swansea,178,102
Swansea,116,102
Swansea,83,102
Cardiff,73,102
Newport,19,102
Cardiff,40,102
Bangor,89,102
Cardiff,55,102
Cardiff,83,102
Cardiff,1,102
Bangor,100,102
Bangor,77,102
Bangor,55,102
Bangor,99,102
Swansea,62,102
Bangor,197,102
Bangor,177,102
Swansea,32,102
Newport,170,102
Swansea,162,102
Swansea,29,102
Newport,187,102
Swansea,8,102
Newport,42,102
Newport,84,102
Cardiff,4,102
Swansea,22,102
Newport,109,102
Newport,154,102
Newport,137,102
Newport,104,102
Cardiff,94,102
Cardiff,10,102
Cardiff,129,102
Swansea,1,102
Swansea,14,102
Cardiff,27,102
Swansea,74,102
Swansea,169,102
Bangor,20,102
Newport,118,102
Cardiff,175,102
Cardiff,167,102
Cardiff,19,102
Cardiff,156,102
Cardiff,151,102
Cardiff,188,102
Cardiff,161,102
Newport,176,102
Cardiff,126,102
Newport,96,102
Newport,86,102
Swansea,179,102
Bangor,119,102
Bangor,177,102
Bangor,22,102
Bangor,68,102
Swansea,6,102
Swansea,81,102
Newport,27,102
Newport,44,102
Cardiff,196,102
Cardiff,128,102
Bangor,13,102
Bangor,145,102
Cardiff,1,102
Bangor,45,102
Cardiff,127,102
Cardiff,118,102
Cardiff,138,102
Bangor,66,102
Newport,143,102
Swansea,174,102
Newport,169,102
Swansea,22,102
Newport,140,102
Cardiff,74,102
Cardiff,37,102
Cardiff,36,102
Cardiff,0,102
Swansea,6,102
Newport,149,102
Bangor,53,102
Cardiff,175,102
Newport,175,102
Cardiff,192,102
Bangor,200,102
Newport,52,102
Cardiff,142,102
Cardiff,77,102
Bangor,79,102
Bangor,90,102
Bangor,57,102
Newport,67,102
Newport,83,102
Bangor,162,102
Swansea,200,102
Newport,179,102
Cardiff,101,102
Newport,13,102
Swansea,58,102
Cardiff,62,102
Newport,129,102
Swansea,182,102
Cardiff,112,102
Newport,113,102
Cardiff,119,102
Newport,132,102
Newport,164,102
Newport,72,102
Bangor,82,102
Cardiff,22,102
Cardiff,52,102
Bangor,62,102
Swansea,9,102
Newport,78,102
Newport,107,102
Swansea,140,102
Newport,87,102
Bangor,60,102
Cardiff,37,102
Swansea,86,102
Swansea,72,102
Bangor,167,102
Bangor,52,102
Bangor,116,102
Newport,192,102
Cardiff,133,102
Swansea,83,102
Cardiff,88,102
Newport,67,102
Swansea,39,102
Newport,152,102
Bangor,111,102
Bangor,25,102
