City,Quantity,Product_Code
Bangor,27,28
Swansea,194,28
Swansea,81,28
Newport,26,28
Newport,87,28
Swansea,103,28
Cardiff,73,28
Bangor,110,28
Swansea,58,28
Cardiff,57,28
Newport,163,28
Swansea,186,28
Newport,176,28
Swansea,184,28
Cardiff,121,28
Swansea,69,28
Newport,114,28
Newport,12,28
Swansea,129,28
Newport,91,28
Swansea,93,28
Cardiff,77,28
Bangor,116,28
Bangor,31,28
Newport,75,28
Newport,36,28
Newport,62,28
Bangor,153,28
Newport,106,28
Cardiff,112,28
Cardiff,107,28
Swansea,15,28
Bangor,29,28
Newport,25,28
Swansea,185,28
Swansea,191,28
Cardiff,78,28
Bangor,175,28
Swansea,28,28
Bangor,169,28
Bangor,198,28
Newport,139,28
Cardiff,27,28
Swansea,137,28
Bangor,101,28
Bangor,11,28
Bangor,152,28
Bangor,165,28
Swansea,8,28
Swansea,179,28
Cardiff,150,28
Bangor,160,28
Bangor,145,28
Bangor,7,28
Cardiff,32,28
Newport,189,28
Cardiff,191,28
Swansea,32,28
Cardiff,157,28
Bangor,172,28
Cardiff,198,28
Newport,38,28
Swansea,156,28
Bangor,165,28
Cardiff,183,28
Newport,118,28
Bangor,3,28
Newport,60,28
Swansea,180,28
Cardiff,124,28
Swansea,69,28
Swansea,119,28
Cardiff,157,28
Swansea,5,28
Newport,65,28
Cardiff,182,28
Bangor,5,28
Bangor,98,28
Bangor,42,28
Newport,176,28
Swansea,159,28
Bangor,73,28
Bangor,195,28
Newport,56,28
Bangor,110,28
Cardiff,66,28
Swansea,103,28
Cardiff,166,28
Bangor,174,28
Bangor,173,28
Newport,167,28
Newport,109,28
Bangor,53,28
Cardiff,144,28
Cardiff,128,28
Cardiff,178,28
Cardiff,40,28
Cardiff,55,28
Newport,51,28
Swansea,101,28
Swansea,59,28
Swansea,181,28
Bangor,188,28
Bangor,200,28
Newport,106,28
Newport,9,28
Cardiff,96,28
Bangor,86,28
Bangor,128,28
Newport,20,28
Newport,81,28
Bangor,128,28
Newport,107,28
Newport,11,28
Bangor,61,28
Swansea,57,28
Swansea,161,28
Newport,49,28
Bangor,5,28
Swansea,85,28
Bangor,134,28
Cardiff,75,28
Newport,92,28
Cardiff,88,28
Bangor,55,28
Swansea,175,28
Newport,95,28
Swansea,24,28
Swansea,29,28
Swansea,120,28
Cardiff,200,28
Bangor,172,28
Cardiff,130,28
Bangor,100,28
Cardiff,0,28
Cardiff,11,28
Bangor,141,28
Newport,110,28
Swansea,188,28
Bangor,56,28
Swansea,161,28
Cardiff,34,28
Swansea,194,28
Bangor,132,28
Cardiff,67,28
Swansea,171,28
Cardiff,105,28
Newport,42,28
Bangor,101,28
Cardiff,0,28
Bangor,182,28
Newport,191,28
Swansea,99,28
Newport,52,28
Bangor,59,28
Swansea,8,28
Cardiff,169,28
Newport,150,28
Newport,70,28
Swansea,60,28
Swansea,156,28
Cardiff,156,28
Bangor,113,28
Swansea,123,28
Bangor,85,28
Swansea,139,28
Cardiff,174,28
Newport,159,28
Cardiff,119,28
Cardiff,154,28
Newport,141,28
Bangor,180,28
Cardiff,75,28
Bangor,77,28
Newport,85,28
Cardiff,147,28
Bangor,72,28
Cardiff,190,28
Newport,55,28
Swansea,161,28
Swansea,43,28
Cardiff,129,28
Cardiff,95,28
Bangor,192,28
Cardiff,137,28
Newport,155,28
Cardiff,9,28
Newport,95,28
Cardiff,180,28
Swansea,25,28
Newport,117,28
Swansea,37,28
Cardiff,102,28
Cardiff,93,28
Swansea,171,28
Newport,84,28
Cardiff,38,28
Swansea,126,28
Bangor,75,28
Bangor,152,28
Bangor,77,28
Bangor,155,28
Newport,57,28
Cardiff,144,28
Swansea,11,28
Newport,166,28
Cardiff,82,28
Newport,120,28
Cardiff,146,28
Newport,159,28
Cardiff,44,28
Swansea,186,28
Cardiff,3,28
Newport,183,28
Newport,148,28
Cardiff,177,28
Swansea,53,28
Cardiff,163,28
Swansea,58,28
Bangor,3,28
Bangor,148,28
Bangor,135,28
Newport,191,28
Cardiff,82,28
Swansea,22,28
Bangor,128,28
Bangor,22,28
Swansea,195,28
Cardiff,47,28
Swansea,83,28
Cardiff,24,28
Cardiff,188,28
Bangor,136,28
Newport,35,28
Swansea,118,28
Cardiff,33,28
Cardiff,62,28
Swansea,178,28
Swansea,140,28
Cardiff,15,28
Newport,176,28
Cardiff,61,28
Bangor,126,28
Swansea,46,28
Swansea,172,28
Bangor,150,28
Newport,200,28
Bangor,59,28
Cardiff,171,28
Newport,77,28
Newport,85,28
