City,Quantity,Product_Code
Swansea,6,41
Newport,140,41
Cardiff,69,41
Bangor,81,41
Newport,69,41
Bangor,126,41
Cardiff,16,41
Newport,149,41
Cardiff,122,41
Cardiff,28,41
Cardiff,155,41
Cardiff,94,41
Swansea,116,41
Bangor,141,41
Newport,148,41
Swansea,73,41
Newport,34,41
Cardiff,122,41
Bangor,144,41
Cardiff,89,41
Cardiff,23,41
Newport,116,41
Swansea,124,41
Cardiff,96,41
Swansea,88,41
Bangor,115,41
Swansea,78,41
Newport,72,41
Bangor,166,41
Bangor,9,41
Cardiff,173,41
Swansea,26,41
Bangor,55,41
Swansea,183,41
Swansea,80,41
Swansea,184,41
Bangor,133,41
Swansea,124,41
Cardiff,105,41
Cardiff,68,41
Bangor,127,41
Newport,109,41
Cardiff,145,41
Swansea,179,41
Swansea,24,41
Cardiff,82,41
Bangor,41,41
Cardiff,103,41
Newport,31,41
Newport,54,41
Newport,199,41
Cardiff,66,41
Swansea,130,41
Cardiff,95,41
Newport,133,41
Bangor,36,41
Newport,29,41
Swansea,28,41
Bangor,94,41
Swansea,190,41
Cardiff,174,41
Bangor,184,41
Swansea,180,41
Swansea,124,41
Swansea,4,41
Bangor,85,41
Bangor,8,41
Swansea,148,41
Cardiff,54,41
Cardiff,154,41
Newport,4,41
Bangor,187,41
Swansea,128,41
Bangor,107,41
Swansea,139,41
Newport,125,41
Cardiff,138,41
Cardiff,4,41
Swansea,174,41
Swansea,139,41
Swansea,159,41
Newport,160,41
Swansea,177,41
Bangor,3,41
Swansea,131,41
Cardiff,61,41
Newport,158,41
Cardiff,144,41
Bangor,194,41
Cardiff,70,41
Cardiff,181,41
Swansea,52,41
Swansea,29,41
Cardiff,155,41
Cardiff,12,41
Newport,164,41
Swansea,95,41
Cardiff,53,41
Swansea,35,41
Bangor,55,41
Bangor,161,41
Bangor,130,41
Bangor,112,41
Newport,40,41
Swansea,50,41
Bangor,104,41
Swansea,84,41
Bangor,177,41
Swansea,99,41
Newport,17,41
Bangor,132,41
Swansea,23,41
Bangor,67,41
Cardiff,100,41
Newport,182,41
Cardiff,25,41
Swansea,157,41
Cardiff,174,41
Bangor,121,41
Swansea,193,41
Swansea,148,41
Newport,103,41
Swansea,12,41
Cardiff,159,41
Swansea,133,41
Swansea,91,41
Swansea,22,41
Cardiff,3,41
Cardiff,56,41
Bangor,32,41
Swansea,52,41
Bangor,6,41
Cardiff,185,41
Cardiff,23,41
Swansea,99,41
Cardiff,118,41
Bangor,10,41
Cardiff,68,41
Swansea,23,41
Swansea,183,41
Cardiff,17,41
Swansea,166,41
Newport,28,41
Newport,8,41
Newport,43,41
Cardiff,2,41
Bangor,104,41
Bangor,142,41
Bangor,71,41
Newport,174,41
Bangor,105,41
Bangor,45,41
Cardiff,21,41
Cardiff,31,41
Cardiff,171,41
Newport,166,41
Bangor,165,41
Bangor,173,41
Swansea,112,41
Swansea,0,41
Cardiff,196,41
Cardiff,11,41
Newport,146,41
Cardiff,75,41
Cardiff,187,41
Bangor,100,41
Newport,70,41
Newport,115,41
Bangor,30,41
Cardiff,192,41
Swansea,101,41
Newport,10,41
Cardiff,43,41
Newport,163,41
Newport,123,41
Newport,10,41
Newport,161,41
Cardiff,14,41
Newport,149,41
Bangor,102,41
Newport,78,41
Swansea,156,41
Newport,130,41
Cardiff,82,41
Cardiff,90,41
Newport,148,41
Bangor,124,41
Swansea,111,41
Bangor,198,41
Cardiff,9,41
Newport,188,41
Bangor,147,41
Newport,172,41
Bangor,61,41
Bangor,59,41
Newport,190,41
Cardiff,60,41
Swansea,18,41
Bangor,93,41
Swansea,194,41
Bangor,30,41
Newport,16,41
Cardiff,59,41
Newport,200,41
Bangor,87,41
Cardiff,69,41
Newport,181,41
Cardiff,53,41
Bangor,148,41
Bangor,9,41
Swansea,70,41
Cardiff,24,41
Newport,84,41
Swansea,132,41
Newport,89,41
Newport,5,41
Bangor,143,41
Cardiff,22,41
Newport,40,41
Cardiff,68,41
Cardiff,156,41
Cardiff,194,41
Newport,172,41
Bangor,13,41
Bangor,132,41
Swansea,180,41
Swansea,148,41
Newport,16,41
Bangor,10,41
Bangor,13,41
Newport,103,41
Cardiff,70,41
Newport,121,41
Bangor,118,41
Bangor,55,41
Swansea,164,41
Newport,74,41
Newport,52,41
Swansea,162,41
Newport,74,41
Cardiff,64,41
Newport,101,41
Cardiff,90,41
Cardiff,154,41
Newport,90,41
Bangor,160,41
Bangor,177,41
Bangor,127,41
Bangor,138,41
Newport,59,41
Swansea,121,41
