City,Quantity,Product_Code
Bangor,112,89
Newport,12,89
Newport,113,89
Swansea,166,89
Newport,105,89
Swansea,38,89
Bangor,30,89
Bangor,33,89
Bangor,151,89
Cardiff,57,89
Cardiff,5,89
Swansea,49,89
Swansea,111,89
Swansea,113,89
Bangor,121,89
Bangor,145,89
Bangor,178,89
Cardiff,116,89
Swansea,163,89
Cardiff,182,89
Bangor,95,89
Swansea,48,89
Swansea,29,89
Bangor,87,89
Bangor,178,89
Swansea,120,89
Cardiff,57,89
Bangor,182,89
Newport,67,89
Newport,48,89
Cardiff,112,89
Newport,91,89
Cardiff,14,89
Swansea,87,89
Newport,128,89
Bangor,66,89
Swansea,28,89
Newport,189,89
Newport,2,89
Bangor,9,89
Swansea,121,89
Swansea,85,89
Bangor,115,89
Newport,8,89
Newport,47,89
Swansea,155,89
Cardiff,130,89
Bangor,39,89
Swansea,91,89
Swansea,68,89
Newport,55,89
Swansea,30,89
Newport,63,89
Cardiff,154,89
Swansea,32,89
Newport,144,89
Swansea,176,89
Newport,137,89
Swansea,33,89
Cardiff,170,89
Bangor,81,89
Cardiff,68,89
Newport,11,89
Swansea,72,89
Bangor,121,89
Cardiff,78,89
Swansea,179,89
Newport,89,89
Cardiff,173,89
Swansea,94,89
Cardiff,190,89
Bangor,157,89
Newport,140,89
Swansea,52,89
Newport,151,89
Cardiff,9,89
Newport,136,89
Swansea,59,89
Newport,73,89
Cardiff,78,89
Swansea,118,89
Bangor,74,89
Newport,23,89
Swansea,108,89
Newport,155,89
Cardiff,86,89
Newport,171,89
Bangor,136,89
Newport,139,89
Cardiff,30,89
Newport,57,89
Bangor,123,89
Swansea,197,89
Newport,129,89
Swansea,50,89
Bangor,107,89
Bangor,89,89
Cardiff,18,89
Cardiff,8,89
Bangor,24,89
Swansea,12,89
Swansea,108,89
Swansea,0,89
Swansea,177,89
Newport,110,89
Bangor,106,89
Bangor,88,89
Swansea,114,89
Newport,124,89
Bangor,161,89
Bangor,60,89
Cardiff,112,89
Swansea,45,89
Cardiff,162,89
Bangor,98,89
Swansea,74,89
Newport,17,89
Bangor,90,89
Cardiff,187,89
Bangor,7,89
Newport,149,89
Newport,67,89
Bangor,87,89
Swansea,79,89
Swansea,82,89
Bangor,36,89
Swansea,167,89
Bangor,32,89
Swansea,12,89
Swansea,127,89
Newport,80,89
Cardiff,89,89
Newport,143,89
Newport,78,89
Cardiff,80,89
Swansea,107,89
Cardiff,153,89
Swansea,147,89
Cardiff,41,89
Bangor,132,89
Cardiff,104,89
Swansea,193,89
Bangor,129,89
Swansea,90,89
Swansea,136,89
Swansea,40,89
Bangor,95,89
Bangor,164,89
Newport,171,89
Newport,33,89
Newport,12,89
Cardiff,111,89
Swansea,132,89
Bangor,111,89
Newport,119,89
Newport,116,89
Newport,121,89
Newport,105,89
Newport,68,89
Bangor,172,89
Bangor,176,89
Bangor,124,89
Cardiff,130,89
Cardiff,165,89
Bangor,32,89
Cardiff,159,89
Newport,81,89
Cardiff,86,89
Cardiff,28,89
Newport,177,89
Newport,70,89
Cardiff,130,89
Bangor,111,89
Bangor,115,89
Cardiff,9,89
Swansea,72,89
Cardiff,36,89
Cardiff,15,89
Bangor,170,89
Swansea,97,89
Swansea,61,89
Swansea,54,89
Cardiff,128,89
Cardiff,161,89
Swansea,32,89
Cardiff,198,89
Newport,119,89
Swansea,91,89
Cardiff,5,89
Newport,69,89
Newport,73,89
Newport,58,89
Bangor,96,89
Cardiff,46,89
Cardiff,133,89
Swansea,165,89
Newport,111,89
Bangor,97,89
Newport,135,89
Cardiff,161,89
Bangor,163,89
Newport,6,89
Bangor,63,89
Bangor,156,89
Cardiff,69,89
Cardiff,63,89
Newport,193,89
Newport,36,89
Swansea,0,89
Cardiff,180,89
Newport,167,89
Newport,55,89
Newport,166,89
Cardiff,136,89
Swansea,41,89
Newport,134,89
Cardiff,169,89
Swansea,50,89
Newport,88,89
Newport,198,89
Newport,51,89
Newport,94,89
Swansea,34,89
Cardiff,195,89
Cardiff,57,89
Newport,60,89
Newport,110,89
Bangor,144,89
Newport,132,89
Cardiff,113,89
Swansea,64,89
Swansea,136,89
Newport,93,89
Bangor,73,89
Cardiff,18,89
Newport,81,89
Newport,46,89
Swansea,163,89
Newport,71,89
Cardiff,80,89
Newport,110,89
Bangor,193,89
Newport,47,89
Swansea,106,89
Newport,98,89
Bangor,174,89
Newport,5,89
Swansea,58,89
Swansea,63,89
Cardiff,86,89
Newport,164,89
