City,Quantity,Product_Code
Bangor,57,4
Newport,148,4
Newport,175,4
Cardiff,55,4
Swansea,68,4
Cardiff,178,4
Bangor,35,4
Cardiff,13,4
Bangor,182,4
Bangor,137,4
Cardiff,84,4
Swansea,75,4
Bangor,66,4
Cardiff,99,4
Newport,23,4
Newport,157,4
Newport,47,4
Bangor,51,4
Swansea,52,4
Newport,19,4
Cardiff,42,4
Swansea,16,4
Swansea,189,4
Bangor,39,4
Swansea,75,4
Bangor,130,4
Swansea,131,4
Swansea,53,4
Swansea,192,4
Cardiff,76,4
Cardiff,34,4
Swansea,171,4
Swansea,16,4
Swansea,1,4
Newport,131,4
Bangor,12,4
Cardiff,58,4
Swansea,62,4
Bangor,37,4
Swansea,49,4
Cardiff,119,4
Newport,125,4
Bangor,0,4
Bangor,152,4
Newport,98,4
Bangor,101,4
Bangor,186,4
Cardiff,102,4
Newport,147,4
Swansea,158,4
Newport,143,4
Bangor,68,4
Swansea,107,4
Cardiff,104,4
Bangor,36,4
Newport,159,4
Bangor,13,4
Cardiff,168,4
Cardiff,27,4
Cardiff,112,4
Newport,115,4
Cardiff,122,4
Cardiff,11,4
Cardiff,69,4
Newport,118,4
Swansea,167,4
Cardiff,11,4
Swansea,110,4
Newport,61,4
Cardiff,180,4
Newport,119,4
Cardiff,154,4
Newport,43,4
Swansea,50,4
Cardiff,191,4
Swansea,11,4
Cardiff,34,4
Bangor,128,4
Newport,86,4
Newport,33,4
Swansea,142,4
Swansea,8,4
Newport,54,4
Cardiff,198,4
Bangor,106,4
Swansea,95,4
Swansea,189,4
Bangor,36,4
Newport,98,4
Bangor,136,4
Swansea,103,4
Swansea,3,4
Newport,101,4
Newport,120,4
Swansea,149,4
Bangor,15,4
Swansea,28,4
Newport,105,4
Cardiff,16,4
Swansea,12,4
Cardiff,169,4
Newport,16,4
Swansea,2,4
Cardiff,75,4
Bangor,151,4
Swansea,68,4
Newport,84,4
Cardiff,91,4
Swansea,4,4
Swansea,34,4
Bangor,195,4
Bangor,193,4
Swansea,66,4
Newport,177,4
Bangor,68,4
Newport,114,4
Bangor,62,4
Newport,56,4
Cardiff,22,4
Cardiff,65,4
Newport,188,4
Bangor,92,4
Cardiff,109,4
Cardiff,181,4
Newport,122,4
Bangor,122,4
Swansea,145,4
Bangor,40,4
Cardiff,2,4
Swansea,200,4
Newport,173,4
Swansea,140,4
Bangor,196,4
Newport,196,4
Cardiff,150,4
Newport,69,4
Swansea,120,4
Newport,177,4
Swansea,14,4
Newport,173,4
Cardiff,120,4
Cardiff,100,4
Bangor,157,4
Cardiff,0,4
Cardiff,179,4
Cardiff,124,4
Newport,193,4
Bangor,30,4
Newport,134,4
Cardiff,110,4
Bangor,57,4
Newport,119,4
Bangor,129,4
Newport,80,4
Cardiff,185,4
Newport,136,4
Cardiff,147,4
Newport,99,4
Newport,59,4
Cardiff,65,4
Newport,125,4
Cardiff,154,4
Swansea,136,4
Cardiff,5,4
Bangor,58,4
Cardiff,130,4
Swansea,104,4
Bangor,135,4
Newport,198,4
Newport,184,4
Swansea,65,4
Cardiff,124,4
Newport,21,4
Cardiff,18,4
Swansea,12,4
Newport,174,4
Swansea,128,4
Bangor,21,4
Cardiff,116,4
Newport,32,4
Cardiff,100,4
Newport,60,4
Bangor,60,4
Cardiff,137,4
Newport,78,4
Newport,159,4
Cardiff,77,4
Cardiff,93,4
Newport,85,4
Newport,165,4
Bangor,160,4
Swansea,102,4
Swansea,169,4
Swansea,166,4
Newport,61,4
Bangor,124,4
Swansea,14,4
Bangor,104,4
Bangor,182,4
Swansea,17,4
Swansea,6,4
Bangor,31,4
Cardiff,0,4
Bangor,181,4
Swansea,70,4
Newport,26,4
Swansea,107,4
Cardiff,51,4
Newport,76,4
Bangor,181,4
Newport,190,4
Newport,170,4
Cardiff,98,4
Newport,38,4
Cardiff,57,4
Bangor,84,4
Bangor,190,4
Cardiff,117,4
Cardiff,113,4
Bangor,156,4
Newport,24,4
Newport,72,4
Newport,73,4
Bangor,4,4
Cardiff,79,4
Swansea,175,4
Swansea,113,4
Cardiff,156,4
Cardiff,51,4
Swansea,42,4
Newport,52,4
Swansea,180,4
Newport,137,4
Swansea,182,4
Bangor,143,4
Swansea,75,4
Bangor,4,4
Bangor,88,4
Bangor,117,4
Newport,95,4
Cardiff,101,4
Newport,69,4
Bangor,67,4
Newport,71,4
Newport,69,4
Newport,171,4
Bangor,182,4
Swansea,100,4
Swansea,130,4
Newport,83,4
Newport,55,4
