City,Quantity,Product_Code
Cardiff,165,144
Cardiff,73,144
Swansea,165,144
Swansea,10,144
Cardiff,25,144
Swansea,52,144
Newport,103,144
Cardiff,52,144
Swansea,55,144
Cardiff,17,144
Bangor,128,144
Swansea,67,144
Cardiff,49,144
Bangor,136,144
Cardiff,138,144
Bangor,128,144
Cardiff,156,144
Bangor,95,144
Swansea,140,144
Bangor,137,144
Swansea,137,144
Bangor,133,144
Cardiff,196,144
Newport,123,144
Bangor,1,144
Cardiff,145,144
Swansea,15,144
Bangor,131,144
Cardiff,7,144
Swansea,145,144
Cardiff,116,144
Swansea,1,144
Cardiff,198,144
Swansea,23,144
Swansea,101,144
Swansea,87,144
Swansea,87,144
Cardiff,170,144
Swansea,175,144
Newport,142,144
Newport,26,144
Newport,29,144
Bangor,140,144
Bangor,69,144
Cardiff,195,144
Swansea,77,144
Newport,140,144
Bangor,141,144
Swansea,112,144
Bangor,165,144
Bangor,61,144
Swansea,179,144
Swansea,103,144
Swansea,126,144
Bangor,11,144
Newport,145,144
Swansea,180,144
Newport,15,144
Bangor,81,144
Cardiff,54,144
Bangor,16,144
Cardiff,187,144
Newport,3,144
Bangor,52,144
Bangor,11,144
Newport,36,144
Bangor,75,144
Bangor,150,144
Cardiff,176,144
Swansea,68,144
Cardiff,179,144
Bangor,136,144
Cardiff,15,144
Cardiff,84,144
Swansea,121,144
Bangor,48,144
Swansea,104,144
Bangor,85,144
Newport,192,144
Swansea,81,144
Swansea,153,144
Cardiff,24,144
Newport,138,144
Bangor,58,144
Bangor,116,144
Bangor,69,144
Cardiff,191,144
Swansea,151,144
Newport,78,144
Bangor,194,144
Bangor,178,144
Swansea,0,144
Cardiff,200,144
Bangor,132,144
Bangor,98,144
Swansea,7,144
Swansea,94,144
Newport,45,144
Swansea,24,144
Swansea,148,144
Swansea,119,144
Newport,114,144
Cardiff,29,144
Newport,91,144
Swansea,163,144
Newport,190,144
Bangor,85,144
Swansea,8,144
Cardiff,176,144
Newport,27,144
Swansea,67,144
Cardiff,197,144
Swansea,134,144
Swansea,30,144
Swansea,186,144
Cardiff,107,144
Newport,153,144
Newport,5,144
Cardiff,110,144
Bangor,79,144
Swansea,0,144
Cardiff,83,144
Bangor,101,144
Bangor,200,144
Newport,175,144
Swansea,90,144
Cardiff,66,144
Newport,58,144
Swansea,31,144
Swansea,59,144
Swansea,124,144
Newport,112,144
Cardiff,45,144
Bangor,31,144
Newport,101,144
Bangor,187,144
Bangor,45,144
Cardiff,47,144
Bangor,150,144
Cardiff,182,144
Swansea,41,144
Bangor,185,144
Newport,63,144
Bangor,59,144
Newport,31,144
Cardiff,181,144
Bangor,126,144
Cardiff,142,144
Cardiff,70,144
Bangor,30,144
Bangor,87,144
Bangor,1,144
Cardiff,137,144
Swansea,41,144
Newport,131,144
Bangor,42,144
Bangor,93,144
Cardiff,86,144
Swansea,8,144
Newport,47,144
Swansea,59,144
Swansea,62,144
Bangor,92,144
Bangor,111,144
Newport,156,144
Newport,16,144
Swansea,101,144
Bangor,128,144
Swansea,198,144
Swansea,66,144
Cardiff,38,144
Newport,97,144
Newport,84,144
Swansea,167,144
Newport,189,144
Cardiff,161,144
Newport,35,144
Newport,22,144
Cardiff,172,144
Bangor,158,144
Swansea,86,144
Newport,156,144
Swansea,115,144
Swansea,64,144
Swansea,167,144
Newport,20,144
Newport,184,144
Cardiff,158,144
Newport,96,144
Cardiff,4,144
Newport,32,144
Swansea,99,144
Swansea,95,144
Cardiff,104,144
Swansea,34,144
Swansea,191,144
Cardiff,6,144
Swansea,67,144
Cardiff,65,144
Swansea,144,144
Swansea,120,144
Swansea,124,144
Newport,121,144
Bangor,61,144
Newport,183,144
Newport,39,144
Cardiff,166,144
Bangor,26,144
Cardiff,113,144
Cardiff,49,144
Cardiff,24,144
Cardiff,20,144
Bangor,173,144
Newport,103,144
Bangor,140,144
Cardiff,80,144
Newport,172,144
Swansea,186,144
Bangor,45,144
Cardiff,179,144
Bangor,157,144
Bangor,65,144
Newport,185,144
Swansea,150,144
Swansea,131,144
Newport,136,144
Swansea,58,144
Swansea,90,144
Newport,81,144
Cardiff,154,144
Cardiff,57,144
Swansea,24,144
Cardiff,43,144
Bangor,200,144
Bangor,198,144
Swansea,137,144
Newport,107,144
Swansea,90,144
Swansea,186,144
Cardiff,157,144
Swansea,156,144
Swansea,109,144
Bangor,198,144
Newport,120,144
Newport,167,144
Swansea,191,144
Swansea,163,144
Bangor,8,144
Cardiff,138,144
Bangor,70,144
Bangor,76,144
