City,Quantity,Product_Code
Swansea,139,123
Newport,126,123
Newport,168,123
Swansea,80,123
Newport,121,123
Swansea,116,123
Bangor,36,123
Cardiff,175,123
Bangor,140,123
Cardiff,148,123
Bangor,36,123
Newport,147,123
Cardiff,122,123
Bangor,175,123
Newport,5,123
Cardiff,61,123
Newport,77,123
Cardiff,7,123
Cardiff,74,123
Swansea,13,123
Newport,7,123
Swansea,122,123
Bangor,87,123
Swansea,7,123
Bangor,128,123
Swansea,80,123
Swansea,30,123
Swansea,44,123
Newport,149,123
Cardiff,165,123
Cardiff,58,123
Newport,183,123
Cardiff,78,123
Newport,112,123
Bangor,45,123
Bangor,85,123
Cardiff,149,123
Bangor,76,123
Swansea,73,123
Swansea,104,123
Swansea,14,123
Bangor,17,123
Bangor,190,123
Bangor,153,123
Bangor,191,123
Bangor,142,123
Bangor,53,123
Bangor,44,123
Bangor,147,123
Cardiff,148,123
Cardiff,177,123
Cardiff,24,123
Swansea,119,123
Cardiff,106,123
Bangor,16,123
Newport,31,123
Newport,62,123
Swansea,36,123
Swansea,179,123
Newport,180,123
Cardiff,134,123
Swansea,3,123
Bangor,153,123
Cardiff,115,123
Swansea,49,123
Newport,197,123
Swansea,115,123
Swansea,54,123
Cardiff,78,123
Newport,47,123
Newport,148,123
Cardiff,14,123
Swansea,175,123
Bangor,151,123
Newport,57,123
Bangor,142,123
Swansea,48,123
Bangor,2,123
Swansea,79,123
Swansea,52,123
Swansea,7,123
Bangor,46,123
Cardiff,30,123
Swansea,11,123
Bangor,111,123
Newport,79,123
Swansea,92,123
Newport,170,123
Cardiff,171,123
Newport,176,123
Swansea,111,123
Cardiff,81,123
Cardiff,23,123
Swansea,38,123
Swansea,61,123
Newport,32,123
Bangor,28,123
Swansea,16,123
Cardiff,78,123
Newport,143,123
Cardiff,106,123
Newport,116,123
Swansea,104,123
Newport,160,123
Bangor,193,123
Bangor,34,123
Swansea,26,123
Swansea,146,123
Cardiff,188,123
Bangor,179,123
Newport,193,123
Newport,100,123
Bangor,61,123
Bangor,88,123
Swansea,157,123
Cardiff,17,123
Bangor,158,123
Swansea,5,123
Newport,70,123
Cardiff,188,123
Bangor,12,123
Bangor,56,123
Swansea,130,123
Bangor,146,123
Cardiff,142,123
Cardiff,138,123
Swansea,200,123
Swansea,26,123
Bangor,53,123
Swansea,8,123
Cardiff,90,123
Swansea,121,123
Cardiff,189,123
Newport,158,123
Swansea,107,123
Swansea,44,123
Cardiff,185,123
Swansea,59,123
Newport,136,123
Newport,188,123
Cardiff,194,123
Bangor,129,123
Bangor,51,123
Swansea,25,123
Bangor,112,123
Swansea,174,123
Swansea,142,123
Newport,136,123
Swansea,186,123
Newport,102,123
Bangor,177,123
Swansea,168,123
Cardiff,60,123
Swansea,193,123
Bangor,91,123
Cardiff,22,123
Cardiff,174,123
Newport,46,123
Newport,136,123
Newport,126,123
Cardiff,128,123
Swansea,198,123
Newport,9,123
Cardiff,94,123
Bangor,42,123
Cardiff,85,123
Swansea,118,123
Bangor,128,123
Newport,159,123
Newport,163,123
Cardiff,24,123
Cardiff,60,123
Bangor,86,123
Newport,48,123
Newport,109,123
Swansea,148,123
Bangor,63,123
Swansea,51,123
Newport,141,123
Bangor,64,123
Bangor,23,123
Swansea,72,123
Bangor,69,123
Bangor,165,123
Newport,134,123
Bangor,37,123
Bangor,166,123
Newport,21,123
Bangor,150,123
Swansea,74,123
Newport,180,123
Cardiff,31,123
Bangor,157,123
Swansea,46,123
Bangor,175,123
Cardiff,52,123
Bangor,75,123
Cardiff,79,123
Bangor,64,123
Cardiff,46,123
Newport,40,123
Bangor,128,123
Bangor,13,123
Swansea,13,123
Cardiff,40,123
Bangor,76,123
Swansea,176,123
Swansea,99,123
Swansea,193,123
Swansea,32,123
Newport,89,123
Newport,93,123
Cardiff,98,123
Bangor,27,123
Cardiff,132,123
Cardiff,115,123
Newport,33,123
Newport,136,123
Bangor,49,123
Swansea,198,123
Cardiff,62,123
Cardiff,200,123
Swansea,195,123
Newport,198,123
Cardiff,84,123
Newport,161,123
Swansea,80,123
Bangor,100,123
Swansea,32,123
Bangor,32,123
Bangor,84,123
Cardiff,145,123
Swansea,61,123
Bangor,97,123
Newport,138,123
Swansea,116,123
Swansea,192,123
Cardiff,81,123
Newport,106,123
Cardiff,25,123
Bangor,60,123
Swansea,24,123
Cardiff,108,123
Newport,83,123
Newport,3,123
Swansea,79,123
Newport,35,123
Bangor,76,123
Newport,157,123
Swansea,162,123
Bangor,10,123
