City,Quantity,Product_Code
Cardiff,47,191
Swansea,131,191
Swansea,74,191
Bangor,183,191
Cardiff,85,191
Swansea,199,191
Newport,115,191
Newport,71,191
Bangor,116,191
Cardiff,53,191
Cardiff,142,191
Cardiff,131,191
Newport,125,191
Newport,55,191
Bangor,51,191
Newport,164,191
Bangor,71,191
Bangor,17,191
Bangor,55,191
Newport,31,191
Newport,28,191
Cardiff,47,191
Swansea,145,191
Newport,87,191
Swansea,169,191
Swansea,34,191
Newport,10,191
Swansea,178,191
Cardiff,113,191
Bangor,115,191
Newport,157,191
Swansea,86,191
Newport,78,191
Cardiff,35,191
Newport,59,191
Newport,117,191
Cardiff,135,191
Cardiff,28,191
Swansea,119,191
Newport,124,191
Newport,171,191
Newport,105,191
Swansea,88,191
Bangor,112,191
Swansea,77,191
Swansea,64,191
Swansea,187,191
Swansea,85,191
Swansea,21,191
Swansea,142,191
Newport,47,191
Bangor,126,191
Swansea,145,191
Bangor,56,191
Newport,72,191
Bangor,82,191
Cardiff,114,191
Swansea,162,191
Newport,16,191
Cardiff,184,191
Newport,196,191
Swansea,192,191
Swansea,163,191
Swansea,104,191
Cardiff,170,191
Swansea,49,191
Bangor,95,191
Cardiff,2,191
Cardiff,133,191
Newport,67,191
Swansea,114,191
Cardiff,0,191
Cardiff,9,191
Newport,7,191
Cardiff,4,191
Bangor,100,191
Bangor,42,191
Cardiff,19,191
Swansea,189,191
Newport,173,191
Bangor,117,191
Newport,64,191
Swansea,110,191
Cardiff,76,191
Swansea,20,191
Cardiff,131,191
Cardiff,86,191
Newport,151,191
Newport,72,191
Cardiff,197,191
Bangor,177,191
Cardiff,142,191
Bangor,6,191
Cardiff,110,191
Newport,6,191
Cardiff,138,191
Swansea,176,191
Bangor,53,191
Bangor,4,191
Cardiff,109,191
Bangor,49,191
Bangor,136,191
Swansea,73,191
Newport,69,191
Swansea,57,191
Cardiff,114,191
Swansea,113,191
Swansea,138,191
Newport,143,191
Cardiff,76,191
Cardiff,132,191
Newport,41,191
Newport,0,191
Newport,97,191
Cardiff,121,191
Cardiff,52,191
Bangor,147,191
Bangor,134,191
Newport,52,191
Newport,1,191
Swansea,54,191
Swansea,167,191
Swansea,174,191
Swansea,48,191
Swansea,152,191
Cardiff,115,191
Swansea,128,191
Newport,52,191
Newport,151,191
Swansea,192,191
Bangor,48,191
Bangor,98,191
Cardiff,106,191
Bangor,190,191
Bangor,54,191
Bangor,155,191
Bangor,168,191
Newport,200,191
Swansea,130,191
Newport,10,191
Bangor,189,191
Newport,47,191
Swansea,105,191
Cardiff,157,191
Swansea,198,191
Swansea,176,191
Bangor,9,191
Swansea,187,191
Swansea,200,191
Newport,38,191
Cardiff,136,191
Cardiff,148,191
Newport,115,191
Bangor,157,191
Swansea,142,191
Cardiff,170,191
Swansea,25,191
Cardiff,83,191
Bangor,60,191
Cardiff,169,191
Newport,54,191
Swansea,200,191
Cardiff,32,191
Cardiff,57,191
Cardiff,19,191
Newport,117,191
Cardiff,104,191
Swansea,26,191
Cardiff,47,191
Bangor,197,191
Swansea,185,191
Cardiff,51,191
Newport,44,191
Bangor,188,191
Bangor,72,191
Newport,54,191
Bangor,60,191
Cardiff,138,191
Cardiff,104,191
Newport,61,191
Newport,107,191
Newport,133,191
Newport,188,191
Swansea,84,191
Bangor,135,191
Cardiff,198,191
Swansea,40,191
Swansea,65,191
Cardiff,119,191
Newport,83,191
Cardiff,188,191
Cardiff,171,191
Bangor,2,191
Newport,124,191
Bangor,22,191
Bangor,37,191
Bangor,141,191
Swansea,102,191
Swansea,114,191
Cardiff,75,191
Newport,111,191
Newport,156,191
Bangor,2,191
Newport,33,191
Bangor,7,191
Swansea,66,191
Newport,170,191
Cardiff,55,191
Newport,164,191
Cardiff,100,191
Cardiff,20,191
Bangor,54,191
Swansea,200,191
Cardiff,1,191
Bangor,194,191
Cardiff,152,191
Newport,92,191
Newport,108,191
Swansea,192,191
Swansea,145,191
Swansea,43,191
Bangor,47,191
Bangor,76,191
Newport,63,191
Newport,181,191
Swansea,22,191
Swansea,37,191
Cardiff,12,191
Newport,56,191
Newport,160,191
Cardiff,178,191
Newport,19,191
Cardiff,155,191
Bangor,172,191
Cardiff,6,191
Swansea,76,191
Cardiff,90,191
Bangor,200,191
Cardiff,63,191
Swansea,77,191
Newport,188,191
Newport,152,191
Newport,82,191
Newport,130,191
Newport,146,191
Cardiff,199,191
Newport,93,191
Bangor,29,191
Bangor,153,191
Newport,67,191
Bangor,20,191
