City,Quantity,Product_Code
Cardiff,3,14
Newport,138,14
Cardiff,182,14
Bangor,191,14
Swansea,194,14
Swansea,152,14
Swansea,5,14
Cardiff,145,14
Newport,188,14
Newport,124,14
Swansea,54,14
Cardiff,21,14
Bangor,77,14
Newport,40,14
Swansea,59,14
Cardiff,86,14
Cardiff,22,14
Swansea,161,14
Newport,160,14
Cardiff,192,14
Cardiff,90,14
Cardiff,127,14
Bangor,91,14
Bangor,162,14
Newport,61,14
Cardiff,200,14
Newport,99,14
Cardiff,151,14
Swansea,96,14
Swansea,9,14
Bangor,136,14
Cardiff,70,14
Newport,184,14
Swansea,80,14
Cardiff,134,14
Newport,192,14
Swansea,71,14
Bangor,183,14
Bangor,180,14
Newport,88,14
Newport,50,14
Swansea,195,14
Cardiff,123,14
Bangor,34,14
Cardiff,152,14
Bangor,199,14
Swansea,182,14
Cardiff,185,14
Bangor,93,14
Cardiff,178,14
Newport,145,14
Swansea,38,14
Bangor,93,14
Bangor,54,14
Cardiff,29,14
Cardiff,156,14
Newport,172,14
Newport,130,14
Swansea,81,14
Swansea,178,14
Newport,21,14
Bangor,147,14
Cardiff,44,14
Newport,135,14
Swansea,196,14
Bangor,90,14
Newport,88,14
Cardiff,137,14
Swansea,139,14
Bangor,87,14
Newport,59,14
Newport,107,14
Bangor,183,14
Newport,33,14
Cardiff,104,14
Bangor,16,14
Swansea,79,14
Newport,22,14
Swansea,175,14
Bangor,145,14
Bangor,111,14
Cardiff,188,14
Cardiff,49,14
Newport,174,14
Swansea,1,14
Newport,87,14
Swansea,197,14
Cardiff,88,14
Swansea,42,14
Newport,23,14
Newport,192,14
Swansea,38,14
Newport,6,14
Bangor,0,14
Swansea,200,14
Swansea,49,14
Newport,36,14
Swansea,49,14
Swansea,200,14
Swansea,139,14
Newport,69,14
Bangor,155,14
Cardiff,147,14
Cardiff,39,14
Cardiff,179,14
Cardiff,175,14
Bangor,179,14
Bangor,64,14
Swansea,139,14
Swansea,10,14
Cardiff,180,14
Newport,124,14
Swansea,182,14
Cardiff,9,14
Bangor,6,14
Bangor,117,14
Bangor,145,14
Cardiff,153,14
Cardiff,58,14
Bangor,186,14
Bangor,147,14
Swansea,109,14
Cardiff,183,14
Cardiff,161,14
Swansea,194,14
Cardiff,140,14
Newport,190,14
Bangor,199,14
Swansea,183,14
Bangor,55,14
Newport,59,14
Swansea,6,14
Bangor,48,14
Cardiff,35,14
Newport,86,14
Cardiff,170,14
Newport,46,14
Bangor,113,14
Bangor,96,14
Swansea,39,14
Newport,82,14
Cardiff,139,14
Cardiff,74,14
Bangor,158,14
Bangor,14,14
Swansea,193,14
Cardiff,35,14
Newport,122,14
Newport,115,14
Cardiff,176,14
Cardiff,57,14
Cardiff,121,14
Cardiff,77,14
Swansea,10,14
Bangor,71,14
Swansea,38,14
Swansea,25,14
Cardiff,132,14
Cardiff,2,14
Newport,134,14
Swansea,144,14
Bangor,175,14
Swansea,77,14
Swansea,196,14
Cardiff,71,14
Swansea,33,14
Swansea,97,14
Bangor,53,14
Cardiff,171,14
Bangor,123,14
Bangor,68,14
Swansea,121,14
Bangor,0,14
Cardiff,121,14
Cardiff,132,14
Swansea,117,14
Bangor,67,14
Bangor,48,14
Bangor,195,14
Bangor,40,14
Newport,29,14
Bangor,146,14
Bangor,91,14
Newport,3,14
Bangor,53,14
Cardiff,118,14
Swansea,40,14
Cardiff,172,14
Cardiff,93,14
Swansea,159,14
Bangor,163,14
Newport,9,14
Bangor,195,14
Newport,68,14
Swansea,143,14
Bangor,95,14
Newport,145,14
Newport,46,14
Bangor,100,14
Swansea,81,14
Bangor,103,14
Bangor,100,14
Cardiff,105,14
Cardiff,5,14
Cardiff,18,14
Newport,141,14
Swansea,23,14
Newport,116,14
Bangor,37,14
Cardiff,106,14
Swansea,7,14
Swansea,33,14
Cardiff,6,14
Bangor,121,14
Swansea,137,14
Swansea,153,14
Cardiff,85,14
Newport,1,14
Swansea,8,14
Swansea,115,14
Newport,65,14
Cardiff,179,14
Swansea,51,14
Newport,148,14
Bangor,58,14
Swansea,27,14
Swansea,105,14
Swansea,149,14
Newport,184,14
Newport,39,14
Bangor,161,14
Bangor,8,14
Cardiff,164,14
Cardiff,107,14
Swansea,133,14
Swansea,119,14
Swansea,96,14
Cardiff,80,14
Swansea,166,14
Bangor,120,14
Newport,117,14
Newport,80,14
Newport,110,14
Swansea,32,14
Cardiff,160,14
Bangor,193,14
Swansea,79,14
Newport,160,14
Newport,71,14
Bangor,52,14
Bangor,134,14
