City,Quantity,Product_Code
Cardiff,131,37
Swansea,156,37
Cardiff,117,37
Cardiff,53,37
Cardiff,76,37
Swansea,193,37
Bangor,33,37
Bangor,177,37
Swansea,17,37
Swansea,191,37
Cardiff,149,37
Newport,89,37
Bangor,82,37
Newport,105,37
Cardiff,120,37
Bangor,98,37
Newport,55,37
Cardiff,11,37
Cardiff,110,37
Bangor,107,37
Bangor,135,37
Swansea,106,37
Newport,85,37
Bangor,124,37
Cardiff,150,37
Newport,44,37
Cardiff,108,37
Bangor,190,37
Bangor,36,37
Swansea,76,37
Cardiff,54,37
Bangor,57,37
Swansea,29,37
Bangor,159,37
Swansea,188,37
Cardiff,161,37
Newport,163,37
Cardiff,130,37
Cardiff,164,37
Bangor,161,37
Cardiff,168,37
Newport,129,37
Newport,100,37
Newport,152,37
Newport,174,37
Swansea,99,37
Bangor,195,37
Newport,136,37
Cardiff,90,37
Cardiff,181,37
Newport,4,37
Cardiff,50,37
Cardiff,5,37
Newport,103,37
Bangor,176,37
Cardiff,133,37
Swansea,144,37
Cardiff,95,37
Bangor,121,37
Newport,186,37
Newport,87,37
Newport,162,37
Newport,136,37
Newport,9,37
Cardiff,189,37
Cardiff,169,37
Swansea,28,37
Newport,198,37
Newport,184,37
Newport,104,37
Newport,119,37
Newport,118,37
Bangor,130,37
Newport,88,37
Swansea,53,37
Cardiff,89,37
Bangor,0,37
Cardiff,29,37
Cardiff,174,37
Newport,134,37
Newport,14,37
Swansea,131,37
Swansea,163,37
Cardiff,122,37
Cardiff,52,37
Newport,16,37
Swansea,76,37
Bangor,157,37
Cardiff,122,37
Bangor,182,37
Bangor,58,37
Bangor,36,37
Cardiff,94,37
Swansea,54,37
Newport,136,37
Swansea,57,37
Bangor,94,37
Newport,61,37
Bangor,136,37
Newport,49,37
Cardiff,179,37
Newport,58,37
Swansea,56,37
Bangor,71,37
Bangor,185,37
Cardiff,96,37
Bangor,107,37
Bangor,199,37
Newport,192,37
Bangor,31,37
Cardiff,79,37
Bangor,109,37
Newport,88,37
Cardiff,17,37
Newport,190,37
Swansea,122,37
Newport,80,37
Newport,144,37
Bangor,99,37
Swansea,118,37
Swansea,36,37
Cardiff,19,37
Cardiff,46,37
Bangor,184,37
Swansea,8,37
Bangor,3,37
Cardiff,200,37
Cardiff,37,37
Bangor,34,37
Swansea,23,37
Bangor,113,37
Swansea,165,37
Newport,6,37
Bangor,177,37
Cardiff,173,37
Newport,93,37
Swansea,67,37
Bangor,10,37
Swansea,186,37
Cardiff,54,37
Cardiff,97,37
Bangor,85,37
Newport,1,37
Bangor,195,37
Bangor,119,37
Swansea,27,37
Cardiff,167,37
Swansea,195,37
Cardiff,77,37
Cardiff,12,37
Cardiff,184,37
Bangor,7,37
Bangor,163,37
Swansea,131,37
Bangor,108,37
Cardiff,9,37
Bangor,190,37
Newport,72,37
Swansea,150,37
Newport,103,37
Newport,56,37
Swansea,42,37
Bangor,84,37
Bangor,103,37
Swansea,134,37
Cardiff,32,37
Swansea,58,37
Bangor,176,37
Swansea,49,37
Swansea,107,37
Swansea,106,37
Cardiff,92,37
Bangor,188,37
Bangor,146,37
Cardiff,40,37
Newport,154,37
Cardiff,192,37
Cardiff,90,37
Cardiff,182,37
Swansea,30,37
Newport,38,37
Cardiff,55,37
Cardiff,43,37
Newport,170,37
Swansea,123,37
Bangor,59,37
Cardiff,14,37
Cardiff,39,37
Newport,182,37
Newport,77,37
Swansea,37,37
Bangor,164,37
Bangor,76,37
Cardiff,104,37
Bangor,137,37
Cardiff,73,37
Newport,111,37
Newport,74,37
Cardiff,102,37
Cardiff,133,37
Bangor,71,37
Swansea,107,37
Bangor,41,37
Swansea,11,37
Cardiff,73,37
Cardiff,24,37
Cardiff,142,37
Newport,0,37
Swansea,96,37
Bangor,15,37
Cardiff,24,37
Newport,184,37
Swansea,78,37
Bangor,171,37
Swansea,117,37
Bangor,99,37
Swansea,79,37
Newport,74,37
Swansea,25,37
Bangor,34,37
Newport,99,37
Newport,77,37
Bangor,84,37
Cardiff,88,37
Swansea,120,37
Newport,149,37
Cardiff,103,37
Newport,77,37
Newport,13,37
Cardiff,69,37
Newport,143,37
Cardiff,0,37
Cardiff,185,37
Newport,38,37
Bangor,65,37
Swansea,31,37
Bangor,163,37
Newport,154,37
Swansea,126,37
Swansea,71,37
Swansea,82,37
Cardiff,32,37
Bangor,133,37
Bangor,53,37
Cardiff,180,37
Newport,77,37
Bangor,193,37
Swansea,33,37
Cardiff,145,37
Newport,10,37
Newport,85,37
