City,Quantity,Product_Code
Newport,5,48
Newport,60,48
Newport,115,48
Newport,158,48
Swansea,38,48
Newport,21,48
Bangor,127,48
Newport,59,48
Bangor,148,48
Bangor,172,48
Bangor,106,48
Bangor,115,48
Bangor,181,48
Newport,14,48
Swansea,133,48
Newport,56,48
Bangor,119,48
Swansea,121,48
Newport,192,48
Newport,62,48
Cardiff,143,48
Cardiff,197,48
Newport,188,48
Newport,48,48
Bangor,27,48
Swansea,82,48
Bangor,86,48
Cardiff,11,48
Swansea,180,48
Bangor,80,48
Swansea,138,48
Bangor,158,48
Newport,74,48
Swansea,163,48
Bangor,159,48
Swansea,64,48
Bangor,50,48
Newport,136,48
Newport,192,48
Bangor,77,48
Bangor,126,48
Swansea,13,48
Bangor,14,48
Newport,190,48
Newport,164,48
Bangor,148,48
Newport,10,48
Cardiff,64,48
Newport,149,48
Bangor,53,48
Cardiff,149,48
Swansea,63,48
Bangor,88,48
Cardiff,139,48
Cardiff,171,48
Newport,8,48
Bangor,17,48
Bangor,125,48
Swansea,178,48
Newport,2,48
Bangor,118,48
Newport,120,48
Bangor,17,48
Bangor,168,48
Newport,140,48
Bangor,151,48
Swansea,11,48
Bangor,67,48
Cardiff,123,48
Newport,100,48
Newport,195,48
Bangor,9,48
Swansea,99,48
Cardiff,39,48
Swansea,38,48
Cardiff,8,48
Cardiff,46,48
Cardiff,115,48
Cardiff,174,48
Cardiff,161,48
Swansea,72,48
Bangor,135,48
Swansea,117,48
Cardiff,56,48
Bangor,164,48
Bangor,127,48
Bangor,39,48
Newport,21,48
Cardiff,87,48
Cardiff,44,48
Swansea,87,48
Cardiff,87,48
Swansea,124,48
Newport,63,48
Bangor,63,48
Newport,30,48
Cardiff,175,48
Bangor,111,48
Cardiff,19,48
Bangor,150,48
Swansea,99,48
Cardiff,15,48
Bangor,140,48
Swansea,71,48
Bangor,49,48
Newport,20,48
Bangor,26,48
Bangor,18,48
Swansea,123,48
Swansea,40,48
Cardiff,0,48
Bangor,83,48
Cardiff,35,48
Bangor,179,48
Bangor,181,48
Bangor,45,48
Newport,109,48
Bangor,191,48
Newport,33,48
Cardiff,171,48
Cardiff,57,48
Bangor,185,48
Swansea,7,48
Newport,53,48
Bangor,22,48
Swansea,199,48
Cardiff,58,48
Bangor,23,48
Swansea,132,48
Cardiff,38,48
Newport,116,48
Swansea,46,48
Cardiff,33,48
Cardiff,42,48
Bangor,31,48
Newport,41,48
Newport,190,48
Cardiff,2,48
Newport,153,48
Newport,113,48
Swansea,76,48
Bangor,9,48
Swansea,115,48
Cardiff,103,48
Bangor,18,48
Cardiff,31,48
Bangor,37,48
Newport,132,48
Newport,25,48
Bangor,119,48
Swansea,61,48
Bangor,110,48
Bangor,174,48
Bangor,200,48
Swansea,86,48
Cardiff,92,48
Cardiff,29,48
Newport,51,48
Cardiff,157,48
Cardiff,117,48
Cardiff,36,48
Newport,95,48
Newport,181,48
Cardiff,145,48
Swansea,175,48
Swansea,149,48
Bangor,199,48
Swansea,10,48
Bangor,44,48
Cardiff,149,48
Swansea,79,48
Newport,11,48
Bangor,124,48
Cardiff,83,48
Bangor,131,48
Swansea,85,48
Bangor,109,48
Cardiff,137,48
Bangor,44,48
Bangor,156,48
Newport,101,48
Newport,15,48
Newport,124,48
Cardiff,164,48
Newport,126,48
Swansea,112,48
Bangor,163,48
Bangor,199,48
Cardiff,140,48
Cardiff,4,48
Cardiff,28,48
Bangor,41,48
Newport,146,48
Bangor,107,48
Newport,64,48
Bangor,159,48
Swansea,112,48
Bangor,100,48
Swansea,192,48
Swansea,198,48
Swansea,17,48
Newport,31,48
Bangor,63,48
Newport,135,48
Newport,177,48
Newport,37,48
Cardiff,5,48
Bangor,187,48
Newport,74,48
Newport,186,48
Swansea,171,48
Cardiff,98,48
Swansea,75,48
Cardiff,2,48
Bangor,131,48
Bangor,71,48
Newport,24,48
Swansea,43,48
Bangor,115,48
Swansea,72,48
Cardiff,140,48
Cardiff,147,48
Cardiff,9,48
Bangor,178,48
Bangor,113,48
Cardiff,183,48
Swansea,145,48
Bangor,30,48
Bangor,103,48
Bangor,189,48
Cardiff,85,48
Bangor,145,48
Swansea,188,48
Swansea,103,48
Swansea,56,48
Bangor,106,48
Swansea,131,48
Bangor,6,48
Bangor,200,48
Swansea,76,48
Cardiff,143,48
Bangor,60,48
Swansea,152,48
Cardiff,147,48
Bangor,160,48
Swansea,135,48
Newport,48,48
Cardiff,182,48
Swansea,94,48
Cardiff,150,48
Newport,6,48
