City,Quantity,Product_Code
Newport,98,66
Newport,66,66
Newport,40,66
Swansea,112,66
Bangor,166,66
Bangor,181,66
Bangor,144,66
Newport,92,66
Newport,166,66
Bangor,161,66
Swansea,150,66
Cardiff,87,66
Cardiff,143,66
Newport,82,66
Newport,124,66
Swansea,167,66
Newport,54,66
Bangor,99,66
Swansea,175,66
Newport,4,66
Newport,124,66
Swansea,112,66
Cardiff,49,66
Bangor,168,66
Cardiff,103,66
Newport,125,66
Swansea,102,66
Bangor,108,66
Newport,141,66
Cardiff,192,66
Swansea,171,66
Swansea,96,66
Swansea,139,66
Bangor,180,66
Cardiff,172,66
Swansea,119,66
Cardiff,75,66
Swansea,74,66
Newport,41,66
Bangor,76,66
Bangor,25,66
Cardiff,190,66
Cardiff,17,66
Swansea,106,66
Swansea,163,66
Newport,154,66
Cardiff,137,66
Bangor,175,66
Newport,9,66
Cardiff,17,66
Swansea,156,66
Cardiff,3,66
Bangor,113,66
Swansea,124,66
Newport,74,66
Bangor,108,66
Cardiff,62,66
Bangor,199,66
Swansea,125,66
Cardiff,28,66
Newport,33,66
Bangor,174,66
Cardiff,66,66
Cardiff,85,66
Swansea,126,66
Bangor,71,66
Cardiff,72,66
Swansea,33,66
Newport,176,66
Swansea,17,66
Swansea,25,66
Swansea,148,66
Swansea,158,66
Swansea,32,66
Bangor,115,66
Bangor,31,66
Swansea,142,66
Cardiff,173,66
Bangor,50,66
Cardiff,40,66
Cardiff,87,66
Cardiff,11,66
Cardiff,114,66
Swansea,200,66
Cardiff,200,66
Swansea,100,66
Swansea,180,66
Newport,11,66
Newport,137,66
Bangor,79,66
Cardiff,20,66
Cardiff,179,66
Bangor,86,66
Newport,40,66
Cardiff,103,66
Swansea,41,66
Bangor,14,66
Swansea,11,66
Bangor,34,66
Swansea,96,66
Swansea,121,66
Swansea,180,66
Cardiff,180,66
Newport,55,66
Cardiff,45,66
Cardiff,65,66
Newport,61,66
Swansea,152,66
Swansea,127,66
Bangor,59,66
Bangor,136,66
Newport,36,66
Swansea,74,66
Cardiff,30,66
Cardiff,8,66
Cardiff,119,66
Swansea,1,66
Bangor,172,66
Swansea,142,66
Bangor,20,66
Bangor,103,66
Newport,137,66
Newport,91,66
Cardiff,115,66
Swansea,143,66
Newport,198,66
Cardiff,97,66
Newport,81,66
Bangor,62,66
Swansea,49,66
Cardiff,173,66
Bangor,153,66
Cardiff,128,66
Swansea,106,66
Cardiff,178,66
Cardiff,107,66
Cardiff,155,66
Bangor,95,66
Cardiff,200,66
Swansea,88,66
Cardiff,55,66
Swansea,8,66
Cardiff,158,66
Cardiff,42,66
Cardiff,18,66
Bangor,50,66
Cardiff,195,66
Newport,31,66
Swansea,63,66
Swansea,136,66
Cardiff,39,66
Newport,64,66
Cardiff,194,66
Newport,196,66
Newport,41,66
Newport,113,66
Swansea,197,66
Cardiff,55,66
Newport,170,66
Newport,194,66
Bangor,100,66
Newport,181,66
Bangor,73,66
Bangor,64,66
Swansea,123,66
Newport,19,66
Newport,167,66
Newport,98,66
Cardiff,97,66
Newport,120,66
Bangor,128,66
Cardiff,182,66
Swansea,41,66
Bangor,130,66
Newport,186,66
Cardiff,103,66
Newport,104,66
Swansea,8,66
Cardiff,125,66
Bangor,89,66
Swansea,7,66
Cardiff,101,66
Newport,40,66
Bangor,160,66
Swansea,183,66
Cardiff,162,66
Newport,29,66
Swansea,44,66
Swansea,137,66
Swansea,48,66
Newport,91,66
Cardiff,14,66
Bangor,191,66
Bangor,160,66
Newport,35,66
Swansea,190,66
Cardiff,75,66
Cardiff,173,66
Cardiff,45,66
Bangor,115,66
Bangor,134,66
Swansea,94,66
Cardiff,164,66
Cardiff,1,66
Newport,172,66
Cardiff,108,66
Bangor,109,66
Newport,163,66
Cardiff,143,66
Bangor,55,66
Newport,82,66
Cardiff,152,66
Cardiff,36,66
Bangor,27,66
Newport,78,66
Swansea,23,66
Bangor,145,66
Newport,93,66
Swansea,98,66
Swansea,66,66
Newport,55,66
Bangor,118,66
Cardiff,131,66
Newport,27,66
Newport,91,66
Swansea,70,66
Bangor,3,66
Swansea,174,66
Newport,48,66
Bangor,141,66
Cardiff,177,66
Newport,187,66
Bangor,127,66
Bangor,146,66
Swansea,104,66
Swansea,87,66
Cardiff,139,66
Cardiff,196,66
Cardiff,161,66
Swansea,161,66
Cardiff,25,66
Swansea,137,66
Newport,57,66
Bangor,72,66
Newport,184,66
Bangor,159,66
Newport,161,66
Bangor,166,66
Swansea,56,66
Swansea,83,66
Cardiff,137,66
