City,Quantity,Product_Code
Bangor,163,199
Newport,163,199
Bangor,160,199
Bangor,37,199
Newport,10,199
Bangor,26,199
Swansea,17,199
Newport,122,199
Cardiff,115,199
Newport,142,199
Cardiff,94,199
Newport,67,199
Bangor,133,199
Newport,96,199
Cardiff,59,199
Cardiff,43,199
Cardiff,91,199
Bangor,90,199
Bangor,148,199
Cardiff,49,199
Bangor,176,199
Cardiff,134,199
Swansea,83,199
Swansea,72,199
Newport,74,199
Swansea,199,199
Swansea,49,199
Swansea,83,199
Cardiff,187,199
Cardiff,4,199
Newport,3,199
Newport,109,199
Cardiff,111,199
Bangor,34,199
Newport,133,199
Cardiff,139,199
Swansea,87,199
Newport,137,199
Bangor,157,199
Swansea,76,199
Swansea,163,199
Cardiff,81,199
Cardiff,142,199
Cardiff,171,199
Cardiff,17,199
Swansea,38,199
Swansea,45,199
Newport,115,199
Bangor,22,199
Bangor,84,199
Bangor,81,199
Bangor,25,199
Cardiff,135,199
Cardiff,132,199
Bangor,62,199
Swansea,4,199
Newport,50,199
Swansea,200,199
Swansea,188,199
Cardiff,31,199
Newport,108,199
Swansea,147,199
Swansea,24,199
Newport,58,199
Bangor,88,199
Newport,108,199
Swansea,94,199
Newport,181,199
Cardiff,151,199
Newport,7,199
Bangor,16,199
Swansea,0,199
Swansea,80,199
Cardiff,159,199
Newport,28,199
Cardiff,189,199
Newport,179,199
Newport,13,199
Bangor,76,199
Swansea,33,199
Swansea,52,199
Swansea,79,199
Cardiff,123,199
Cardiff,54,199
Cardiff,101,199
Cardiff,111,199
Newport,51,199
Newport,110,199
Cardiff,191,199
Bangor,37,199
Bangor,132,199
Newport,28,199
Cardiff,42,199
Newport,176,199
Cardiff,94,199
Cardiff,147,199
Cardiff,57,199
Cardiff,2,199
Bangor,47,199
Newport,141,199
Newport,46,199
Newport,87,199
Cardiff,154,199
Cardiff,61,199
Swansea,130,199
Bangor,80,199
Swansea,70,199
Bangor,153,199
Bangor,19,199
Swansea,108,199
Cardiff,146,199
Bangor,40,199
Swansea,56,199
Cardiff,171,199
Cardiff,145,199
Swansea,167,199
Swansea,120,199
Bangor,68,199
Cardiff,28,199
Bangor,66,199
Cardiff,198,199
Bangor,112,199
Bangor,158,199
Bangor,70,199
Newport,46,199
Bangor,94,199
Swansea,187,199
Swansea,168,199
Swansea,28,199
Newport,191,199
Newport,124,199
Newport,35,199
Newport,67,199
Cardiff,74,199
Newport,17,199
Newport,73,199
Bangor,104,199
Newport,11,199
Newport,42,199
Bangor,193,199
Cardiff,195,199
Cardiff,140,199
Newport,88,199
Newport,165,199
Cardiff,66,199
Swansea,124,199
Newport,32,199
Cardiff,44,199
Cardiff,51,199
Swansea,4,199
Bangor,174,199
Cardiff,41,199
Swansea,142,199
Newport,155,199
Cardiff,56,199
Bangor,85,199
Newport,191,199
Newport,117,199
Cardiff,118,199
Newport,112,199
Swansea,155,199
Bangor,163,199
Newport,120,199
Cardiff,196,199
Newport,200,199
Cardiff,133,199
Bangor,197,199
Cardiff,74,199
Swansea,163,199
Cardiff,142,199
Swansea,155,199
Bangor,175,199
Newport,84,199
Swansea,14,199
Newport,164,199
Swansea,96,199
Swansea,91,199
Cardiff,190,199
Cardiff,161,199
Bangor,84,199
Swansea,123,199
Swansea,127,199
Swansea,116,199
Cardiff,69,199
Newport,151,199
Swansea,55,199
Swansea,127,199
Cardiff,81,199
Bangor,13,199
Swansea,46,199
Newport,69,199
Bangor,64,199
Newport,103,199
Swansea,29,199
Cardiff,31,199
Swansea,184,199
Swansea,21,199
Bangor,146,199
Swansea,85,199
Bangor,102,199
Newport,8,199
Cardiff,38,199
Swansea,39,199
Cardiff,197,199
Bangor,121,199
Newport,62,199
Bangor,39,199
Newport,91,199
Newport,148,199
Newport,63,199
Bangor,79,199
Swansea,107,199
Cardiff,95,199
Newport,102,199
Cardiff,11,199
Cardiff,46,199
Newport,71,199
Newport,38,199
Cardiff,71,199
Newport,49,199
Swansea,151,199
Bangor,33,199
Newport,28,199
Swansea,57,199
Newport,31,199
Swansea,138,199
Cardiff,70,199
Bangor,4,199
Newport,80,199
Bangor,184,199
Bangor,199,199
Swansea,88,199
Cardiff,168,199
Bangor,4,199
Newport,70,199
Swansea,110,199
Swansea,142,199
Bangor,25,199
Newport,8,199
Newport,164,199
Swansea,45,199
Cardiff,41,199
Bangor,48,199
Swansea,183,199
Swansea,140,199
Cardiff,119,199
Swansea,62,199
Bangor,84,199
Newport,25,199
Cardiff,79,199
Newport,62,199
