City,Quantity,Product_Code
Swansea,63,101
Cardiff,196,101
Bangor,126,101
Newport,197,101
Newport,150,101
Cardiff,165,101
Newport,56,101
Bangor,70,101
Bangor,100,101
Swansea,150,101
Bangor,97,101
Newport,121,101
Newport,187,101
Bangor,140,101
Bangor,137,101
Newport,79,101
Swansea,91,101
Swansea,41,101
Bangor,74,101
Swansea,124,101
Newport,154,101
Cardiff,5,101
Cardiff,35,101
Cardiff,163,101
Newport,10,101
Bangor,166,101
Swansea,134,101
Cardiff,77,101
Cardiff,59,101
Newport,2,101
Swansea,95,101
Bangor,152,101
Bangor,172,101
Newport,91,101
Cardiff,160,101
Newport,121,101
Bangor,118,101
Cardiff,33,101
Bangor,195,101
Cardiff,158,101
Bangor,62,101
Swansea,21,101
Newport,77,101
Swansea,83,101
Swansea,122,101
Cardiff,183,101
Swansea,97,101
Swansea,68,101
Cardiff,80,101
Cardiff,13,101
Cardiff,180,101
Swansea,70,101
Newport,90,101
Swansea,177,101
Newport,3,101
Swansea,185,101
Cardiff,108,101
Cardiff,76,101
Cardiff,65,101
Newport,56,101
Newport,132,101
Cardiff,3,101
Swansea,137,101
Bangor,20,101
Bangor,16,101
Cardiff,10,101
Swansea,61,101
Cardiff,3,101
Cardiff,163,101
Swansea,200,101
Cardiff,188,101
Newport,121,101
Bangor,188,101
Swansea,114,101
Cardiff,200,101
Bangor,43,101
Newport,120,101
Swansea,47,101
Bangor,114,101
Bangor,79,101
Bangor,84,101
Cardiff,117,101
Newport,27,101
Newport,184,101
Cardiff,199,101
Newport,41,101
Bangor,20,101
Bangor,186,101
Newport,15,101
Cardiff,30,101
Newport,22,101
Cardiff,18,101
Cardiff,102,101
Cardiff,24,101
Bangor,77,101
Swansea,101,101
Swansea,97,101
Newport,10,101
Bangor,159,101
Swansea,122,101
Cardiff,169,101
Bangor,184,101
Bangor,189,101
Newport,50,101
Bangor,128,101
Newport,129,101
Bangor,179,101
Bangor,112,101
Newport,157,101
Swansea,82,101
Bangor,94,101
Cardiff,110,101
Newport,109,101
Bangor,122,101
Swansea,64,101
Bangor,39,101
Bangor,187,101
Bangor,26,101
Bangor,46,101
Swansea,114,101
Newport,126,101
Bangor,97,101
Swansea,67,101
Cardiff,117,101
Cardiff,62,101
Newport,1,101
Swansea,174,101
Cardiff,84,101
Cardiff,80,101
Swansea,115,101
Cardiff,200,101
Cardiff,192,101
Cardiff,111,101
Newport,155,101
Newport,16,101
Bangor,141,101
Bangor,13,101
Bangor,172,101
Bangor,199,101
Bangor,26,101
Swansea,59,101
Cardiff,89,101
Newport,183,101
Newport,78,101
Newport,150,101
Newport,86,101
Cardiff,86,101
Cardiff,191,101
Cardiff,84,101
Newport,192,101
Bangor,16,101
Cardiff,179,101
Newport,135,101
Bangor,182,101
Cardiff,166,101
Swansea,170,101
Swansea,126,101
Swansea,128,101
Swansea,135,101
Bangor,136,101
Bangor,198,101
Newport,20,101
Bangor,100,101
Cardiff,70,101
Swansea,59,101
Cardiff,141,101
Swansea,127,101
Newport,9,101
Bangor,87,101
Cardiff,74,101
Cardiff,164,101
Bangor,158,101
Bangor,88,101
Swansea,150,101
Cardiff,145,101
Cardiff,198,101
Newport,12,101
Newport,34,101
Bangor,41,101
Swansea,83,101
Bangor,13,101
Newport,166,101
Newport,39,101
Swansea,22,101
Swansea,56,101
Bangor,42,101
Newport,45,101
Newport,144,101
Newport,35,101
Swansea,94,101
Cardiff,13,101
Bangor,168,101
Bangor,87,101
Swansea,38,101
Swansea,115,101
Newport,71,101
Swansea,146,101
Bangor,46,101
Newport,12,101
Cardiff,27,101
Newport,88,101
Bangor,115,101
Swansea,199,101
Cardiff,154,101
Newport,167,101
Bangor,31,101
Swansea,94,101
Bangor,26,101
Cardiff,152,101
Newport,103,101
Bangor,71,101
Newport,95,101
Swansea,5,101
Swansea,8,101
Cardiff,195,101
Swansea,49,101
Newport,108,101
Bangor,49,101
Bangor,0,101
Cardiff,170,101
Bangor,139,101
Newport,148,101
Swansea,57,101
Bangor,122,101
Newport,100,101
Newport,124,101
Newport,169,101
Cardiff,177,101
Newport,51,101
Swansea,148,101
Newport,156,101
Swansea,193,101
Newport,109,101
Swansea,196,101
Newport,59,101
Newport,39,101
Bangor,199,101
Cardiff,86,101
Swansea,11,101
Newport,111,101
Bangor,158,101
Cardiff,146,101
Swansea,101,101
Newport,170,101
Cardiff,119,101
Swansea,18,101
Cardiff,71,101
Swansea,8,101
Newport,53,101
Newport,81,101
Bangor,26,101
