City,Quantity,Product_Code
Swansea,50,61
Swansea,158,61
Swansea,85,61
Newport,122,61
Bangor,155,61
Cardiff,168,61
Bangor,154,61
Bangor,24,61
Cardiff,74,61
Swansea,50,61
Newport,59,61
Bangor,17,61
Swansea,98,61
Bangor,194,61
Swansea,18,61
Newport,200,61
Cardiff,76,61
Bangor,119,61
Newport,179,61
Newport,40,61
Newport,196,61
Cardiff,123,61
Bangor,133,61
Cardiff,180,61
Bangor,156,61
Swansea,4,61
Bangor,100,61
Swansea,177,61
Newport,7,61
Swansea,186,61
Swansea,2,61
Cardiff,68,61
Bangor,104,61
Swansea,60,61
Swansea,120,61
Cardiff,13,61
Cardiff,171,61
Newport,153,61
Bangor,77,61
Newport,126,61
Bangor,102,61
Bangor,93,61
Newport,47,61
Swansea,135,61
Newport,138,61
Swansea,189,61
Bangor,86,61
Cardiff,24,61
Swansea,128,61
Newport,9,61
Swansea,19,61
Swansea,69,61
Newport,90,61
Cardiff,181,61
Cardiff,64,61
Cardiff,97,61
Bangor,169,61
Bangor,158,61
Newport,41,61
Newport,2,61
Bangor,98,61
Swansea,186,61
Swansea,184,61
Bangor,40,61
Cardiff,134,61
Newport,28,61
Swansea,194,61
Swansea,179,61
Cardiff,97,61
Cardiff,172,61
Swansea,138,61
Cardiff,92,61
Bangor,83,61
Bangor,200,61
Bangor,151,61
Cardiff,78,61
Cardiff,152,61
Newport,184,61
Cardiff,183,61
Newport,64,61
Swansea,142,61
Newport,151,61
Cardiff,24,61
Bangor,133,61
Newport,152,61
Swansea,106,61
Swansea,127,61
Newport,35,61
Cardiff,169,61
Bangor,67,61
Swansea,168,61
Cardiff,164,61
Bangor,136,61
Bangor,193,61
Swansea,22,61
Newport,92,61
Cardiff,148,61
Cardiff,49,61
Cardiff,109,61
Bangor,53,61
Newport,185,61
Swansea,115,61
Bangor,31,61
Bangor,117,61
Swansea,136,61
Cardiff,87,61
Newport,128,61
Swansea,115,61
Newport,148,61
Swansea,63,61
Swansea,18,61
Cardiff,116,61
Cardiff,5,61
Bangor,87,61
Cardiff,80,61
Bangor,172,61
Newport,166,61
Cardiff,8,61
Cardiff,183,61
Newport,69,61
Swansea,43,61
Bangor,135,61
Swansea,21,61
Bangor,81,61
Cardiff,145,61
Bangor,2,61
Newport,69,61
Swansea,79,61
Newport,177,61
Newport,149,61
Swansea,118,61
Newport,30,61
Cardiff,26,61
Cardiff,95,61
Swansea,99,61
Cardiff,73,61
Newport,141,61
Swansea,49,61
Bangor,88,61
Newport,134,61
Bangor,164,61
Bangor,138,61
Bangor,91,61
Bangor,133,61
Swansea,58,61
Newport,29,61
Cardiff,55,61
Bangor,170,61
Swansea,45,61
Swansea,28,61
Bangor,23,61
Cardiff,117,61
Newport,127,61
Newport,61,61
Newport,156,61
Bangor,41,61
Swansea,41,61
Cardiff,21,61
Swansea,138,61
Bangor,52,61
Newport,111,61
Cardiff,140,61
Cardiff,158,61
Newport,162,61
Swansea,160,61
Bangor,7,61
Bangor,110,61
Bangor,112,61
Cardiff,38,61
Bangor,39,61
Bangor,87,61
Cardiff,9,61
Newport,6,61
Swansea,74,61
Cardiff,147,61
Cardiff,58,61
Newport,181,61
Bangor,35,61
Swansea,21,61
Newport,109,61
Newport,32,61
Swansea,89,61
Cardiff,91,61
Bangor,40,61
Swansea,14,61
Newport,145,61
Cardiff,135,61
Newport,108,61
Bangor,62,61
Bangor,90,61
Bangor,169,61
Swansea,102,61
Newport,84,61
Swansea,102,61
Swansea,184,61
Cardiff,174,61
Cardiff,49,61
Newport,198,61
Cardiff,159,61
Bangor,168,61
Cardiff,19,61
Swansea,6,61
Swansea,142,61
Newport,79,61
Cardiff,13,61
Bangor,189,61
Swansea,59,61
Swansea,101,61
Bangor,104,61
Swansea,91,61
Swansea,123,61
Swansea,145,61
Cardiff,157,61
Swansea,146,61
Cardiff,187,61
Newport,69,61
Bangor,29,61
Newport,57,61
Swansea,33,61
Swansea,157,61
Swansea,136,61
Cardiff,6,61
Swansea,142,61
Newport,74,61
Cardiff,147,61
Swansea,8,61
Swansea,68,61
Swansea,2,61
Newport,173,61
Swansea,181,61
Bangor,96,61
Cardiff,181,61
Newport,90,61
Swansea,102,61
Swansea,54,61
Swansea,127,61
Cardiff,176,61
Bangor,184,61
Cardiff,199,61
Newport,1,61
Swansea,11,61
Cardiff,156,61
Swansea,99,61
Swansea,49,61
Cardiff,155,61
Cardiff,90,61
Bangor,49,61
Cardiff,123,61
Bangor,173,61
Swansea,97,61
Cardiff,133,61
