City,Quantity,Product_Code
Bangor,47,80
Bangor,198,80
Bangor,159,80
Swansea,86,80
Bangor,104,80
Swansea,111,80
Cardiff,24,80
Bangor,38,80
Bangor,82,80
Cardiff,43,80
Newport,15,80
Bangor,116,80
Cardiff,123,80
Cardiff,149,80
Cardiff,121,80
Cardiff,122,80
Cardiff,63,80
Swansea,119,80
Bangor,122,80
Newport,198,80
Bangor,64,80
Newport,82,80
Cardiff,98,80
Swansea,183,80
Newport,76,80
Bangor,140,80
Bangor,182,80
Bangor,16,80
Swansea,51,80
Bangor,190,80
Swansea,130,80
Swansea,83,80
Newport,192,80
Bangor,173,80
Newport,148,80
Bangor,50,80
Bangor,121,80
Bangor,89,80
Bangor,121,80
Cardiff,73,80
Swansea,70,80
Swansea,164,80
Newport,165,80
Cardiff,27,80
Bangor,184,80
Cardiff,23,80
Swansea,4,80
Bangor,85,80
Newport,38,80
Bangor,73,80
Cardiff,196,80
Swansea,85,80
Bangor,175,80
Cardiff,103,80
Cardiff,24,80
Newport,65,80
Newport,190,80
Bangor,147,80
Bangor,116,80
Cardiff,19,80
Newport,61,80
Cardiff,169,80
Bangor,98,80
Newport,137,80
Swansea,130,80
Cardiff,111,80
Cardiff,17,80
Newport,173,80
Bangor,114,80
Cardiff,183,80
Cardiff,44,80
Swansea,109,80
Newport,91,80
Bangor,26,80
Cardiff,136,80
Bangor,70,80
Newport,41,80
Newport,193,80
Swansea,191,80
Bangor,112,80
Newport,0,80
Newport,110,80
Swansea,188,80
Swansea,179,80
Cardiff,43,80
Bangor,171,80
Cardiff,103,80
Swansea,160,80
Swansea,189,80
Cardiff,90,80
Bangor,91,80
Bangor,177,80
Swansea,185,80
Cardiff,147,80
Bangor,165,80
Newport,86,80
Newport,182,80
Cardiff,66,80
Swansea,15,80
Newport,169,80
Swansea,158,80
Swansea,182,80
Cardiff,37,80
Cardiff,10,80
Newport,126,80
Bangor,100,80
Cardiff,6,80
Swansea,36,80
Bangor,79,80
Bangor,144,80
Newport,197,80
Cardiff,195,80
Newport,54,80
Cardiff,41,80
Bangor,43,80
Swansea,144,80
Newport,5,80
Bangor,33,80
Cardiff,169,80
Bangor,126,80
Cardiff,96,80
Cardiff,97,80
Bangor,28,80
Bangor,91,80
Cardiff,18,80
Newport,43,80
Cardiff,145,80
Swansea,18,80
Newport,71,80
Cardiff,120,80
Swansea,59,80
Cardiff,154,80
Cardiff,14,80
Cardiff,109,80
Swansea,87,80
Bangor,87,80
Newport,2,80
Cardiff,29,80
Cardiff,88,80
Cardiff,148,80
Bangor,37,80
Bangor,145,80
Newport,143,80
Swansea,176,80
Bangor,180,80
Bangor,121,80
Cardiff,40,80
Swansea,78,80
Cardiff,69,80
Bangor,166,80
Bangor,93,80
Cardiff,181,80
Newport,156,80
Newport,56,80
Newport,18,80
Swansea,43,80
Cardiff,74,80
Bangor,167,80
Bangor,57,80
Bangor,7,80
Swansea,129,80
Cardiff,172,80
Cardiff,69,80
Cardiff,123,80
Bangor,128,80
Newport,42,80
Cardiff,45,80
Cardiff,151,80
Swansea,179,80
Swansea,40,80
Cardiff,126,80
Bangor,117,80
Cardiff,23,80
Bangor,75,80
Cardiff,149,80
Cardiff,74,80
Newport,20,80
Bangor,2,80
Newport,86,80
Cardiff,164,80
Cardiff,38,80
Bangor,139,80
Bangor,154,80
Bangor,48,80
Bangor,161,80
Cardiff,96,80
Cardiff,161,80
Bangor,27,80
Bangor,37,80
Swansea,69,80
Swansea,103,80
Cardiff,64,80
Newport,33,80
Cardiff,190,80
Bangor,48,80
Cardiff,61,80
Newport,161,80
Newport,24,80
Swansea,20,80
Bangor,30,80
Swansea,194,80
Newport,84,80
Cardiff,179,80
Newport,98,80
Bangor,62,80
Cardiff,122,80
Bangor,159,80
Bangor,190,80
Cardiff,89,80
Swansea,154,80
Newport,19,80
Bangor,41,80
Bangor,187,80
Newport,93,80
Swansea,197,80
Bangor,152,80
Bangor,19,80
Cardiff,141,80
Swansea,49,80
Bangor,66,80
Newport,55,80
Swansea,62,80
Cardiff,101,80
Newport,158,80
Bangor,23,80
Bangor,108,80
Newport,50,80
Newport,44,80
Cardiff,74,80
Swansea,121,80
Newport,68,80
Newport,88,80
Newport,165,80
Cardiff,90,80
Newport,48,80
Cardiff,32,80
Newport,60,80
Bangor,194,80
Newport,191,80
Newport,51,80
Newport,0,80
Cardiff,38,80
Bangor,194,80
Newport,53,80
Swansea,56,80
Cardiff,17,80
Cardiff,191,80
Cardiff,58,80
Bangor,13,80
Bangor,55,80
Newport,132,80
