City,Quantity,Product_Code
Newport,51,168
Bangor,24,168
Cardiff,67,168
Bangor,195,168
Newport,17,168
Bangor,100,168
Swansea,50,168
Cardiff,12,168
Cardiff,49,168
Cardiff,15,168
Cardiff,199,168
Swansea,117,168
Bangor,13,168
Swansea,193,168
Newport,105,168
Cardiff,71,168
Bangor,50,168
Swansea,57,168
Cardiff,156,168
Newport,104,168
Bangor,69,168
Swansea,150,168
Cardiff,59,168
Cardiff,90,168
Newport,123,168
Cardiff,88,168
Swansea,107,168
Newport,197,168
Bangor,14,168
Cardiff,178,168
Cardiff,172,168
Bangor,49,168
Swansea,130,168
Swansea,57,168
Cardiff,181,168
Bangor,163,168
Cardiff,170,168
Bangor,71,168
Bangor,173,168
Swansea,69,168
Bangor,182,168
Bangor,161,168
Cardiff,111,168
Swansea,8,168
Bangor,113,168
Cardiff,177,168
Newport,140,168
Cardiff,116,168
Swansea,21,168
Swansea,199,168
Newport,28,168
Newport,85,168
Cardiff,18,168
Newport,84,168
Cardiff,31,168
Bangor,77,168
Newport,25,168
Cardiff,18,168
Swansea,133,168
Newport,91,168
Swansea,173,168
Bangor,69,168
Cardiff,58,168
Cardiff,189,168
Bangor,190,168
Cardiff,152,168
Newport,69,168
Bangor,7,168
Swansea,164,168
Cardiff,158,168
Cardiff,55,168
Newport,111,168
Newport,57,168
Swansea,172,168
Swansea,145,168
Swansea,26,168
Cardiff,117,168
Newport,55,168
Bangor,57,168
Bangor,151,168
Bangor,114,168
Bangor,199,168
Newport,91,168
Bangor,143,168
Bangor,181,168
Bangor,33,168
Cardiff,119,168
Swansea,23,168
Bangor,136,168
Cardiff,113,168
Cardiff,51,168
Newport,39,168
Newport,23,168
Cardiff,144,168
Bangor,132,168
Newport,21,168
Cardiff,3,168
Newport,79,168
Swansea,11,168
Cardiff,69,168
Swansea,154,168
Cardiff,187,168
Bangor,86,168
Bangor,166,168
Newport,129,168
Swansea,111,168
Swansea,140,168
Swansea,140,168
Newport,103,168
Swansea,8,168
Swansea,134,168
Bangor,174,168
Cardiff,0,168
Swansea,37,168
Cardiff,138,168
Cardiff,191,168
Swansea,146,168
Swansea,108,168
Bangor,172,168
Newport,39,168
Newport,104,168
Newport,193,168
Swansea,173,168
Cardiff,92,168
Swansea,54,168
Cardiff,90,168
Cardiff,109,168
Newport,92,168
Bangor,194,168
Bangor,17,168
Swansea,173,168
Bangor,10,168
Newport,199,168
Cardiff,191,168
Bangor,84,168
Swansea,52,168
Swansea,26,168
Bangor,2,168
Cardiff,27,168
Newport,125,168
Newport,124,168
Cardiff,24,168
Cardiff,37,168
Newport,103,168
Bangor,98,168
Cardiff,54,168
Cardiff,121,168
Newport,27,168
Newport,70,168
Cardiff,143,168
Swansea,81,168
Cardiff,178,168
Bangor,33,168
Cardiff,127,168
Cardiff,193,168
Swansea,47,168
Swansea,46,168
Swansea,52,168
Newport,121,168
Bangor,4,168
Bangor,58,168
Cardiff,126,168
Cardiff,28,168
Swansea,197,168
Swansea,112,168
Swansea,147,168
Bangor,63,168
Newport,88,168
Bangor,32,168
Cardiff,96,168
Bangor,103,168
Cardiff,197,168
Cardiff,11,168
Cardiff,46,168
Newport,124,168
Swansea,92,168
Cardiff,115,168
Newport,58,168
Cardiff,74,168
Newport,21,168
Bangor,108,168
Newport,39,168
Cardiff,173,168
Swansea,0,168
Bangor,186,168
Cardiff,48,168
Bangor,68,168
Cardiff,50,168
Newport,100,168
Bangor,179,168
Cardiff,158,168
Bangor,170,168
Bangor,51,168
Bangor,58,168
Newport,17,168
Bangor,194,168
Swansea,53,168
Cardiff,21,168
Newport,15,168
Bangor,187,168
Bangor,30,168
Newport,153,168
Bangor,148,168
Cardiff,50,168
Newport,59,168
Bangor,32,168
Swansea,154,168
Bangor,77,168
Cardiff,32,168
Cardiff,197,168
Newport,166,168
Swansea,74,168
Swansea,4,168
Cardiff,163,168
Cardiff,32,168
Swansea,52,168
Swansea,56,168
Cardiff,186,168
Cardiff,177,168
Newport,173,168
Cardiff,56,168
Cardiff,15,168
Cardiff,185,168
Bangor,195,168
Bangor,175,168
Cardiff,194,168
Bangor,6,168
Bangor,135,168
Bangor,98,168
Swansea,187,168
Newport,148,168
Swansea,148,168
Bangor,19,168
Swansea,42,168
Cardiff,125,168
Bangor,84,168
Swansea,159,168
Bangor,48,168
Newport,191,168
Newport,41,168
Cardiff,62,168
Bangor,158,168
Bangor,128,168
Cardiff,59,168
Newport,32,168
Cardiff,58,168
Swansea,193,168
Cardiff,54,168
Newport,149,168
Bangor,94,168
Swansea,184,168
