City,Quantity,Product_Code
Swansea,103,64
Newport,166,64
Bangor,154,64
Cardiff,103,64
Bangor,96,64
Newport,29,64
Cardiff,48,64
Cardiff,13,64
Swansea,93,64
Swansea,155,64
Newport,102,64
Bangor,55,64
Cardiff,26,64
Bangor,155,64
Cardiff,156,64
Bangor,105,64
Swansea,169,64
Cardiff,127,64
Cardiff,142,64
Swansea,141,64
Newport,54,64
Bangor,131,64
Newport,147,64
Cardiff,112,64
Swansea,183,64
Newport,176,64
Swansea,72,64
Cardiff,25,64
Cardiff,180,64
Cardiff,55,64
Cardiff,199,64
Bangor,174,64
Cardiff,180,64
Bangor,189,64
Cardiff,29,64
Newport,1,64
Bangor,64,64
Bangor,128,64
Newport,195,64
Cardiff,106,64
Newport,139,64
Cardiff,92,64
Swansea,121,64
Cardiff,155,64
Newport,182,64
Newport,183,64
Swansea,85,64
Swansea,184,64
Cardiff,31,64
Bangor,51,64
Swansea,119,64
Bangor,179,64
Bangor,24,64
Bangor,86,64
Newport,162,64
Newport,26,64
Swansea,111,64
Cardiff,106,64
Bangor,21,64
Swansea,186,64
Cardiff,7,64
Bangor,125,64
Bangor,107,64
Cardiff,188,64
Swansea,194,64
Cardiff,179,64
Bangor,99,64
Bangor,112,64
Bangor,160,64
Cardiff,61,64
Cardiff,45,64
Swansea,60,64
Newport,7,64
Newport,162,64
Cardiff,78,64
Swansea,123,64
Newport,46,64
Newport,75,64
Bangor,81,64
Newport,9,64
Bangor,65,64
Swansea,48,64
Bangor,66,64
Newport,26,64
Swansea,54,64
Swansea,59,64
Newport,176,64
Swansea,22,64
Newport,145,64
Cardiff,111,64
Swansea,109,64
Swansea,2,64
Bangor,152,64
Cardiff,170,64
Swansea,19,64
Cardiff,99,64
Bangor,200,64
Cardiff,68,64
Cardiff,158,64
Cardiff,77,64
Cardiff,69,64
Newport,85,64
Cardiff,195,64
Swansea,28,64
Bangor,112,64
Swansea,180,64
Cardiff,37,64
Newport,95,64
Swansea,1,64
Newport,1,64
Bangor,42,64
Newport,116,64
Newport,69,64
Swansea,9,64
Swansea,100,64
Cardiff,91,64
Cardiff,11,64
Newport,110,64
Cardiff,95,64
Bangor,59,64
Bangor,135,64
Swansea,117,64
Newport,95,64
Swansea,108,64
Newport,54,64
Bangor,9,64
Newport,29,64
Bangor,170,64
Swansea,57,64
Swansea,168,64
Bangor,46,64
Bangor,143,64
Swansea,128,64
Cardiff,125,64
Swansea,31,64
Newport,156,64
Cardiff,189,64
Cardiff,61,64
Swansea,80,64
Newport,179,64
Swansea,114,64
Cardiff,156,64
Cardiff,4,64
Swansea,103,64
Newport,66,64
Newport,56,64
Cardiff,158,64
Swansea,17,64
Swansea,150,64
Newport,188,64
Cardiff,3,64
Swansea,57,64
Newport,144,64
Swansea,143,64
Swansea,80,64
Newport,135,64
Cardiff,70,64
Bangor,133,64
Newport,68,64
Bangor,174,64
Newport,155,64
Swansea,38,64
Swansea,94,64
Newport,33,64
Swansea,161,64
Cardiff,68,64
Cardiff,105,64
Swansea,42,64
Bangor,15,64
Cardiff,68,64
Newport,163,64
Newport,172,64
Newport,142,64
Swansea,29,64
Newport,48,64
Bangor,167,64
Newport,195,64
Bangor,54,64
Cardiff,157,64
Swansea,153,64
Swansea,78,64
Swansea,152,64
Swansea,81,64
Swansea,166,64
Newport,179,64
Bangor,162,64
Newport,184,64
Cardiff,163,64
Newport,175,64
Cardiff,31,64
Bangor,154,64
Swansea,36,64
Bangor,50,64
Newport,22,64
Bangor,87,64
Bangor,191,64
Bangor,199,64
Bangor,85,64
Newport,188,64
Newport,112,64
Newport,71,64
Cardiff,38,64
Cardiff,148,64
Bangor,63,64
Bangor,126,64
Swansea,57,64
Newport,152,64
Newport,37,64
Cardiff,76,64
Newport,22,64
Bangor,39,64
Newport,62,64
Swansea,79,64
Swansea,14,64
Cardiff,158,64
Cardiff,163,64
Newport,176,64
Cardiff,93,64
Newport,51,64
Cardiff,136,64
Cardiff,168,64
Bangor,3,64
Cardiff,143,64
Cardiff,3,64
Cardiff,176,64
Swansea,118,64
Bangor,98,64
Bangor,85,64
Bangor,28,64
Newport,172,64
Cardiff,157,64
Cardiff,5,64
Bangor,80,64
Cardiff,156,64
Bangor,179,64
Bangor,126,64
Cardiff,9,64
Newport,117,64
Bangor,48,64
Newport,141,64
Cardiff,161,64
Bangor,104,64
Cardiff,54,64
Cardiff,159,64
Newport,27,64
Cardiff,54,64
Bangor,114,64
Newport,136,64
Bangor,140,64
Swansea,171,64
Newport,186,64
