City,Quantity,Product_Code
Swansea,163,51
Swansea,55,51
Newport,141,51
Bangor,103,51
Bangor,7,51
Swansea,180,51
Cardiff,81,51
Cardiff,162,51
Newport,18,51
Bangor,112,51
Newport,32,51
Cardiff,103,51
Newport,176,51
Cardiff,10,51
Newport,137,51
Cardiff,177,51
Swansea,152,51
Newport,127,51
Bangor,19,51
Swansea,112,51
Swansea,15,51
Cardiff,44,51
Cardiff,174,51
Newport,118,51
Swansea,2,51
Newport,90,51
Newport,0,51
Bangor,92,51
Newport,65,51
Swansea,133,51
Bangor,118,51
Newport,3,51
Newport,166,51
Bangor,55,51
Cardiff,189,51
Bangor,127,51
Swansea,38,51
Swansea,165,51
Cardiff,114,51
Swansea,20,51
Newport,188,51
Cardiff,54,51
Cardiff,85,51
Newport,135,51
Newport,10,51
Bangor,57,51
Swansea,66,51
Swansea,40,51
Swansea,162,51
Bangor,45,51
Bangor,144,51
Cardiff,18,51
Swansea,84,51
Newport,169,51
Bangor,119,51
Cardiff,152,51
Cardiff,79,51
Swansea,89,51
Cardiff,140,51
Newport,109,51
Bangor,27,51
Newport,151,51
Cardiff,193,51
Cardiff,149,51
Swansea,170,51
Newport,42,51
Cardiff,38,51
Bangor,137,51
Cardiff,31,51
Cardiff,187,51
Cardiff,90,51
Swansea,13,51
Swansea,167,51
Swansea,41,51
Swansea,39,51
Cardiff,69,51
Bangor,82,51
Cardiff,83,51
Bangor,4,51
Newport,78,51
Swansea,110,51
Bangor,156,51
Bangor,62,51
Newport,101,51
Cardiff,35,51
Bangor,78,51
Cardiff,182,51
Swansea,69,51
Cardiff,186,51
Newport,186,51
Newport,98,51
Newport,188,51
Swansea,48,51
Bangor,157,51
Cardiff,190,51
Swansea,168,51
Newport,55,51
Newport,165,51
Cardiff,115,51
Cardiff,165,51
Cardiff,157,51
Swansea,40,51
Cardiff,125,51
Newport,19,51
Swansea,38,51
Swansea,154,51
Cardiff,150,51
Newport,125,51
Newport,5,51
Newport,29,51
Newport,162,51
Swansea,35,51
Bangor,114,51
Cardiff,92,51
Cardiff,200,51
Cardiff,172,51
Bangor,190,51
Swansea,133,51
Swansea,29,51
Bangor,186,51
Newport,83,51
Cardiff,128,51
Newport,120,51
Bangor,129,51
Newport,60,51
Newport,66,51
Swansea,50,51
Cardiff,177,51
Cardiff,114,51
Swansea,66,51
Bangor,0,51
Swansea,65,51
Swansea,121,51
Cardiff,33,51
Bangor,175,51
Bangor,186,51
Swansea,94,51
Swansea,127,51
Swansea,156,51
Swansea,74,51
Newport,178,51
Cardiff,136,51
Bangor,62,51
Bangor,23,51
Bangor,5,51
Swansea,45,51
Cardiff,68,51
Newport,78,51
Bangor,48,51
Cardiff,185,51
Newport,11,51
Newport,18,51
Swansea,13,51
Cardiff,122,51
Bangor,156,51
Bangor,92,51
Bangor,37,51
Newport,9,51
Swansea,90,51
Newport,76,51
Cardiff,80,51
Swansea,174,51
Newport,62,51
Bangor,134,51
Newport,147,51
Swansea,72,51
Bangor,17,51
Swansea,93,51
Swansea,0,51
Swansea,95,51
Newport,5,51
Newport,90,51
Swansea,124,51
Newport,87,51
Newport,154,51
Swansea,6,51
Newport,40,51
Bangor,41,51
Bangor,153,51
Bangor,128,51
Cardiff,122,51
Bangor,149,51
Newport,168,51
Bangor,189,51
Bangor,169,51
Newport,126,51
Newport,7,51
Bangor,141,51
Bangor,103,51
Cardiff,37,51
Cardiff,133,51
Cardiff,181,51
Newport,94,51
Newport,104,51
Bangor,25,51
Swansea,127,51
Newport,169,51
Cardiff,35,51
Cardiff,5,51
Bangor,153,51
Bangor,49,51
Cardiff,157,51
Cardiff,121,51
Newport,22,51
Cardiff,118,51
Bangor,62,51
Bangor,118,51
Bangor,133,51
Swansea,122,51
Swansea,149,51
Newport,23,51
Swansea,14,51
Swansea,86,51
Cardiff,106,51
Bangor,54,51
Cardiff,179,51
Cardiff,24,51
Cardiff,18,51
Swansea,117,51
Bangor,150,51
Bangor,132,51
Cardiff,56,51
Bangor,110,51
Newport,132,51
Cardiff,127,51
Bangor,154,51
Newport,62,51
Newport,123,51
Swansea,65,51
Swansea,136,51
Swansea,124,51
Bangor,84,51
Cardiff,187,51
Swansea,124,51
Bangor,197,51
Bangor,70,51
Cardiff,101,51
Cardiff,112,51
Swansea,12,51
Bangor,104,51
Cardiff,130,51
Bangor,122,51
Cardiff,52,51
Cardiff,70,51
Bangor,72,51
Swansea,55,51
Cardiff,175,51
Swansea,1,51
Newport,122,51
Newport,86,51
Bangor,15,51
