City,Quantity,Product_Code
Swansea,169,90
Swansea,180,90
Swansea,99,90
Newport,36,90
Cardiff,116,90
Swansea,186,90
Bangor,190,90
Cardiff,26,90
Cardiff,129,90
Newport,11,90
Cardiff,108,90
Cardiff,73,90
Newport,30,90
Newport,184,90
Swansea,54,90
Bangor,89,90
Newport,70,90
Swansea,19,90
Cardiff,164,90
Swansea,83,90
Newport,100,90
Cardiff,141,90
Newport,150,90
Bangor,41,90
Cardiff,74,90
Swansea,43,90
Bangor,20,90
Swansea,130,90
Cardiff,36,90
Cardiff,6,90
Bangor,129,90
Bangor,135,90
Swansea,33,90
Newport,10,90
Bangor,165,90
Newport,35,90
Cardiff,5,90
Bangor,28,90
Cardiff,196,90
Bangor,50,90
Bangor,193,90
Bangor,29,90
Cardiff,6,90
Bangor,23,90
Bangor,69,90
Cardiff,34,90
Cardiff,108,90
Swansea,188,90
Swansea,92,90
Cardiff,115,90
Cardiff,11,90
Swansea,194,90
Swansea,3,90
Newport,91,90
Bangor,191,90
Cardiff,12,90
Bangor,149,90
Swansea,116,90
Cardiff,132,90
Newport,94,90
Cardiff,79,90
Cardiff,64,90
Cardiff,65,90
Newport,66,90
Bangor,102,90
Cardiff,68,90
Cardiff,116,90
Swansea,196,90
Cardiff,60,90
Newport,131,90
Newport,133,90
Cardiff,56,90
Newport,135,90
Cardiff,74,90
Newport,41,90
Bangor,66,90
Bangor,152,90
Swansea,49,90
Swansea,43,90
Swansea,46,90
Newport,52,90
Newport,170,90
Bangor,6,90
Swansea,186,90
Cardiff,35,90
Bangor,49,90
Cardiff,43,90
Cardiff,62,90
Newport,5,90
Bangor,21,90
Swansea,158,90
Cardiff,108,90
Bangor,196,90
Swansea,30,90
Bangor,164,90
Newport,154,90
Bangor,180,90
Bangor,142,90
Swansea,192,90
Bangor,86,90
Newport,43,90
Cardiff,129,90
Swansea,144,90
Newport,161,90
Cardiff,103,90
Cardiff,189,90
Swansea,89,90
Bangor,104,90
Swansea,95,90
Bangor,88,90
Cardiff,162,90
Bangor,94,90
Swansea,166,90
Cardiff,91,90
Cardiff,8,90
Swansea,197,90
Newport,22,90
Bangor,173,90
Cardiff,109,90
Newport,90,90
Swansea,20,90
Newport,115,90
Bangor,114,90
Cardiff,43,90
Cardiff,68,90
Swansea,33,90
Swansea,70,90
Cardiff,83,90
Swansea,121,90
Bangor,188,90
Newport,130,90
Bangor,55,90
Newport,163,90
Cardiff,117,90
Newport,144,90
Newport,85,90
Newport,42,90
Newport,49,90
Bangor,163,90
Cardiff,112,90
Newport,36,90
Bangor,53,90
Bangor,186,90
Bangor,105,90
Cardiff,11,90
Bangor,178,90
Swansea,13,90
Newport,120,90
Newport,78,90
Newport,0,90
Swansea,37,90
Swansea,181,90
Swansea,166,90
Bangor,140,90
Swansea,138,90
Cardiff,183,90
Bangor,133,90
Bangor,65,90
Swansea,107,90
Bangor,8,90
Bangor,9,90
Newport,186,90
Cardiff,104,90
Newport,134,90
Swansea,112,90
Swansea,26,90
Bangor,48,90
Bangor,84,90
Bangor,0,90
Bangor,177,90
Swansea,108,90
Bangor,171,90
Swansea,77,90
Cardiff,170,90
Newport,23,90
Swansea,175,90
Swansea,183,90
Cardiff,117,90
Cardiff,106,90
Newport,152,90
Bangor,69,90
Bangor,101,90
Newport,190,90
Cardiff,88,90
Cardiff,18,90
Newport,109,90
Swansea,100,90
Bangor,161,90
Newport,139,90
Cardiff,199,90
Bangor,98,90
Swansea,26,90
Swansea,96,90
Newport,123,90
Swansea,58,90
Bangor,108,90
Cardiff,116,90
Newport,191,90
Newport,187,90
Bangor,90,90
Newport,58,90
Swansea,11,90
Cardiff,172,90
Swansea,166,90
Newport,157,90
Swansea,43,90
Swansea,168,90
Newport,185,90
Newport,116,90
Newport,72,90
Cardiff,57,90
Newport,65,90
Swansea,88,90
Bangor,126,90
Cardiff,79,90
Cardiff,28,90
Newport,161,90
Cardiff,65,90
Newport,87,90
Swansea,169,90
Newport,60,90
Swansea,151,90
Bangor,195,90
Cardiff,32,90
Cardiff,86,90
Newport,148,90
Newport,138,90
Bangor,44,90
Cardiff,15,90
Swansea,40,90
Cardiff,199,90
Bangor,5,90
Cardiff,194,90
Cardiff,127,90
Newport,110,90
Swansea,181,90
Newport,172,90
Swansea,5,90
Swansea,66,90
Bangor,97,90
Newport,101,90
Newport,40,90
Bangor,144,90
Cardiff,150,90
Cardiff,161,90
Swansea,144,90
Swansea,72,90
Swansea,13,90
Swansea,184,90
Swansea,167,90
Swansea,182,90
