City,Quantity,Product_Code
Swansea,184,107
Swansea,22,107
Newport,117,107
Bangor,9,107
Bangor,51,107
Swansea,12,107
Newport,98,107
Cardiff,23,107
Bangor,6,107
Newport,144,107
Bangor,72,107
Swansea,102,107
Cardiff,191,107
Newport,43,107
Bangor,61,107
Newport,199,107
Cardiff,97,107
Newport,107,107
Bangor,84,107
Newport,190,107
Cardiff,50,107
Bangor,172,107
Newport,148,107
Newport,122,107
Cardiff,161,107
Cardiff,92,107
Newport,22,107
Newport,97,107
Swansea,69,107
Swansea,75,107
Bangor,147,107
Swansea,82,107
Bangor,46,107
Bangor,166,107
Bangor,130,107
Cardiff,44,107
Bangor,108,107
Bangor,169,107
Swansea,136,107
Newport,157,107
Newport,96,107
Bangor,127,107
Bangor,34,107
Bangor,13,107
Swansea,159,107
Cardiff,89,107
Bangor,41,107
Newport,163,107
Swansea,50,107
Swansea,46,107
Bangor,106,107
Cardiff,108,107
Cardiff,60,107
Bangor,192,107
Swansea,111,107
Newport,137,107
Cardiff,182,107
Bangor,145,107
Bangor,98,107
Newport,11,107
Newport,87,107
Newport,20,107
Swansea,31,107
Swansea,90,107
Cardiff,145,107
Swansea,182,107
Cardiff,115,107
Newport,119,107
Swansea,66,107
Bangor,109,107
Newport,17,107
Newport,65,107
Bangor,169,107
Bangor,185,107
Swansea,132,107
Swansea,171,107
Bangor,186,107
Bangor,188,107
Bangor,173,107
Swansea,62,107
Swansea,187,107
Newport,159,107
Bangor,193,107
Bangor,90,107
Swansea,77,107
Swansea,127,107
Cardiff,75,107
Cardiff,123,107
Cardiff,172,107
Swansea,129,107
Cardiff,76,107
Swansea,78,107
Bangor,180,107
Swansea,22,107
Newport,150,107
Cardiff,103,107
Bangor,146,107
Bangor,138,107
Bangor,56,107
Newport,85,107
Swansea,146,107
Swansea,120,107
Newport,164,107
Bangor,124,107
Cardiff,180,107
Newport,77,107
Bangor,80,107
Bangor,95,107
Newport,26,107
Newport,32,107
Cardiff,17,107
Bangor,200,107
Bangor,153,107
Swansea,93,107
Newport,20,107
Newport,139,107
Cardiff,146,107
Cardiff,167,107
Newport,60,107
Cardiff,186,107
Cardiff,132,107
Newport,99,107
Swansea,143,107
Swansea,43,107
Newport,115,107
Newport,25,107
Swansea,0,107
Swansea,50,107
Bangor,83,107
Cardiff,125,107
Swansea,119,107
Bangor,92,107
Cardiff,30,107
Cardiff,54,107
Bangor,37,107
Bangor,15,107
Newport,198,107
Swansea,158,107
Newport,152,107
Newport,133,107
Swansea,112,107
Bangor,108,107
Newport,92,107
Cardiff,21,107
Swansea,63,107
Newport,184,107
Swansea,86,107
Cardiff,119,107
Swansea,20,107
Bangor,30,107
Newport,98,107
Newport,170,107
Newport,112,107
Bangor,142,107
Swansea,69,107
Newport,68,107
Swansea,98,107
Newport,17,107
Newport,23,107
Cardiff,91,107
Newport,73,107
Bangor,172,107
Newport,82,107
Newport,61,107
Cardiff,62,107
Bangor,26,107
Newport,118,107
Newport,57,107
Cardiff,81,107
Cardiff,62,107
Bangor,164,107
Newport,133,107
Swansea,80,107
Bangor,197,107
Cardiff,104,107
Newport,26,107
Cardiff,58,107
Bangor,81,107
Swansea,183,107
Bangor,194,107
Swansea,155,107
Newport,92,107
Swansea,13,107
Bangor,115,107
Cardiff,123,107
Swansea,108,107
Swansea,196,107
Swansea,166,107
Newport,77,107
Cardiff,149,107
Bangor,88,107
Newport,134,107
Bangor,49,107
Bangor,132,107
Swansea,31,107
Newport,49,107
Newport,152,107
Bangor,166,107
Swansea,100,107
Newport,111,107
Newport,88,107
Cardiff,127,107
Bangor,56,107
Cardiff,115,107
Swansea,178,107
Bangor,143,107
Bangor,99,107
Cardiff,64,107
Swansea,173,107
Cardiff,13,107
Newport,130,107
Bangor,128,107
Newport,83,107
Swansea,64,107
Cardiff,34,107
Cardiff,142,107
Swansea,116,107
Bangor,79,107
Newport,103,107
Cardiff,60,107
Cardiff,37,107
Bangor,169,107
Cardiff,74,107
Cardiff,72,107
Swansea,6,107
Cardiff,137,107
Newport,88,107
Swansea,84,107
Cardiff,72,107
Bangor,133,107
Bangor,94,107
Bangor,184,107
Swansea,196,107
Bangor,161,107
Swansea,12,107
Bangor,76,107
Cardiff,98,107
Swansea,200,107
Newport,148,107
Cardiff,197,107
Newport,23,107
Newport,104,107
Bangor,144,107
Cardiff,194,107
Cardiff,32,107
Bangor,17,107
Newport,0,107
Newport,16,107
Cardiff,168,107
Cardiff,173,107
Newport,38,107
