City,Quantity,Product_Code
Swansea,176,47
Bangor,197,47
Newport,36,47
Swansea,71,47
Bangor,112,47
Newport,163,47
Cardiff,74,47
Newport,102,47
Bangor,172,47
Bangor,58,47
Newport,89,47
Swansea,157,47
Cardiff,155,47
Cardiff,100,47
Swansea,170,47
Swansea,160,47
Bangor,126,47
Bangor,46,47
Swansea,127,47
Bangor,135,47
Bangor,149,47
Swansea,12,47
Cardiff,169,47
Cardiff,43,47
Newport,187,47
Cardiff,76,47
Bangor,70,47
Bangor,130,47
Swansea,94,47
Bangor,121,47
Newport,186,47
Swansea,88,47
Newport,47,47
Newport,13,47
Newport,188,47
Swansea,49,47
Newport,111,47
Bangor,39,47
Cardiff,140,47
Newport,76,47
Cardiff,173,47
Cardiff,135,47
Bangor,87,47
Swansea,69,47
Cardiff,51,47
Swansea,112,47
Bangor,53,47
Bangor,14,47
Swansea,41,47
Bangor,45,47
Swansea,121,47
Bangor,163,47
Cardiff,166,47
Cardiff,59,47
Cardiff,29,47
Newport,71,47
Bangor,55,47
Newport,72,47
Swansea,85,47
Bangor,78,47
Bangor,1,47
Bangor,7,47
Newport,25,47
Newport,72,47
Swansea,20,47
Newport,172,47
Newport,47,47
Bangor,109,47
Newport,162,47
Bangor,102,47
Bangor,65,47
Swansea,187,47
Newport,45,47
Cardiff,137,47
Bangor,41,47
Cardiff,173,47
Swansea,30,47
Swansea,151,47
Bangor,185,47
Bangor,82,47
Swansea,57,47
Newport,60,47
Newport,161,47
Swansea,126,47
Bangor,182,47
Bangor,179,47
Newport,51,47
Cardiff,117,47
Newport,34,47
Swansea,182,47
Swansea,167,47
Bangor,163,47
Newport,149,47
Newport,174,47
Cardiff,39,47
Cardiff,79,47
Cardiff,7,47
Swansea,97,47
Bangor,178,47
Swansea,1,47
Bangor,178,47
Newport,151,47
Swansea,139,47
Newport,59,47
Cardiff,170,47
Cardiff,85,47
Newport,92,47
Cardiff,64,47
Bangor,166,47
Cardiff,188,47
Bangor,102,47
Newport,42,47
Newport,105,47
Newport,65,47
Bangor,195,47
Bangor,198,47
Bangor,76,47
Swansea,116,47
Bangor,45,47
Bangor,22,47
Newport,140,47
Cardiff,78,47
Cardiff,22,47
Cardiff,89,47
Bangor,125,47
Bangor,196,47
Cardiff,118,47
Cardiff,154,47
Newport,188,47
Bangor,186,47
Bangor,7,47
Swansea,40,47
Swansea,80,47
Cardiff,199,47
Swansea,175,47
Swansea,14,47
Bangor,42,47
Newport,166,47
Newport,118,47
Cardiff,59,47
Newport,160,47
Newport,130,47
Newport,58,47
Newport,196,47
Swansea,138,47
Swansea,159,47
Newport,156,47
Cardiff,161,47
Bangor,195,47
Newport,159,47
Swansea,7,47
Newport,36,47
Cardiff,138,47
Swansea,3,47
Swansea,5,47
Swansea,131,47
Newport,86,47
Cardiff,110,47
Bangor,91,47
Newport,40,47
Swansea,86,47
Swansea,116,47
Cardiff,144,47
Bangor,179,47
Newport,102,47
Swansea,154,47
Swansea,64,47
Cardiff,195,47
Swansea,171,47
Bangor,128,47
Cardiff,129,47
Cardiff,32,47
Cardiff,156,47
Bangor,150,47
Swansea,165,47
Swansea,93,47
Newport,96,47
Cardiff,187,47
Swansea,81,47
Bangor,170,47
Swansea,24,47
Bangor,47,47
Newport,113,47
Newport,131,47
Bangor,0,47
Cardiff,88,47
Cardiff,113,47
Swansea,68,47
Swansea,60,47
Bangor,137,47
Newport,145,47
Bangor,106,47
Swansea,152,47
Newport,29,47
Cardiff,165,47
Bangor,165,47
Bangor,191,47
Swansea,132,47
Bangor,181,47
Cardiff,93,47
Bangor,158,47
Swansea,152,47
Bangor,41,47
Bangor,95,47
Newport,118,47
Bangor,34,47
Cardiff,82,47
Cardiff,145,47
Newport,100,47
Cardiff,20,47
Cardiff,173,47
Swansea,179,47
Swansea,175,47
Bangor,72,47
Cardiff,187,47
Newport,39,47
Newport,164,47
Bangor,21,47
Newport,136,47
Cardiff,0,47
Swansea,152,47
Newport,128,47
Newport,60,47
Swansea,33,47
Bangor,67,47
Newport,5,47
Bangor,104,47
Swansea,69,47
Bangor,66,47
Swansea,169,47
Bangor,163,47
Bangor,83,47
Cardiff,87,47
Swansea,33,47
Bangor,185,47
Bangor,4,47
Swansea,53,47
Cardiff,140,47
Swansea,117,47
Newport,197,47
Newport,192,47
Newport,106,47
Bangor,47,47
Bangor,21,47
Cardiff,38,47
Newport,194,47
Swansea,48,47
Cardiff,145,47
Cardiff,104,47
Swansea,167,47
Cardiff,24,47
