City,Quantity,Product_Code
Newport,147,82
Cardiff,91,82
Swansea,23,82
Cardiff,123,82
Cardiff,82,82
Swansea,105,82
Newport,192,82
Cardiff,120,82
Cardiff,110,82
Swansea,94,82
Bangor,101,82
Newport,183,82
Swansea,122,82
Newport,8,82
Cardiff,48,82
Bangor,83,82
Newport,103,82
Bangor,107,82
Cardiff,196,82
Cardiff,146,82
Newport,65,82
Newport,42,82
Bangor,103,82
Swansea,98,82
Bangor,27,82
Swansea,55,82
Cardiff,15,82
Cardiff,121,82
Swansea,18,82
Swansea,33,82
Bangor,79,82
Cardiff,156,82
Newport,76,82
Bangor,60,82
Cardiff,8,82
Bangor,53,82
Cardiff,106,82
Newport,100,82
Cardiff,158,82
Cardiff,162,82
Cardiff,31,82
Bangor,109,82
Swansea,23,82
Swansea,81,82
Cardiff,65,82
Newport,194,82
Newport,112,82
Newport,47,82
Swansea,193,82
Newport,190,82
Bangor,145,82
Cardiff,115,82
Swansea,177,82
Cardiff,24,82
Newport,143,82
Newport,59,82
Cardiff,153,82
Swansea,118,82
Swansea,24,82
Cardiff,19,82
Swansea,177,82
Swansea,118,82
Bangor,60,82
Swansea,64,82
Newport,170,82
Cardiff,180,82
Swansea,66,82
Bangor,35,82
Cardiff,40,82
Cardiff,53,82
Cardiff,175,82
Newport,34,82
Bangor,16,82
Bangor,128,82
Newport,162,82
Cardiff,100,82
Cardiff,140,82
Newport,90,82
Bangor,20,82
Newport,49,82
Bangor,19,82
Cardiff,63,82
Bangor,5,82
Newport,40,82
Swansea,198,82
Newport,172,82
Swansea,194,82
Swansea,14,82
Newport,117,82
Cardiff,196,82
Newport,12,82
Newport,15,82
Newport,48,82
Swansea,122,82
Cardiff,76,82
Swansea,79,82
Cardiff,10,82
Newport,112,82
Bangor,75,82
Swansea,86,82
Bangor,119,82
Swansea,168,82
Newport,28,82
Swansea,129,82
Newport,104,82
Newport,109,82
Swansea,138,82
Swansea,173,82
Swansea,28,82
Bangor,183,82
Bangor,188,82
Cardiff,53,82
Cardiff,40,82
Bangor,100,82
Newport,2,82
Cardiff,56,82
Swansea,114,82
Swansea,13,82
Bangor,200,82
Newport,131,82
Newport,26,82
Cardiff,76,82
Cardiff,141,82
Bangor,172,82
Newport,67,82
Newport,180,82
Cardiff,188,82
Swansea,82,82
Swansea,189,82
Swansea,26,82
Newport,102,82
Swansea,1,82
Bangor,167,82
Newport,68,82
Newport,53,82
Bangor,153,82
Newport,10,82
Newport,37,82
Bangor,24,82
Cardiff,71,82
Swansea,169,82
Swansea,152,82
Swansea,113,82
Cardiff,112,82
Newport,23,82
Swansea,1,82
Bangor,157,82
Newport,31,82
Swansea,113,82
Bangor,176,82
Newport,72,82
Newport,151,82
Swansea,5,82
Newport,67,82
Swansea,90,82
Bangor,133,82
Newport,35,82
Bangor,127,82
Bangor,112,82
Newport,144,82
Bangor,3,82
Cardiff,3,82
Cardiff,47,82
Bangor,24,82
Bangor,194,82
Swansea,95,82
Swansea,173,82
Swansea,129,82
Newport,120,82
Cardiff,16,82
Swansea,147,82
Newport,115,82
Cardiff,66,82
Bangor,178,82
Bangor,127,82
Bangor,152,82
Cardiff,24,82
Swansea,88,82
Cardiff,41,82
Bangor,118,82
Newport,44,82
Swansea,117,82
Bangor,136,82
Swansea,184,82
Newport,184,82
Cardiff,4,82
Bangor,186,82
Cardiff,42,82
Cardiff,89,82
Swansea,173,82
Cardiff,189,82
Newport,77,82
Cardiff,47,82
Swansea,28,82
Swansea,172,82
Newport,103,82
Newport,52,82
Newport,102,82
Cardiff,124,82
Cardiff,172,82
Bangor,19,82
Cardiff,110,82
Cardiff,8,82
Newport,196,82
Bangor,39,82
Swansea,30,82
Cardiff,0,82
Swansea,105,82
Cardiff,113,82
Swansea,56,82
Swansea,88,82
Newport,103,82
Newport,19,82
Cardiff,64,82
Swansea,123,82
Newport,28,82
Bangor,71,82
Bangor,127,82
Bangor,43,82
Swansea,170,82
Cardiff,110,82
Bangor,193,82
Cardiff,178,82
Bangor,43,82
Newport,124,82
Cardiff,18,82
Cardiff,93,82
Cardiff,172,82
Swansea,179,82
Bangor,96,82
Bangor,173,82
Cardiff,101,82
Swansea,32,82
Cardiff,29,82
Newport,72,82
Swansea,181,82
Swansea,8,82
Cardiff,15,82
Cardiff,3,82
Newport,100,82
Newport,189,82
Bangor,143,82
Newport,105,82
Cardiff,161,82
Swansea,138,82
Newport,104,82
Newport,107,82
Swansea,43,82
Newport,50,82
Newport,72,82
Bangor,197,82
