City,Quantity,Product_Code
Newport,83,136
Newport,158,136
Newport,96,136
Bangor,199,136
Swansea,107,136
Newport,52,136
Bangor,33,136
Bangor,31,136
Newport,198,136
Bangor,11,136
Swansea,163,136
Swansea,195,136
Bangor,36,136
Newport,127,136
Cardiff,167,136
Newport,57,136
Newport,0,136
Bangor,114,136
Swansea,69,136
Newport,100,136
Newport,174,136
Bangor,167,136
Newport,103,136
Swansea,63,136
Bangor,25,136
Newport,68,136
Swansea,86,136
Cardiff,49,136
Newport,17,136
Cardiff,13,136
Cardiff,106,136
Swansea,26,136
Newport,172,136
Newport,151,136
Newport,147,136
Newport,152,136
Cardiff,132,136
Bangor,146,136
Swansea,178,136
Bangor,0,136
Swansea,34,136
Bangor,12,136
Bangor,200,136
Cardiff,97,136
Swansea,38,136
Swansea,25,136
Newport,156,136
Newport,51,136
Swansea,58,136
Newport,20,136
Bangor,148,136
Swansea,162,136
Cardiff,172,136
Bangor,172,136
Bangor,134,136
Bangor,17,136
Bangor,124,136
Cardiff,159,136
Swansea,2,136
Bangor,4,136
Swansea,16,136
Swansea,87,136
Newport,147,136
Bangor,127,136
Bangor,149,136
Newport,162,136
Cardiff,97,136
Cardiff,164,136
Newport,169,136
Cardiff,132,136
Swansea,21,136
Bangor,13,136
Cardiff,139,136
Swansea,79,136
Bangor,89,136
Bangor,121,136
Bangor,25,136
Newport,56,136
Bangor,87,136
Newport,18,136
Bangor,198,136
Cardiff,36,136
Swansea,3,136
Newport,129,136
Bangor,74,136
Newport,106,136
Swansea,200,136
Bangor,24,136
Newport,82,136
Newport,163,136
Bangor,39,136
Newport,165,136
Newport,21,136
Newport,22,136
Newport,99,136
Newport,21,136
Swansea,193,136
Cardiff,172,136
Cardiff,71,136
Newport,50,136
Bangor,50,136
Bangor,100,136
Swansea,4,136
Cardiff,114,136
Swansea,51,136
Newport,50,136
Swansea,168,136
Newport,68,136
Newport,134,136
Cardiff,192,136
Swansea,178,136
Newport,60,136
Swansea,60,136
Cardiff,78,136
Newport,1,136
Cardiff,60,136
Newport,50,136
Bangor,46,136
Swansea,73,136
Newport,150,136
Cardiff,11,136
Bangor,22,136
Cardiff,136,136
Newport,72,136
Newport,0,136
Cardiff,34,136
Swansea,189,136
Swansea,8,136
Newport,51,136
Cardiff,55,136
Cardiff,50,136
Newport,65,136
Newport,166,136
Newport,199,136
Swansea,37,136
Bangor,196,136
Cardiff,77,136
Newport,191,136
Cardiff,163,136
Bangor,135,136
Bangor,149,136
Newport,159,136
Cardiff,108,136
Swansea,27,136
Bangor,120,136
Swansea,137,136
Cardiff,165,136
Cardiff,34,136
Bangor,155,136
Bangor,139,136
Newport,41,136
Swansea,51,136
Bangor,151,136
Cardiff,132,136
Bangor,144,136
Cardiff,50,136
Bangor,9,136
Cardiff,0,136
Newport,9,136
Bangor,55,136
Swansea,91,136
Swansea,52,136
Swansea,87,136
Bangor,187,136
Cardiff,87,136
Newport,30,136
Swansea,42,136
Swansea,134,136
Bangor,78,136
Swansea,145,136
Cardiff,48,136
Cardiff,41,136
Swansea,44,136
Newport,96,136
Swansea,57,136
Newport,34,136
Swansea,180,136
Cardiff,129,136
Bangor,175,136
Newport,53,136
Newport,15,136
Bangor,172,136
Swansea,101,136
Swansea,19,136
Cardiff,121,136
Cardiff,14,136
Newport,194,136
Cardiff,92,136
Bangor,148,136
Cardiff,182,136
Cardiff,181,136
Swansea,0,136
Newport,63,136
Newport,159,136
Newport,158,136
Bangor,187,136
Cardiff,165,136
Bangor,78,136
Bangor,24,136
Swansea,87,136
Cardiff,96,136
Newport,71,136
Swansea,78,136
Cardiff,38,136
Swansea,10,136
Newport,31,136
Bangor,100,136
Newport,119,136
Newport,77,136
Cardiff,61,136
Swansea,84,136
Newport,44,136
Bangor,178,136
Bangor,6,136
Swansea,143,136
Cardiff,20,136
Cardiff,119,136
Swansea,57,136
Cardiff,183,136
Swansea,1,136
Newport,196,136
Bangor,90,136
Newport,191,136
Newport,5,136
Bangor,4,136
Swansea,78,136
Bangor,157,136
Newport,20,136
Swansea,169,136
Bangor,56,136
Newport,71,136
Newport,179,136
Newport,63,136
Swansea,191,136
Newport,185,136
Swansea,155,136
Newport,165,136
Cardiff,71,136
Newport,82,136
Newport,37,136
Newport,173,136
Swansea,25,136
Newport,17,136
Bangor,199,136
Swansea,74,136
Bangor,6,136
Newport,21,136
Swansea,88,136
Cardiff,50,136
Cardiff,177,136
Bangor,9,136
