City,Quantity,Product_Code
Swansea,140,188
Swansea,114,188
Swansea,11,188
Newport,1,188
Newport,93,188
Swansea,74,188
Swansea,97,188
Newport,12,188
Newport,128,188
Newport,51,188
Cardiff,149,188
Newport,47,188
Swansea,71,188
Bangor,156,188
Cardiff,167,188
Swansea,116,188
Swansea,25,188
Cardiff,9,188
Newport,97,188
Bangor,89,188
Newport,104,188
Cardiff,69,188
Swansea,51,188
Newport,171,188
Swansea,26,188
Cardiff,148,188
Swansea,143,188
Swansea,155,188
Cardiff,36,188
Cardiff,175,188
Cardiff,38,188
Newport,1,188
Newport,162,188
Swansea,48,188
Newport,101,188
Newport,70,188
Cardiff,126,188
Swansea,127,188
Bangor,52,188
Cardiff,152,188
Newport,10,188
Bangor,170,188
Swansea,162,188
Newport,182,188
Swansea,87,188
Cardiff,191,188
Bangor,188,188
Cardiff,106,188
Swansea,190,188
Newport,99,188
Cardiff,26,188
Newport,189,188
Swansea,47,188
Swansea,101,188
Cardiff,182,188
Bangor,63,188
Cardiff,39,188
Newport,14,188
Bangor,81,188
Swansea,9,188
Cardiff,29,188
Cardiff,4,188
Bangor,69,188
Newport,104,188
Cardiff,169,188
Bangor,113,188
Bangor,90,188
Cardiff,126,188
Swansea,13,188
Bangor,10,188
Newport,23,188
Cardiff,39,188
Newport,127,188
Swansea,103,188
Swansea,176,188
Bangor,35,188
Cardiff,155,188
Bangor,67,188
Cardiff,95,188
Bangor,193,188
Cardiff,97,188
Newport,43,188
Newport,71,188
Newport,197,188
Cardiff,183,188
Bangor,92,188
Newport,159,188
Bangor,97,188
Bangor,96,188
Bangor,100,188
Bangor,110,188
Bangor,66,188
Cardiff,31,188
Swansea,102,188
Newport,115,188
Cardiff,40,188
Cardiff,167,188
Bangor,170,188
Newport,158,188
Newport,48,188
Cardiff,38,188
Swansea,66,188
Cardiff,70,188
Newport,165,188
Bangor,174,188
Cardiff,3,188
Swansea,99,188
Swansea,112,188
Cardiff,109,188
Cardiff,179,188
Cardiff,41,188
Bangor,120,188
Newport,90,188
Newport,116,188
Swansea,165,188
Swansea,38,188
Swansea,144,188
Cardiff,185,188
Bangor,41,188
Newport,57,188
Newport,17,188
Newport,144,188
Newport,78,188
Cardiff,179,188
Swansea,43,188
Cardiff,71,188
Bangor,0,188
Swansea,45,188
Cardiff,9,188
Cardiff,168,188
Bangor,125,188
Newport,94,188
Bangor,57,188
Bangor,105,188
Swansea,39,188
Newport,166,188
Cardiff,180,188
Swansea,135,188
Newport,124,188
Cardiff,82,188
Cardiff,17,188
Bangor,141,188
Newport,153,188
Swansea,148,188
Swansea,200,188
Swansea,44,188
Cardiff,85,188
Bangor,101,188
Swansea,96,188
Newport,46,188
Cardiff,127,188
Newport,49,188
Cardiff,18,188
Cardiff,3,188
Bangor,116,188
Cardiff,137,188
Cardiff,32,188
Bangor,142,188
Cardiff,42,188
Bangor,85,188
Bangor,30,188
Cardiff,25,188
Swansea,105,188
Newport,115,188
Swansea,169,188
Swansea,3,188
Bangor,47,188
Swansea,16,188
Newport,41,188
Bangor,183,188
Cardiff,110,188
Newport,141,188
Bangor,187,188
Newport,126,188
Swansea,13,188
Cardiff,146,188
Swansea,28,188
Bangor,24,188
Newport,190,188
Swansea,158,188
Cardiff,113,188
Cardiff,154,188
Bangor,160,188
Newport,185,188
Swansea,20,188
Swansea,162,188
Cardiff,132,188
Bangor,13,188
Cardiff,40,188
Cardiff,6,188
Cardiff,134,188
Bangor,53,188
Newport,3,188
Cardiff,157,188
Cardiff,78,188
Cardiff,38,188
Swansea,15,188
Newport,125,188
Cardiff,120,188
Cardiff,102,188
Bangor,134,188
Cardiff,93,188
Bangor,18,188
Swansea,87,188
Swansea,66,188
Cardiff,71,188
Bangor,101,188
Newport,61,188
Swansea,101,188
Newport,192,188
Swansea,51,188
Swansea,72,188
Newport,31,188
Cardiff,77,188
Cardiff,143,188
Bangor,16,188
Bangor,79,188
Bangor,177,188
Cardiff,86,188
Cardiff,180,188
Newport,197,188
Swansea,84,188
Bangor,87,188
Swansea,49,188
Cardiff,73,188
Cardiff,101,188
Swansea,51,188
Newport,59,188
Cardiff,165,188
Newport,97,188
Newport,102,188
Cardiff,83,188
Newport,37,188
Newport,105,188
Bangor,151,188
Cardiff,77,188
Bangor,154,188
Bangor,4,188
Swansea,26,188
Newport,36,188
Newport,123,188
Bangor,85,188
Swansea,57,188
Newport,90,188
Bangor,47,188
Cardiff,20,188
Cardiff,57,188
Bangor,136,188
Cardiff,124,188
Cardiff,94,188
Cardiff,153,188
