City,Quantity,Product_Code
Swansea,99,24
Bangor,173,24
Newport,48,24
Cardiff,197,24
Bangor,115,24
Bangor,190,24
Newport,20,24
Cardiff,69,24
Newport,73,24
Newport,44,24
Bangor,128,24
Swansea,40,24
Newport,25,24
Newport,141,24
Newport,134,24
Cardiff,63,24
Bangor,150,24
Newport,190,24
Bangor,93,24
Bangor,112,24
Cardiff,82,24
Bangor,178,24
Cardiff,54,24
Swansea,163,24
Swansea,1,24
Swansea,63,24
Newport,137,24
Newport,190,24
Swansea,139,24
Bangor,152,24
Swansea,152,24
Cardiff,17,24
Newport,164,24
Swansea,186,24
Newport,196,24
Bangor,18,24
Swansea,10,24
Swansea,50,24
Swansea,49,24
Swansea,177,24
Bangor,129,24
Bangor,44,24
Newport,98,24
Bangor,99,24
Swansea,12,24
Cardiff,49,24
Bangor,35,24
Swansea,112,24
Cardiff,103,24
Bangor,11,24
Bangor,113,24
Bangor,38,24
Swansea,166,24
Bangor,109,24
Cardiff,98,24
Newport,34,24
Cardiff,142,24
Bangor,5,24
Newport,38,24
Swansea,91,24
Newport,4,24
Bangor,171,24
Bangor,148,24
Bangor,53,24
Swansea,193,24
Swansea,129,24
Newport,124,24
Bangor,52,24
Bangor,181,24
Cardiff,3,24
Cardiff,36,24
Bangor,45,24
Swansea,3,24
Swansea,197,24
Cardiff,143,24
Cardiff,131,24
Newport,65,24
Newport,35,24
Bangor,83,24
Newport,95,24
Cardiff,77,24
Bangor,48,24
Cardiff,45,24
Bangor,90,24
Newport,87,24
Bangor,117,24
Newport,121,24
Newport,154,24
Bangor,31,24
Swansea,56,24
Newport,11,24
Bangor,8,24
Newport,128,24
Cardiff,1,24
Cardiff,195,24
Cardiff,182,24
Newport,105,24
Newport,170,24
Newport,8,24
Newport,132,24
Swansea,124,24
Newport,105,24
Swansea,71,24
Newport,68,24
Cardiff,46,24
Swansea,7,24
Newport,140,24
Newport,64,24
Newport,157,24
Cardiff,92,24
Newport,79,24
Newport,11,24
Newport,173,24
Bangor,63,24
Bangor,18,24
Swansea,153,24
Swansea,187,24
Bangor,1,24
Swansea,123,24
Swansea,114,24
Newport,13,24
Swansea,181,24
Bangor,71,24
Swansea,4,24
Swansea,158,24
Newport,30,24
Newport,34,24
Swansea,197,24
Swansea,7,24
Cardiff,134,24
Newport,85,24
Bangor,25,24
Swansea,61,24
Swansea,113,24
Cardiff,123,24
Cardiff,62,24
Cardiff,9,24
Swansea,166,24
Bangor,115,24
Swansea,10,24
Cardiff,13,24
Bangor,48,24
Swansea,195,24
Bangor,150,24
Swansea,156,24
Bangor,14,24
Newport,0,24
Bangor,187,24
Bangor,160,24
Newport,157,24
Swansea,109,24
Bangor,20,24
Swansea,146,24
Newport,180,24
Newport,199,24
Swansea,70,24
Swansea,200,24
Swansea,54,24
Bangor,12,24
Bangor,169,24
Newport,155,24
Swansea,92,24
Cardiff,63,24
Bangor,106,24
Newport,90,24
Swansea,111,24
Bangor,149,24
Cardiff,22,24
Swansea,21,24
Newport,104,24
Newport,185,24
Bangor,49,24
Newport,114,24
Bangor,172,24
Newport,6,24
Swansea,151,24
Bangor,7,24
Bangor,105,24
Newport,179,24
Bangor,176,24
Swansea,60,24
Newport,148,24
Cardiff,60,24
Cardiff,78,24
Newport,102,24
Bangor,46,24
Newport,155,24
Newport,64,24
Cardiff,164,24
Swansea,178,24
Swansea,164,24
Bangor,72,24
Newport,117,24
Bangor,176,24
Newport,2,24
Swansea,37,24
Swansea,187,24
Swansea,50,24
Newport,0,24
Newport,16,24
Bangor,43,24
Newport,178,24
Cardiff,173,24
Bangor,76,24
Bangor,40,24
Newport,185,24
Swansea,170,24
Newport,193,24
Swansea,183,24
Newport,90,24
Newport,128,24
Swansea,32,24
Swansea,21,24
Cardiff,187,24
Swansea,2,24
Newport,87,24
Swansea,35,24
Cardiff,38,24
Newport,186,24
Newport,141,24
Cardiff,33,24
Swansea,59,24
Bangor,67,24
Newport,150,24
Swansea,169,24
Swansea,170,24
Bangor,116,24
Cardiff,58,24
Swansea,132,24
Newport,41,24
Cardiff,94,24
Cardiff,74,24
Bangor,96,24
Cardiff,65,24
Cardiff,152,24
Swansea,20,24
Bangor,63,24
Bangor,143,24
Newport,89,24
Swansea,15,24
Newport,84,24
Newport,176,24
Newport,51,24
Newport,72,24
Newport,113,24
Bangor,93,24
Cardiff,144,24
Bangor,59,24
Cardiff,2,24
Swansea,188,24
Swansea,110,24
