City,Quantity,Product_Code
Newport,121,110
Bangor,170,110
Swansea,19,110
Cardiff,93,110
Bangor,95,110
Swansea,176,110
Bangor,145,110
Newport,101,110
Swansea,127,110
Newport,59,110
Bangor,198,110
Bangor,116,110
Swansea,46,110
Bangor,14,110
Bangor,97,110
Cardiff,157,110
Swansea,4,110
Cardiff,160,110
Bangor,169,110
Cardiff,164,110
Bangor,26,110
Newport,54,110
Newport,100,110
Swansea,90,110
Swansea,133,110
Swansea,102,110
Cardiff,167,110
Bangor,32,110
Swansea,199,110
Bangor,118,110
Swansea,17,110
Cardiff,69,110
Bangor,90,110
Bangor,197,110
Cardiff,166,110
Cardiff,75,110
Cardiff,76,110
Newport,93,110
Bangor,77,110
Swansea,145,110
Bangor,127,110
Newport,122,110
Cardiff,39,110
Cardiff,98,110
Bangor,54,110
Cardiff,5,110
Bangor,93,110
Newport,179,110
Swansea,199,110
Newport,107,110
Bangor,108,110
Newport,70,110
Newport,91,110
Swansea,143,110
Bangor,16,110
Swansea,191,110
Newport,60,110
Swansea,160,110
Newport,123,110
Cardiff,134,110
Swansea,89,110
Swansea,125,110
Newport,29,110
Swansea,164,110
Newport,2,110
Bangor,94,110
Bangor,51,110
Swansea,192,110
Swansea,90,110
Newport,50,110
Swansea,78,110
Newport,18,110
Swansea,106,110
Swansea,63,110
Newport,164,110
Cardiff,138,110
Newport,0,110
Newport,161,110
Bangor,25,110
Newport,147,110
Newport,179,110
Cardiff,20,110
Bangor,145,110
Bangor,164,110
Bangor,40,110
Cardiff,140,110
Bangor,90,110
Bangor,31,110
Swansea,39,110
Bangor,94,110
Swansea,87,110
Cardiff,10,110
Bangor,188,110
Swansea,147,110
Newport,184,110
Newport,46,110
Newport,35,110
Newport,173,110
Newport,5,110
Swansea,103,110
Cardiff,132,110
Newport,49,110
Bangor,33,110
Cardiff,173,110
Bangor,145,110
Bangor,119,110
Swansea,26,110
Swansea,100,110
Swansea,134,110
Swansea,15,110
Bangor,189,110
Cardiff,190,110
Bangor,193,110
Newport,96,110
Swansea,68,110
Newport,167,110
Swansea,53,110
Cardiff,100,110
Swansea,76,110
Swansea,31,110
Swansea,25,110
Newport,13,110
Bangor,40,110
Newport,155,110
Cardiff,145,110
Swansea,100,110
Bangor,181,110
Bangor,59,110
Swansea,19,110
Bangor,129,110
Newport,63,110
Swansea,21,110
Swansea,27,110
Newport,79,110
Swansea,8,110
Newport,35,110
Newport,7,110
Swansea,135,110
Cardiff,65,110
Cardiff,147,110
Swansea,132,110
Swansea,43,110
Newport,176,110
Newport,12,110
Swansea,47,110
Bangor,4,110
Swansea,53,110
Swansea,146,110
Bangor,65,110
Cardiff,154,110
Bangor,140,110
Cardiff,36,110
Newport,39,110
Swansea,196,110
Newport,126,110
Cardiff,172,110
Swansea,175,110
Newport,12,110
Cardiff,182,110
Bangor,78,110
Bangor,171,110
Cardiff,16,110
Cardiff,160,110
Bangor,33,110
Newport,95,110
Bangor,146,110
Bangor,86,110
Bangor,180,110
Cardiff,35,110
Bangor,12,110
Cardiff,10,110
Cardiff,57,110
Bangor,113,110
Cardiff,58,110
Swansea,187,110
Newport,168,110
Bangor,164,110
Newport,25,110
Newport,79,110
Cardiff,46,110
Swansea,9,110
Cardiff,181,110
Cardiff,99,110
Cardiff,26,110
Swansea,109,110
Cardiff,54,110
Swansea,167,110
Swansea,107,110
Swansea,18,110
Swansea,41,110
Bangor,9,110
Bangor,90,110
Newport,41,110
Swansea,37,110
Cardiff,79,110
Cardiff,44,110
Bangor,65,110
Swansea,74,110
Swansea,168,110
Swansea,195,110
Swansea,38,110
Cardiff,162,110
Bangor,158,110
Newport,1,110
Bangor,156,110
Bangor,55,110
Swansea,89,110
Bangor,47,110
Swansea,10,110
Bangor,96,110
Swansea,179,110
Swansea,101,110
Bangor,96,110
Cardiff,51,110
Swansea,66,110
Newport,154,110
Cardiff,117,110
Cardiff,91,110
Bangor,36,110
Bangor,55,110
Newport,24,110
Cardiff,141,110
Bangor,55,110
Swansea,141,110
Cardiff,110,110
Cardiff,116,110
Swansea,115,110
Newport,155,110
Cardiff,2,110
Swansea,6,110
Bangor,174,110
Swansea,120,110
Cardiff,3,110
Swansea,139,110
Cardiff,72,110
Bangor,165,110
Cardiff,12,110
Bangor,94,110
Cardiff,23,110
Newport,195,110
Swansea,79,110
Swansea,198,110
Swansea,136,110
Swansea,181,110
Bangor,150,110
Bangor,110,110
Bangor,113,110
Cardiff,135,110
Cardiff,106,110
Swansea,86,110
Cardiff,129,110
