City,Quantity,Product_Code
Cardiff,141,196
Cardiff,3,196
Cardiff,48,196
Swansea,57,196
Swansea,102,196
Bangor,121,196
Newport,17,196
Bangor,64,196
Bangor,53,196
Bangor,50,196
Newport,16,196
Swansea,158,196
Newport,145,196
Swansea,140,196
Swansea,63,196
Bangor,16,196
Swansea,198,196
Bangor,200,196
Bangor,74,196
Swansea,165,196
Swansea,45,196
Swansea,183,196
Newport,128,196
Bangor,15,196
Newport,54,196
Bangor,185,196
Bangor,49,196
Newport,88,196
Bangor,29,196
Swansea,108,196
Swansea,77,196
Newport,142,196
Newport,116,196
Bangor,87,196
Bangor,138,196
Swansea,125,196
Cardiff,32,196
Cardiff,178,196
Newport,83,196
Bangor,195,196
Bangor,44,196
Bangor,161,196
Bangor,137,196
Bangor,158,196
Bangor,65,196
Bangor,187,196
Swansea,65,196
Newport,199,196
Bangor,79,196
Swansea,77,196
Cardiff,17,196
Newport,116,196
Cardiff,45,196
Cardiff,31,196
Newport,82,196
Newport,135,196
Bangor,99,196
Cardiff,175,196
Newport,139,196
Bangor,137,196
Cardiff,168,196
Bangor,95,196
Swansea,192,196
Swansea,102,196
Newport,193,196
Swansea,102,196
Swansea,53,196
Cardiff,1,196
Swansea,65,196
Newport,102,196
Newport,70,196
Bangor,165,196
Bangor,198,196
Cardiff,61,196
Swansea,124,196
Newport,189,196
Swansea,3,196
Cardiff,66,196
Swansea,82,196
Swansea,117,196
Swansea,82,196
Newport,138,196
Swansea,60,196
Newport,42,196
Bangor,80,196
Bangor,178,196
Swansea,101,196
Newport,104,196
Swansea,52,196
Cardiff,194,196
Bangor,62,196
Newport,52,196
Bangor,193,196
Newport,48,196
Cardiff,138,196
Swansea,109,196
Cardiff,32,196
Bangor,55,196
Bangor,10,196
Bangor,117,196
Cardiff,169,196
Cardiff,54,196
Cardiff,131,196
Swansea,77,196
Newport,114,196
Newport,35,196
Newport,161,196
Swansea,53,196
Cardiff,14,196
Cardiff,169,196
Swansea,69,196
Swansea,38,196
Swansea,104,196
Swansea,174,196
Bangor,51,196
Bangor,81,196
Swansea,111,196
Cardiff,199,196
Cardiff,25,196
Cardiff,59,196
Newport,191,196
Bangor,15,196
Swansea,114,196
Bangor,138,196
Swansea,51,196
Newport,129,196
Swansea,88,196
Bangor,70,196
Swansea,2,196
Newport,168,196
Newport,151,196
Newport,119,196
Cardiff,64,196
Newport,54,196
Cardiff,95,196
Bangor,85,196
Bangor,19,196
Newport,134,196
Swansea,121,196
Bangor,106,196
Newport,75,196
Newport,124,196
Swansea,191,196
Newport,133,196
Swansea,155,196
Swansea,105,196
Bangor,180,196
Bangor,146,196
Newport,55,196
Bangor,89,196
Swansea,12,196
Bangor,35,196
Newport,154,196
Cardiff,59,196
Bangor,103,196
Newport,111,196
Bangor,43,196
Newport,13,196
Cardiff,138,196
Newport,5,196
Swansea,95,196
Newport,38,196
Cardiff,175,196
Newport,103,196
Bangor,94,196
Swansea,181,196
Bangor,60,196
Swansea,92,196
Swansea,185,196
Newport,48,196
Bangor,120,196
Newport,101,196
Bangor,140,196
Cardiff,80,196
Swansea,141,196
Cardiff,73,196
Newport,1,196
Cardiff,200,196
Newport,160,196
Cardiff,84,196
Newport,159,196
Newport,86,196
Swansea,20,196
Newport,124,196
Bangor,24,196
Newport,165,196
Newport,135,196
Bangor,147,196
Newport,112,196
Cardiff,196,196
Newport,39,196
Bangor,103,196
Cardiff,104,196
Bangor,45,196
Newport,126,196
Newport,91,196
Newport,147,196
Swansea,10,196
Bangor,96,196
Newport,73,196
Cardiff,107,196
Newport,172,196
Bangor,185,196
Swansea,48,196
Cardiff,115,196
Cardiff,187,196
Swansea,71,196
Newport,135,196
Swansea,29,196
Swansea,155,196
Bangor,95,196
Cardiff,57,196
Bangor,40,196
Cardiff,152,196
Bangor,196,196
Bangor,91,196
Swansea,200,196
Swansea,79,196
Bangor,73,196
Swansea,183,196
Bangor,187,196
Cardiff,97,196
Newport,57,196
Newport,67,196
Newport,127,196
Bangor,175,196
Cardiff,102,196
Cardiff,105,196
Bangor,138,196
Cardiff,150,196
Swansea,43,196
Cardiff,170,196
Cardiff,63,196
Newport,170,196
Newport,162,196
Swansea,96,196
Cardiff,147,196
Swansea,104,196
Cardiff,79,196
Bangor,161,196
Swansea,142,196
Swansea,105,196
Swansea,41,196
Cardiff,30,196
Swansea,142,196
Bangor,153,196
Cardiff,136,196
Newport,104,196
Newport,151,196
Bangor,107,196
Swansea,17,196
