City,Quantity,Product_Code
Swansea,29,97
Newport,1,97
Newport,170,97
Bangor,80,97
Swansea,34,97
Newport,178,97
Swansea,22,97
Cardiff,7,97
Newport,119,97
Swansea,86,97
Newport,80,97
Bangor,48,97
Swansea,62,97
Newport,195,97
Newport,80,97
Newport,193,97
Cardiff,147,97
Bangor,108,97
Newport,128,97
Bangor,63,97
Cardiff,102,97
Newport,83,97
Bangor,18,97
Newport,195,97
Cardiff,121,97
Swansea,86,97
Cardiff,114,97
Newport,119,97
Newport,126,97
Bangor,165,97
Newport,78,97
Newport,117,97
Swansea,43,97
Swansea,22,97
Swansea,187,97
Bangor,104,97
Swansea,98,97
Swansea,192,97
Cardiff,194,97
Bangor,85,97
Newport,134,97
Swansea,120,97
Swansea,65,97
Bangor,71,97
Newport,154,97
Swansea,147,97
Cardiff,35,97
Bangor,4,97
Swansea,10,97
Bangor,195,97
Swansea,186,97
Swansea,200,97
Cardiff,50,97
Cardiff,119,97
Newport,32,97
Cardiff,162,97
Bangor,107,97
Newport,146,97
Cardiff,136,97
Newport,171,97
Swansea,183,97
Newport,9,97
Bangor,179,97
Bangor,177,97
Swansea,102,97
Bangor,166,97
Bangor,41,97
Cardiff,84,97
Newport,7,97
Swansea,151,97
Swansea,15,97
Cardiff,71,97
Swansea,165,97
Swansea,79,97
Cardiff,48,97
Newport,90,97
Bangor,10,97
Bangor,71,97
Swansea,27,97
Bangor,125,97
Bangor,9,97
Swansea,34,97
Cardiff,98,97
Cardiff,138,97
Newport,82,97
Newport,2,97
Swansea,159,97
Bangor,63,97
Cardiff,133,97
Swansea,136,97
Swansea,75,97
Cardiff,196,97
Bangor,61,97
Cardiff,61,97
Bangor,29,97
Bangor,126,97
Cardiff,102,97
Bangor,184,97
Newport,97,97
Swansea,71,97
Newport,57,97
Swansea,57,97
Bangor,38,97
Newport,110,97
Swansea,190,97
Swansea,86,97
Newport,152,97
Newport,182,97
Newport,50,97
Bangor,157,97
Cardiff,141,97
Cardiff,50,97
Newport,152,97
Newport,48,97
Cardiff,109,97
Swansea,121,97
Swansea,167,97
Cardiff,68,97
Cardiff,125,97
Swansea,148,97
Newport,162,97
Newport,68,97
Bangor,61,97
Swansea,146,97
Newport,62,97
Newport,32,97
Swansea,109,97
Swansea,41,97
Bangor,175,97
Bangor,54,97
Swansea,92,97
Newport,42,97
Newport,38,97
Cardiff,184,97
Swansea,15,97
Cardiff,151,97
Bangor,152,97
Newport,26,97
Newport,102,97
Bangor,67,97
Swansea,29,97
Cardiff,171,97
Newport,59,97
Swansea,29,97
Cardiff,83,97
Cardiff,55,97
Newport,8,97
Bangor,84,97
Newport,79,97
Newport,35,97
Bangor,145,97
Swansea,138,97
Swansea,162,97
Cardiff,96,97
Newport,193,97
Newport,184,97
Newport,1,97
Bangor,126,97
Newport,152,97
Bangor,165,97
Swansea,60,97
Newport,147,97
Newport,20,97
Newport,128,97
Swansea,97,97
Swansea,6,97
Bangor,147,97
Swansea,154,97
Bangor,176,97
Newport,58,97
Bangor,159,97
Swansea,65,97
Newport,186,97
Bangor,163,97
Newport,146,97
Cardiff,53,97
Swansea,79,97
Cardiff,156,97
Cardiff,58,97
Swansea,97,97
Cardiff,153,97
Swansea,127,97
Swansea,50,97
Bangor,60,97
Newport,160,97
Swansea,149,97
Bangor,36,97
Cardiff,91,97
Newport,99,97
Bangor,139,97
Bangor,165,97
Bangor,72,97
Swansea,144,97
Swansea,8,97
Bangor,0,97
Swansea,180,97
Newport,193,97
Newport,121,97
Cardiff,115,97
Swansea,29,97
Swansea,4,97
Swansea,91,97
Newport,78,97
Swansea,154,97
Swansea,133,97
Bangor,117,97
Cardiff,56,97
Newport,85,97
Newport,147,97
Cardiff,133,97
Swansea,95,97
Newport,172,97
Newport,96,97
Newport,171,97
Newport,21,97
Swansea,126,97
Newport,102,97
Newport,18,97
Cardiff,42,97
Swansea,150,97
Bangor,8,97
Newport,54,97
Cardiff,47,97
Swansea,136,97
Cardiff,170,97
Newport,147,97
Cardiff,170,97
Swansea,125,97
Swansea,22,97
Swansea,109,97
Newport,30,97
Cardiff,68,97
Swansea,9,97
Cardiff,79,97
Cardiff,158,97
Swansea,154,97
Newport,106,97
Bangor,29,97
Newport,25,97
Cardiff,65,97
Bangor,82,97
Swansea,46,97
Bangor,47,97
Bangor,42,97
Swansea,50,97
Newport,61,97
Bangor,134,97
Newport,185,97
Newport,151,97
Newport,163,97
Swansea,105,97
