City,Quantity,Product_Code
Cardiff,183,27
Newport,5,27
Bangor,40,27
Cardiff,61,27
Newport,116,27
Cardiff,77,27
Bangor,10,27
Newport,11,27
Cardiff,177,27
Cardiff,129,27
Newport,166,27
Bangor,43,27
Cardiff,19,27
Newport,105,27
Bangor,171,27
Newport,32,27
Newport,132,27
Cardiff,30,27
Cardiff,127,27
Newport,69,27
Cardiff,151,27
Cardiff,148,27
Bangor,3,27
Newport,73,27
Newport,76,27
Newport,35,27
Newport,73,27
Cardiff,187,27
Cardiff,37,27
Newport,125,27
Swansea,1,27
Bangor,139,27
Cardiff,58,27
Swansea,155,27
Bangor,14,27
Newport,166,27
Cardiff,107,27
Newport,77,27
Newport,104,27
Bangor,66,27
Newport,120,27
Swansea,93,27
Bangor,18,27
Newport,121,27
Swansea,12,27
Cardiff,150,27
Newport,58,27
Bangor,26,27
Bangor,195,27
Newport,67,27
Swansea,196,27
Bangor,107,27
Newport,13,27
Cardiff,82,27
Cardiff,102,27
Swansea,100,27
Newport,168,27
Newport,150,27
Swansea,164,27
Bangor,15,27
Bangor,188,27
Cardiff,166,27
Newport,146,27
Cardiff,70,27
Swansea,63,27
Bangor,82,27
Swansea,84,27
Swansea,161,27
Newport,108,27
Newport,186,27
Newport,103,27
Newport,61,27
Newport,89,27
Swansea,12,27
Newport,163,27
Newport,9,27
Swansea,162,27
Newport,176,27
Bangor,69,27
Newport,131,27
Bangor,109,27
Cardiff,59,27
Swansea,194,27
Newport,8,27
Newport,147,27
Cardiff,2,27
Swansea,80,27
Bangor,28,27
Swansea,192,27
Newport,23,27
Cardiff,3,27
Bangor,143,27
Newport,29,27
Newport,41,27
Cardiff,65,27
Bangor,1,27
Swansea,58,27
Bangor,195,27
Swansea,138,27
Newport,47,27
Bangor,53,27
Newport,150,27
Newport,100,27
Bangor,32,27
Bangor,46,27
Bangor,69,27
Newport,133,27
Cardiff,200,27
Newport,111,27
Newport,135,27
Newport,70,27
Bangor,26,27
Bangor,14,27
Swansea,14,27
Bangor,171,27
Bangor,101,27
Newport,133,27
Swansea,111,27
Newport,37,27
Swansea,79,27
Newport,159,27
Swansea,105,27
Cardiff,174,27
Bangor,4,27
Newport,113,27
Bangor,120,27
Newport,195,27
Cardiff,148,27
Newport,123,27
Bangor,43,27
Newport,144,27
Newport,176,27
Newport,162,27
Bangor,105,27
Bangor,161,27
Bangor,28,27
Cardiff,66,27
Cardiff,159,27
Swansea,133,27
Newport,113,27
Bangor,176,27
Cardiff,3,27
Swansea,31,27
Cardiff,145,27
Swansea,113,27
Swansea,134,27
Newport,10,27
Bangor,57,27
Swansea,188,27
Swansea,146,27
Bangor,85,27
Swansea,192,27
Cardiff,110,27
Newport,192,27
Bangor,125,27
Swansea,150,27
Cardiff,121,27
Cardiff,39,27
Cardiff,121,27
Newport,49,27
Bangor,77,27
Newport,111,27
Newport,189,27
Bangor,122,27
Cardiff,99,27
Bangor,200,27
Newport,29,27
Cardiff,183,27
Newport,41,27
Bangor,142,27
Newport,58,27
Bangor,24,27
Swansea,108,27
Newport,125,27
Cardiff,200,27
Bangor,4,27
Newport,92,27
Swansea,170,27
Cardiff,194,27
Cardiff,138,27
Bangor,94,27
Cardiff,147,27
Bangor,48,27
Newport,44,27
Bangor,137,27
Cardiff,100,27
Bangor,61,27
Cardiff,16,27
Newport,83,27
Swansea,58,27
Newport,162,27
Newport,129,27
Newport,79,27
Bangor,157,27
Newport,195,27
Newport,4,27
Cardiff,188,27
Cardiff,103,27
Newport,136,27
Bangor,64,27
Newport,120,27
Swansea,54,27
Newport,167,27
Swansea,20,27
Cardiff,164,27
Bangor,179,27
Newport,33,27
Newport,35,27
Newport,51,27
Cardiff,53,27
Swansea,91,27
Swansea,97,27
Cardiff,125,27
Swansea,199,27
Cardiff,172,27
Bangor,60,27
Newport,106,27
Swansea,47,27
Newport,51,27
Newport,168,27
Cardiff,174,27
Swansea,22,27
Newport,51,27
Bangor,102,27
Swansea,19,27
Newport,121,27
Cardiff,82,27
Cardiff,46,27
Newport,94,27
Bangor,33,27
Bangor,38,27
Swansea,22,27
Bangor,157,27
Swansea,19,27
Newport,175,27
Bangor,96,27
Swansea,107,27
Newport,178,27
Bangor,38,27
Newport,103,27
Bangor,90,27
Cardiff,185,27
Swansea,140,27
Swansea,32,27
Newport,146,27
Bangor,129,27
Swansea,51,27
Bangor,32,27
Cardiff,157,27
Swansea,188,27
Bangor,62,27
