City,Quantity,Product_Code
Bangor,59,75
Bangor,198,75
Swansea,156,75
Swansea,140,75
Bangor,152,75
Newport,177,75
Bangor,115,75
Bangor,189,75
Cardiff,109,75
Newport,175,75
Bangor,130,75
Swansea,178,75
Cardiff,149,75
Cardiff,87,75
Cardiff,118,75
Newport,4,75
Newport,74,75
Cardiff,14,75
Bangor,139,75
Bangor,37,75
Swansea,181,75
Cardiff,128,75
Newport,8,75
Cardiff,15,75
Bangor,28,75
Newport,11,75
Cardiff,23,75
Newport,34,75
Newport,89,75
Swansea,101,75
Swansea,51,75
Swansea,185,75
Swansea,142,75
Bangor,200,75
Newport,72,75
Bangor,35,75
Cardiff,173,75
Cardiff,34,75
Swansea,133,75
Bangor,60,75
Swansea,39,75
Cardiff,8,75
Newport,166,75
Swansea,175,75
Cardiff,170,75
Bangor,87,75
Cardiff,182,75
Bangor,120,75
Newport,158,75
Bangor,109,75
Bangor,150,75
Cardiff,122,75
Swansea,192,75
Swansea,135,75
Swansea,55,75
Swansea,165,75
Cardiff,74,75
Cardiff,108,75
Cardiff,92,75
Bangor,135,75
Newport,154,75
Cardiff,185,75
Newport,158,75
Newport,149,75
Swansea,65,75
Swansea,48,75
Cardiff,121,75
Swansea,13,75
Swansea,25,75
Newport,24,75
Newport,80,75
Bangor,153,75
Swansea,11,75
Newport,40,75
Newport,100,75
Cardiff,96,75
Cardiff,62,75
Newport,67,75
Cardiff,140,75
Swansea,167,75
Newport,41,75
Cardiff,59,75
Swansea,41,75
Cardiff,139,75
Newport,123,75
Newport,64,75
Cardiff,2,75
Newport,13,75
Cardiff,133,75
Cardiff,17,75
Cardiff,24,75
Newport,188,75
Newport,5,75
Swansea,77,75
Cardiff,155,75
Newport,112,75
Swansea,159,75
Cardiff,126,75
Bangor,84,75
Newport,124,75
Newport,2,75
Bangor,27,75
Cardiff,58,75
Swansea,80,75
Cardiff,72,75
Cardiff,6,75
Swansea,176,75
Swansea,22,75
Swansea,198,75
Newport,154,75
Bangor,77,75
Cardiff,27,75
Newport,180,75
Newport,75,75
Newport,192,75
Bangor,108,75
Cardiff,81,75
Swansea,9,75
Newport,182,75
Swansea,72,75
Newport,120,75
Cardiff,139,75
Swansea,130,75
Newport,149,75
Newport,76,75
Cardiff,162,75
Cardiff,123,75
Bangor,95,75
Cardiff,46,75
Newport,2,75
Swansea,13,75
Newport,194,75
Cardiff,7,75
Bangor,138,75
Newport,199,75
Cardiff,169,75
Cardiff,21,75
Swansea,192,75
Bangor,56,75
Cardiff,28,75
Newport,80,75
Bangor,62,75
Cardiff,78,75
Bangor,3,75
Newport,179,75
Newport,96,75
Swansea,38,75
Cardiff,108,75
Cardiff,101,75
Bangor,97,75
Bangor,52,75
Cardiff,27,75
Bangor,49,75
Newport,22,75
Newport,37,75
Newport,149,75
Bangor,166,75
Bangor,31,75
Newport,52,75
Swansea,79,75
Cardiff,83,75
Cardiff,164,75
Swansea,9,75
Swansea,186,75
Swansea,117,75
Cardiff,163,75
Swansea,150,75
Bangor,66,75
Newport,148,75
Newport,122,75
Bangor,100,75
Newport,143,75
Cardiff,140,75
Cardiff,137,75
Bangor,69,75
Bangor,182,75
Newport,150,75
Newport,53,75
Cardiff,58,75
Bangor,175,75
Newport,164,75
Swansea,62,75
Newport,179,75
Swansea,149,75
Bangor,153,75
Bangor,20,75
Cardiff,101,75
Newport,185,75
Cardiff,187,75
Newport,194,75
Bangor,162,75
Swansea,165,75
Cardiff,92,75
Swansea,124,75
Cardiff,14,75
Cardiff,176,75
Newport,24,75
Cardiff,185,75
Newport,46,75
Cardiff,63,75
Bangor,35,75
Bangor,184,75
Cardiff,163,75
Bangor,131,75
Newport,24,75
Newport,14,75
Bangor,190,75
Newport,110,75
Swansea,38,75
Bangor,71,75
Swansea,31,75
Bangor,110,75
Newport,76,75
Swansea,48,75
Newport,175,75
Swansea,76,75
Bangor,105,75
Newport,188,75
Swansea,78,75
Cardiff,183,75
Cardiff,19,75
Swansea,26,75
Cardiff,55,75
Swansea,40,75
Newport,98,75
Newport,173,75
Newport,45,75
Swansea,95,75
Bangor,27,75
Cardiff,127,75
Cardiff,33,75
Bangor,190,75
Bangor,101,75
Newport,46,75
Cardiff,110,75
Swansea,127,75
Swansea,96,75
Cardiff,54,75
Newport,33,75
Swansea,64,75
Cardiff,147,75
Cardiff,96,75
Newport,180,75
Bangor,86,75
Cardiff,200,75
Cardiff,130,75
Swansea,50,75
Swansea,44,75
Bangor,7,75
Swansea,25,75
Cardiff,83,75
