City,Quantity,Product_Code
Cardiff,11,65
Cardiff,127,65
Cardiff,109,65
Swansea,38,65
Newport,37,65
Newport,144,65
Newport,139,65
Newport,198,65
Bangor,119,65
Swansea,52,65
Newport,75,65
Newport,125,65
Cardiff,62,65
Swansea,14,65
Cardiff,62,65
Swansea,16,65
Cardiff,177,65
Newport,86,65
Swansea,65,65
Cardiff,43,65
Bangor,31,65
Bangor,49,65
Cardiff,104,65
Cardiff,111,65
Newport,150,65
Bangor,37,65
Swansea,81,65
Bangor,13,65
Newport,73,65
Newport,148,65
Bangor,135,65
Cardiff,129,65
Newport,160,65
Newport,186,65
Cardiff,109,65
Bangor,181,65
Bangor,159,65
Cardiff,116,65
Newport,65,65
Cardiff,88,65
Swansea,25,65
Cardiff,106,65
Bangor,119,65
Newport,192,65
Newport,77,65
Newport,141,65
Newport,76,65
Newport,1,65
Cardiff,89,65
Bangor,106,65
Newport,26,65
Newport,112,65
Cardiff,91,65
Bangor,21,65
Cardiff,105,65
Newport,94,65
Cardiff,183,65
Newport,184,65
Bangor,10,65
Swansea,73,65
Swansea,167,65
Cardiff,187,65
Newport,60,65
Bangor,181,65
Bangor,107,65
Cardiff,72,65
Swansea,78,65
Cardiff,14,65
Cardiff,46,65
Swansea,100,65
Bangor,175,65
Swansea,170,65
Swansea,87,65
Newport,16,65
Newport,151,65
Swansea,82,65
Swansea,80,65
Newport,197,65
Newport,3,65
Cardiff,94,65
Newport,125,65
Bangor,50,65
Bangor,134,65
Cardiff,42,65
Swansea,91,65
Swansea,119,65
Bangor,15,65
Bangor,45,65
Bangor,166,65
Cardiff,65,65
Bangor,172,65
Swansea,187,65
Bangor,171,65
Bangor,17,65
Bangor,14,65
Newport,178,65
Newport,151,65
Swansea,91,65
Swansea,87,65
Swansea,194,65
Bangor,33,65
Cardiff,42,65
Cardiff,169,65
Swansea,50,65
Swansea,190,65
Cardiff,132,65
Newport,140,65
Cardiff,162,65
Cardiff,189,65
Newport,4,65
Cardiff,21,65
Bangor,54,65
Swansea,134,65
Newport,95,65
Cardiff,150,65
Bangor,52,65
Swansea,189,65
Bangor,112,65
Bangor,115,65
Bangor,200,65
Swansea,65,65
Swansea,170,65
Cardiff,84,65
Newport,194,65
Newport,44,65
Cardiff,168,65
Cardiff,172,65
Newport,128,65
Newport,190,65
Newport,142,65
Newport,84,65
Bangor,69,65
Bangor,73,65
Swansea,146,65
Bangor,119,65
Swansea,94,65
Bangor,159,65
Cardiff,174,65
Newport,71,65
Bangor,155,65
Bangor,46,65
Swansea,91,65
Newport,171,65
Swansea,197,65
Newport,88,65
Cardiff,46,65
Swansea,83,65
Swansea,197,65
Newport,42,65
Bangor,187,65
Newport,53,65
Swansea,51,65
Cardiff,27,65
Cardiff,25,65
Bangor,6,65
Bangor,115,65
Bangor,169,65
Swansea,71,65
Cardiff,192,65
Newport,70,65
Newport,178,65
Swansea,184,65
Newport,52,65
Cardiff,184,65
Bangor,77,65
Bangor,143,65
Newport,93,65
Newport,34,65
Swansea,74,65
Cardiff,138,65
Bangor,36,65
Swansea,60,65
Newport,114,65
Cardiff,174,65
Newport,159,65
Swansea,92,65
Cardiff,60,65
Cardiff,40,65
Swansea,107,65
Bangor,173,65
Newport,28,65
Swansea,53,65
Swansea,46,65
Bangor,13,65
Bangor,13,65
Bangor,31,65
Bangor,113,65
Newport,101,65
Swansea,55,65
Swansea,24,65
Bangor,67,65
Newport,70,65
Swansea,113,65
Newport,193,65
Newport,114,65
Newport,5,65
Newport,158,65
Cardiff,154,65
Cardiff,186,65
Swansea,37,65
Newport,156,65
Cardiff,12,65
Bangor,61,65
Newport,101,65
Swansea,165,65
Cardiff,33,65
Swansea,98,65
Cardiff,83,65
Newport,183,65
Swansea,164,65
Newport,163,65
Cardiff,27,65
Bangor,185,65
Newport,25,65
Newport,177,65
Swansea,28,65
Cardiff,164,65
Newport,111,65
Bangor,114,65
Cardiff,116,65
Bangor,154,65
Swansea,52,65
Cardiff,45,65
Bangor,162,65
Newport,99,65
Newport,183,65
Newport,19,65
Bangor,34,65
Bangor,23,65
Bangor,40,65
Swansea,136,65
Cardiff,16,65
Swansea,154,65
Swansea,56,65
Cardiff,4,65
Swansea,38,65
Cardiff,136,65
Bangor,138,65
Bangor,186,65
Newport,31,65
Swansea,72,65
Swansea,57,65
Cardiff,180,65
Swansea,90,65
Swansea,179,65
Swansea,22,65
Newport,116,65
Newport,134,65
Swansea,100,65
Swansea,160,65
Bangor,21,65
