City,Quantity,Product_Code
Swansea,66,7
Newport,39,7
Newport,85,7
Swansea,104,7
Cardiff,178,7
Bangor,183,7
Newport,91,7
Cardiff,78,7
Bangor,31,7
Newport,70,7
Newport,159,7
Newport,73,7
Newport,50,7
Newport,101,7
Cardiff,54,7
Bangor,107,7
Swansea,199,7
Bangor,52,7
Bangor,125,7
Bangor,123,7
Bangor,38,7
Cardiff,133,7
Bangor,116,7
Swansea,79,7
Newport,133,7
Swansea,163,7
Swansea,61,7
Bangor,34,7
Cardiff,54,7
Cardiff,66,7
Bangor,48,7
Newport,62,7
Bangor,137,7
Cardiff,105,7
Cardiff,159,7
Swansea,158,7
Cardiff,126,7
Newport,177,7
Newport,120,7
Bangor,172,7
Bangor,191,7
Swansea,139,7
Bangor,30,7
Newport,61,7
Bangor,85,7
Bangor,165,7
Newport,92,7
Cardiff,189,7
Cardiff,7,7
Cardiff,1,7
Swansea,187,7
Cardiff,81,7
Bangor,59,7
Swansea,121,7
Newport,125,7
Bangor,50,7
Swansea,78,7
Newport,113,7
Cardiff,168,7
Newport,53,7
Newport,127,7
Bangor,65,7
Cardiff,9,7
Newport,107,7
Newport,169,7
Newport,149,7
Swansea,196,7
Newport,149,7
Newport,78,7
Cardiff,109,7
Newport,126,7
Swansea,26,7
Bangor,35,7
Bangor,98,7
Newport,181,7
Cardiff,36,7
Cardiff,180,7
Bangor,147,7
Swansea,185,7
Bangor,159,7
Cardiff,189,7
Newport,161,7
Cardiff,170,7
Cardiff,153,7
Bangor,104,7
Bangor,90,7
Newport,75,7
Bangor,65,7
Swansea,189,7
Newport,149,7
Newport,96,7
Cardiff,162,7
Bangor,87,7
Newport,56,7
Newport,160,7
Newport,97,7
Bangor,8,7
Cardiff,179,7
Cardiff,76,7
Swansea,4,7
Swansea,120,7
Bangor,24,7
Cardiff,95,7
Cardiff,200,7
Bangor,71,7
Swansea,123,7
Bangor,52,7
Cardiff,179,7
Cardiff,172,7
Cardiff,93,7
Swansea,80,7
Swansea,26,7
Cardiff,45,7
Newport,101,7
Bangor,114,7
Newport,175,7
Newport,200,7
Cardiff,63,7
Newport,114,7
Cardiff,162,7
Swansea,86,7
Cardiff,186,7
Cardiff,1,7
Swansea,12,7
Bangor,0,7
Newport,25,7
Bangor,128,7
Cardiff,40,7
Newport,74,7
Cardiff,156,7
Swansea,47,7
Newport,71,7
Swansea,140,7
Bangor,167,7
Cardiff,62,7
Swansea,22,7
Bangor,191,7
Swansea,16,7
Newport,152,7
Cardiff,42,7
Swansea,180,7
Swansea,17,7
Cardiff,95,7
Cardiff,116,7
Swansea,21,7
Bangor,76,7
Bangor,139,7
Swansea,19,7
Swansea,196,7
Newport,94,7
Cardiff,169,7
Swansea,172,7
Newport,200,7
Bangor,40,7
Cardiff,167,7
Cardiff,122,7
Bangor,141,7
Bangor,131,7
Swansea,57,7
Newport,82,7
Bangor,28,7
Bangor,133,7
Newport,16,7
Bangor,117,7
Newport,106,7
Bangor,78,7
Bangor,197,7
Cardiff,132,7
Bangor,145,7
Swansea,192,7
Bangor,138,7
Cardiff,122,7
Swansea,71,7
Bangor,126,7
Swansea,64,7
Cardiff,3,7
Cardiff,163,7
Bangor,120,7
Bangor,166,7
Swansea,194,7
Swansea,67,7
Cardiff,153,7
Bangor,184,7
Newport,77,7
Newport,156,7
Cardiff,140,7
Newport,46,7
Bangor,175,7
Swansea,122,7
Newport,67,7
Newport,8,7
Swansea,92,7
Swansea,98,7
Newport,144,7
Cardiff,1,7
Swansea,8,7
Cardiff,30,7
Newport,142,7
Cardiff,122,7
Cardiff,28,7
Swansea,156,7
Newport,87,7
Swansea,25,7
Cardiff,195,7
Bangor,181,7
Bangor,150,7
Bangor,181,7
Bangor,136,7
Bangor,117,7
Bangor,117,7
Cardiff,137,7
Swansea,11,7
Swansea,102,7
Bangor,34,7
Swansea,81,7
Swansea,162,7
Cardiff,55,7
Swansea,73,7
Cardiff,78,7
Cardiff,65,7
Swansea,55,7
Swansea,98,7
Bangor,125,7
Swansea,160,7
Bangor,151,7
Newport,74,7
Bangor,16,7
Swansea,83,7
Cardiff,70,7
Cardiff,46,7
Bangor,0,7
Newport,4,7
Cardiff,24,7
Bangor,111,7
Bangor,110,7
Swansea,82,7
Newport,151,7
Bangor,88,7
Newport,16,7
Bangor,185,7
Newport,154,7
Newport,2,7
Newport,200,7
Cardiff,125,7
Cardiff,21,7
Bangor,71,7
Cardiff,5,7
Cardiff,95,7
Swansea,53,7
Cardiff,85,7
Swansea,53,7
