City,Quantity,Product_Code
Swansea,5,138
Bangor,125,138
Bangor,98,138
Newport,132,138
Bangor,51,138
Newport,60,138
Newport,170,138
Cardiff,103,138
Bangor,4,138
Cardiff,12,138
Cardiff,176,138
Swansea,179,138
Newport,152,138
Bangor,66,138
Swansea,181,138
Swansea,78,138
Newport,19,138
Swansea,175,138
Cardiff,3,138
Bangor,34,138
Cardiff,85,138
Swansea,167,138
Swansea,27,138
Cardiff,29,138
Swansea,74,138
Bangor,132,138
Newport,69,138
Bangor,144,138
Bangor,103,138
Cardiff,135,138
Swansea,171,138
Newport,44,138
Swansea,108,138
Cardiff,171,138
Newport,197,138
Newport,143,138
Bangor,118,138
Swansea,67,138
Cardiff,198,138
Newport,143,138
Cardiff,142,138
Bangor,116,138
Cardiff,126,138
Swansea,72,138
Newport,73,138
Newport,139,138
Swansea,168,138
Cardiff,83,138
Swansea,31,138
Newport,157,138
Newport,5,138
Swansea,18,138
Cardiff,46,138
Swansea,95,138
Bangor,51,138
Cardiff,143,138
Swansea,11,138
Swansea,143,138
Cardiff,95,138
Swansea,58,138
Newport,38,138
Cardiff,100,138
Cardiff,59,138
Swansea,83,138
Newport,174,138
Bangor,160,138
Cardiff,148,138
Cardiff,105,138
Newport,6,138
Newport,47,138
Bangor,174,138
Cardiff,72,138
Bangor,162,138
Newport,122,138
Swansea,4,138
Bangor,35,138
Newport,106,138
Cardiff,101,138
Swansea,119,138
Swansea,22,138
Newport,64,138
Cardiff,98,138
Cardiff,79,138
Bangor,5,138
Swansea,128,138
Bangor,72,138
Swansea,50,138
Cardiff,139,138
Bangor,46,138
Cardiff,93,138
Swansea,74,138
Swansea,97,138
Bangor,52,138
Swansea,195,138
Swansea,53,138
Newport,31,138
Cardiff,92,138
Bangor,53,138
Bangor,23,138
Swansea,45,138
Swansea,83,138
Swansea,97,138
Cardiff,65,138
Swansea,128,138
Newport,114,138
Cardiff,0,138
Newport,103,138
Cardiff,35,138
Newport,142,138
Bangor,121,138
Swansea,163,138
Bangor,71,138
Cardiff,29,138
Newport,39,138
Bangor,107,138
Cardiff,130,138
Bangor,165,138
Swansea,18,138
Newport,16,138
Newport,17,138
Bangor,16,138
Cardiff,23,138
Bangor,123,138
Swansea,0,138
Swansea,47,138
Swansea,169,138
Swansea,29,138
Newport,71,138
Swansea,41,138
Bangor,152,138
Cardiff,167,138
Newport,40,138
Swansea,72,138
Cardiff,158,138
Swansea,112,138
Cardiff,62,138
Cardiff,163,138
Cardiff,76,138
Newport,160,138
Swansea,123,138
Newport,41,138
Swansea,60,138
Newport,22,138
Bangor,25,138
Swansea,112,138
Swansea,157,138
Swansea,111,138
Newport,172,138
Bangor,125,138
Bangor,168,138
Cardiff,38,138
Swansea,77,138
Bangor,179,138
Cardiff,169,138
Bangor,52,138
Newport,70,138
Swansea,161,138
Swansea,131,138
Bangor,190,138
Cardiff,153,138
Swansea,109,138
Swansea,119,138
Swansea,19,138
Swansea,79,138
Newport,150,138
Newport,129,138
Newport,101,138
Newport,99,138
Newport,46,138
Bangor,16,138
Cardiff,182,138
Newport,126,138
Cardiff,94,138
Newport,48,138
Swansea,182,138
Newport,103,138
Bangor,69,138
Bangor,21,138
Bangor,49,138
Swansea,144,138
Newport,89,138
Bangor,63,138
Swansea,66,138
Bangor,66,138
Bangor,66,138
Cardiff,134,138
Newport,109,138
Newport,31,138
Bangor,109,138
Cardiff,171,138
Newport,109,138
Bangor,148,138
Cardiff,179,138
Swansea,59,138
Bangor,15,138
Swansea,116,138
Swansea,137,138
Newport,196,138
Cardiff,173,138
Bangor,61,138
Cardiff,105,138
Bangor,32,138
Newport,57,138
Newport,184,138
Swansea,65,138
Cardiff,145,138
Bangor,12,138
Bangor,35,138
Newport,22,138
Newport,138,138
Swansea,115,138
Cardiff,53,138
Bangor,37,138
Newport,104,138
Cardiff,111,138
Swansea,198,138
Swansea,145,138
Cardiff,96,138
Swansea,4,138
Swansea,63,138
Bangor,79,138
Newport,61,138
Bangor,5,138
Cardiff,72,138
Newport,170,138
Bangor,49,138
Cardiff,148,138
Bangor,38,138
Newport,115,138
Newport,60,138
Bangor,103,138
Newport,97,138
Cardiff,119,138
Bangor,2,138
Swansea,73,138
Cardiff,146,138
Cardiff,170,138
Newport,52,138
Bangor,94,138
Newport,149,138
Newport,173,138
Newport,120,138
Newport,113,138
Swansea,171,138
Bangor,155,138
Swansea,44,138
Cardiff,86,138
Swansea,112,138
Newport,71,138
Swansea,144,138
Newport,103,138
