City,Quantity,Product_Code
Bangor,104,149
Bangor,153,149
Cardiff,173,149
Swansea,135,149
Cardiff,157,149
Newport,118,149
Newport,98,149
Bangor,1,149
Cardiff,42,149
Newport,168,149
Bangor,67,149
Cardiff,37,149
Bangor,113,149
Cardiff,43,149
Swansea,38,149
Swansea,193,149
Bangor,126,149
Newport,183,149
Bangor,50,149
Cardiff,75,149
Bangor,29,149
Newport,64,149
Newport,158,149
Swansea,70,149
Cardiff,17,149
Cardiff,157,149
Bangor,99,149
Swansea,117,149
Newport,189,149
Newport,183,149
Newport,90,149
Cardiff,178,149
Newport,199,149
Newport,154,149
Cardiff,66,149
Newport,116,149
Swansea,12,149
Swansea,109,149
Swansea,143,149
Newport,109,149
Cardiff,30,149
Bangor,79,149
Swansea,128,149
Cardiff,167,149
Cardiff,81,149
Bangor,175,149
Swansea,112,149
Bangor,200,149
Swansea,4,149
Bangor,182,149
Cardiff,164,149
Newport,126,149
Swansea,48,149
Newport,50,149
Swansea,93,149
Swansea,71,149
Cardiff,91,149
Bangor,9,149
Swansea,46,149
Newport,67,149
Swansea,167,149
Swansea,114,149
Swansea,92,149
Cardiff,138,149
Cardiff,165,149
Newport,47,149
Swansea,97,149
Cardiff,155,149
Cardiff,107,149
Newport,181,149
Newport,129,149
Bangor,110,149
Swansea,130,149
Bangor,136,149
Cardiff,23,149
Newport,108,149
Cardiff,187,149
Cardiff,36,149
Swansea,113,149
Newport,95,149
Bangor,24,149
Newport,61,149
Cardiff,83,149
Newport,4,149
Newport,65,149
Swansea,157,149
Swansea,157,149
Swansea,62,149
Cardiff,59,149
Bangor,196,149
Swansea,119,149
Swansea,4,149
Cardiff,88,149
Bangor,57,149
Swansea,101,149
Swansea,71,149
Newport,167,149
Swansea,61,149
Newport,167,149
Bangor,167,149
Swansea,148,149
Cardiff,132,149
Cardiff,118,149
Cardiff,159,149
Newport,173,149
Cardiff,190,149
Newport,193,149
Bangor,194,149
Bangor,155,149
Cardiff,188,149
Cardiff,115,149
Newport,5,149
Swansea,90,149
Swansea,128,149
Bangor,65,149
Newport,78,149
Swansea,73,149
Cardiff,108,149
Cardiff,30,149
Swansea,146,149
Cardiff,126,149
Cardiff,183,149
Bangor,160,149
Bangor,152,149
Bangor,11,149
Cardiff,154,149
Bangor,192,149
Bangor,45,149
Swansea,50,149
Cardiff,96,149
Newport,83,149
Cardiff,40,149
Newport,71,149
Bangor,152,149
Swansea,121,149
Newport,191,149
Bangor,6,149
Newport,35,149
Newport,59,149
Swansea,140,149
Cardiff,126,149
Swansea,99,149
Swansea,42,149
Newport,11,149
Swansea,84,149
Swansea,40,149
Bangor,182,149
Newport,11,149
Bangor,186,149
Bangor,185,149
Cardiff,72,149
Newport,184,149
Bangor,66,149
Cardiff,89,149
Bangor,74,149
Newport,114,149
Cardiff,80,149
Newport,28,149
Bangor,112,149
Swansea,143,149
Newport,79,149
Cardiff,36,149
Newport,147,149
Newport,26,149
Cardiff,93,149
Swansea,7,149
Newport,79,149
Newport,142,149
Bangor,66,149
Newport,10,149
Cardiff,149,149
Bangor,39,149
Cardiff,23,149
Swansea,10,149
Bangor,195,149
Newport,56,149
Cardiff,12,149
Bangor,139,149
Bangor,156,149
Bangor,109,149
Cardiff,199,149
Bangor,142,149
Bangor,44,149
Cardiff,19,149
Bangor,74,149
Swansea,41,149
Cardiff,66,149
Bangor,140,149
Bangor,101,149
Newport,1,149
Bangor,78,149
Swansea,58,149
Swansea,111,149
Swansea,92,149
Newport,179,149
Bangor,62,149
Bangor,39,149
Newport,55,149
Cardiff,141,149
Swansea,23,149
Cardiff,35,149
Newport,53,149
Cardiff,143,149
Bangor,173,149
Bangor,82,149
Newport,172,149
Bangor,91,149
Bangor,195,149
Swansea,121,149
Swansea,156,149
Newport,46,149
Newport,166,149
Bangor,90,149
Newport,78,149
Cardiff,39,149
Newport,143,149
Swansea,11,149
Cardiff,47,149
Bangor,135,149
Newport,156,149
Swansea,46,149
Newport,60,149
Bangor,45,149
Cardiff,48,149
Bangor,52,149
Swansea,28,149
Newport,132,149
Swansea,116,149
Cardiff,171,149
Cardiff,131,149
Swansea,88,149
Swansea,173,149
Newport,145,149
Cardiff,161,149
Newport,175,149
Newport,175,149
Newport,135,149
Cardiff,167,149
Bangor,177,149
Cardiff,170,149
Swansea,37,149
Newport,133,149
Swansea,15,149
Swansea,194,149
Newport,14,149
Swansea,164,149
Swansea,99,149
Swansea,194,149
Swansea,180,149
Newport,32,149
Bangor,105,149
