City,Quantity,Product_Code
Bangor,23,125
Newport,29,125
Swansea,115,125
Swansea,146,125
Bangor,27,125
Cardiff,12,125
Swansea,41,125
Swansea,91,125
Cardiff,23,125
Newport,33,125
Bangor,123,125
Bangor,26,125
Swansea,25,125
Bangor,177,125
Newport,135,125
Swansea,88,125
Bangor,103,125
Bangor,110,125
Bangor,161,125
Swansea,128,125
Bangor,170,125
Cardiff,48,125
Bangor,100,125
Bangor,56,125
Swansea,153,125
Bangor,46,125
Newport,75,125
Bangor,79,125
Cardiff,80,125
Swansea,144,125
Bangor,104,125
Swansea,85,125
Newport,21,125
Newport,89,125
Cardiff,50,125
Bangor,83,125
Bangor,106,125
Bangor,128,125
Swansea,12,125
Cardiff,83,125
Cardiff,94,125
Swansea,79,125
Bangor,12,125
Newport,31,125
Cardiff,132,125
Bangor,101,125
Bangor,38,125
Newport,191,125
Cardiff,68,125
Cardiff,76,125
Swansea,76,125
Swansea,132,125
Cardiff,93,125
Swansea,194,125
Swansea,109,125
Bangor,83,125
Bangor,47,125
Swansea,149,125
Swansea,139,125
Swansea,24,125
Cardiff,174,125
Bangor,179,125
Cardiff,50,125
Bangor,60,125
Bangor,178,125
Bangor,5,125
Newport,17,125
Bangor,164,125
Swansea,119,125
Cardiff,129,125
Cardiff,136,125
Swansea,23,125
Bangor,64,125
Newport,88,125
Swansea,47,125
Newport,166,125
Swansea,185,125
Cardiff,145,125
Bangor,20,125
Cardiff,6,125
Bangor,184,125
Bangor,10,125
Swansea,39,125
Cardiff,182,125
Swansea,38,125
Cardiff,134,125
Cardiff,45,125
Newport,23,125
Newport,156,125
Cardiff,137,125
Bangor,149,125
Swansea,136,125
Bangor,197,125
Swansea,117,125
Cardiff,81,125
Newport,3,125
Newport,155,125
Swansea,123,125
Cardiff,78,125
Cardiff,93,125
Cardiff,115,125
Bangor,62,125
Swansea,94,125
Swansea,99,125
Newport,165,125
Newport,66,125
Newport,92,125
Swansea,143,125
Newport,0,125
Newport,117,125
Swansea,175,125
Cardiff,191,125
Newport,152,125
Bangor,135,125
Cardiff,182,125
Newport,161,125
Swansea,146,125
Bangor,45,125
Bangor,197,125
Newport,148,125
Cardiff,109,125
Bangor,157,125
Newport,160,125
Swansea,175,125
Swansea,50,125
Swansea,174,125
Cardiff,141,125
Bangor,62,125
Swansea,186,125
Swansea,61,125
Bangor,118,125
Bangor,183,125
Swansea,141,125
Swansea,29,125
Bangor,72,125
Newport,123,125
Swansea,46,125
Swansea,50,125
Swansea,173,125
Cardiff,34,125
Cardiff,102,125
Bangor,141,125
Swansea,154,125
Cardiff,80,125
Bangor,66,125
Cardiff,44,125
Newport,83,125
Bangor,61,125
Swansea,132,125
Swansea,184,125
Newport,148,125
Cardiff,139,125
Newport,106,125
Bangor,168,125
Bangor,196,125
Newport,92,125
Newport,66,125
Newport,67,125
Newport,73,125
Cardiff,114,125
Newport,150,125
Newport,177,125
Cardiff,77,125
Cardiff,179,125
Swansea,61,125
Bangor,66,125
Bangor,194,125
Newport,48,125
Newport,167,125
Swansea,165,125
Cardiff,146,125
Bangor,38,125
Cardiff,135,125
Bangor,21,125
Cardiff,156,125
Bangor,185,125
Cardiff,190,125
Newport,124,125
Bangor,162,125
Swansea,28,125
Newport,130,125
Bangor,17,125
Swansea,197,125
Swansea,6,125
Cardiff,60,125
Cardiff,29,125
Cardiff,135,125
Bangor,37,125
Cardiff,133,125
Bangor,196,125
Swansea,170,125
Bangor,157,125
Swansea,139,125
Bangor,147,125
Cardiff,25,125
Newport,21,125
Newport,154,125
Swansea,125,125
Swansea,129,125
Cardiff,56,125
Bangor,108,125
Newport,153,125
Swansea,171,125
Newport,33,125
Newport,15,125
Newport,53,125
Cardiff,18,125
Swansea,51,125
Cardiff,4,125
Newport,160,125
Bangor,195,125
Cardiff,89,125
Cardiff,62,125
Newport,29,125
Swansea,50,125
Bangor,105,125
Bangor,0,125
Newport,148,125
Bangor,11,125
Cardiff,60,125
Bangor,6,125
Swansea,151,125
Swansea,111,125
Cardiff,8,125
Swansea,185,125
Swansea,146,125
Swansea,183,125
Newport,124,125
Bangor,82,125
Bangor,169,125
Newport,62,125
Newport,119,125
Swansea,76,125
Newport,61,125
Swansea,144,125
Cardiff,88,125
Cardiff,122,125
Bangor,122,125
Bangor,47,125
Cardiff,83,125
Bangor,189,125
Swansea,56,125
Cardiff,87,125
Newport,178,125
Newport,143,125
Cardiff,116,125
Cardiff,198,125
Newport,97,125
Swansea,7,125
Newport,97,125
Cardiff,111,125
