City,Quantity,Product_Code
Swansea,11,55
Cardiff,109,55
Bangor,26,55
Swansea,54,55
Newport,194,55
Newport,200,55
Swansea,65,55
Bangor,99,55
Newport,21,55
Bangor,25,55
Newport,156,55
Newport,72,55
Newport,175,55
Newport,63,55
Swansea,158,55
Newport,88,55
Newport,147,55
Cardiff,14,55
Swansea,161,55
Swansea,114,55
Cardiff,123,55
Newport,34,55
Cardiff,183,55
Bangor,2,55
Cardiff,161,55
Newport,80,55
Swansea,63,55
Cardiff,173,55
Newport,107,55
Cardiff,91,55
Cardiff,8,55
Swansea,11,55
Bangor,100,55
Swansea,144,55
Newport,18,55
Swansea,187,55
Bangor,49,55
Cardiff,106,55
Newport,56,55
Swansea,80,55
Swansea,115,55
Bangor,25,55
Cardiff,22,55
Newport,143,55
Newport,39,55
Swansea,10,55
Cardiff,171,55
Bangor,87,55
Bangor,49,55
Newport,31,55
Cardiff,48,55
Swansea,88,55
Swansea,109,55
Bangor,94,55
Cardiff,134,55
Bangor,197,55
Cardiff,103,55
Newport,159,55
Newport,167,55
Swansea,84,55
Newport,2,55
Cardiff,173,55
Newport,79,55
Newport,25,55
Newport,141,55
Newport,158,55
Newport,48,55
Newport,171,55
Swansea,32,55
Newport,64,55
Bangor,95,55
Newport,75,55
Cardiff,197,55
Bangor,166,55
Bangor,20,55
Cardiff,1,55
Cardiff,59,55
Swansea,115,55
Newport,161,55
Bangor,75,55
Cardiff,95,55
Swansea,169,55
Bangor,183,55
Cardiff,47,55
Swansea,83,55
Swansea,197,55
Newport,60,55
Swansea,93,55
Newport,168,55
Cardiff,118,55
Bangor,102,55
Bangor,196,55
Bangor,174,55
Swansea,101,55
Newport,73,55
Bangor,11,55
Bangor,148,55
Bangor,43,55
Swansea,146,55
Bangor,90,55
Cardiff,10,55
Cardiff,63,55
Newport,7,55
Newport,33,55
Swansea,181,55
Newport,189,55
Cardiff,27,55
Swansea,151,55
Swansea,133,55
Swansea,17,55
Newport,14,55
Bangor,40,55
Cardiff,15,55
Cardiff,123,55
Swansea,199,55
Bangor,90,55
Bangor,98,55
Swansea,147,55
Bangor,195,55
Newport,86,55
Swansea,128,55
Swansea,18,55
Newport,151,55
Newport,176,55
Cardiff,122,55
Bangor,50,55
Cardiff,61,55
Swansea,189,55
Swansea,79,55
Newport,120,55
Cardiff,66,55
Bangor,22,55
Cardiff,47,55
Newport,40,55
Swansea,64,55
Swansea,95,55
Swansea,152,55
Bangor,138,55
Swansea,162,55
Swansea,13,55
Swansea,145,55
Newport,82,55
Swansea,90,55
Bangor,23,55
Cardiff,176,55
Bangor,198,55
Cardiff,143,55
Cardiff,122,55
Newport,120,55
Bangor,189,55
Bangor,155,55
Bangor,58,55
Swansea,176,55
Swansea,78,55
Newport,9,55
Swansea,194,55
Cardiff,124,55
Swansea,88,55
Cardiff,192,55
Newport,156,55
Bangor,135,55
Bangor,14,55
Bangor,178,55
Bangor,144,55
Bangor,82,55
Swansea,61,55
Bangor,188,55
Swansea,6,55
Bangor,99,55
Cardiff,131,55
Bangor,97,55
Cardiff,115,55
Bangor,115,55
Swansea,151,55
Newport,94,55
Swansea,122,55
Newport,106,55
Swansea,109,55
Bangor,111,55
Newport,120,55
Bangor,167,55
Bangor,35,55
Swansea,66,55
Cardiff,130,55
Bangor,96,55
Cardiff,127,55
Cardiff,70,55
Swansea,154,55
Bangor,144,55
Bangor,37,55
Newport,86,55
Bangor,47,55
Bangor,29,55
Cardiff,121,55
Swansea,27,55
Swansea,108,55
Swansea,137,55
Cardiff,54,55
Newport,150,55
Cardiff,92,55
Newport,115,55
Cardiff,107,55
Bangor,159,55
Cardiff,118,55
Swansea,33,55
Newport,95,55
Bangor,107,55
Newport,126,55
Swansea,116,55
Newport,182,55
Cardiff,187,55
Bangor,189,55
Swansea,2,55
Swansea,89,55
Bangor,81,55
Newport,81,55
Bangor,69,55
Cardiff,184,55
Cardiff,182,55
Newport,200,55
Cardiff,77,55
Swansea,195,55
Swansea,68,55
Swansea,22,55
Cardiff,46,55
Swansea,30,55
Newport,190,55
Bangor,173,55
Cardiff,125,55
Bangor,60,55
Cardiff,147,55
Swansea,102,55
Cardiff,158,55
Cardiff,80,55
Bangor,199,55
Cardiff,96,55
Newport,13,55
Newport,195,55
Swansea,4,55
Newport,0,55
Bangor,82,55
Bangor,148,55
Newport,87,55
Bangor,75,55
Cardiff,183,55
Cardiff,182,55
Cardiff,83,55
Cardiff,132,55
Swansea,140,55
Cardiff,155,55
Newport,91,55
