City,Quantity,Product_Code
Bangor,192,54
Swansea,191,54
Bangor,46,54
Cardiff,181,54
Bangor,18,54
Swansea,12,54
Bangor,120,54
Swansea,176,54
Bangor,141,54
Swansea,195,54
Newport,145,54
Swansea,29,54
Swansea,123,54
Newport,141,54
Swansea,118,54
Newport,101,54
Cardiff,33,54
Swansea,138,54
Newport,30,54
Cardiff,17,54
Bangor,180,54
Newport,165,54
Newport,193,54
Bangor,40,54
Swansea,119,54
Bangor,130,54
Bangor,86,54
Newport,97,54
Swansea,128,54
Cardiff,175,54
Cardiff,39,54
Bangor,87,54
Swansea,177,54
Bangor,157,54
Swansea,146,54
Newport,64,54
Newport,87,54
Bangor,104,54
Bangor,30,54
Swansea,95,54
Newport,18,54
Newport,67,54
Bangor,17,54
Bangor,194,54
Newport,140,54
Cardiff,175,54
Cardiff,197,54
Bangor,147,54
Cardiff,101,54
Bangor,179,54
Bangor,139,54
Cardiff,200,54
Cardiff,139,54
Newport,117,54
Bangor,151,54
Swansea,10,54
Swansea,187,54
Cardiff,16,54
Bangor,99,54
Bangor,176,54
Cardiff,135,54
Swansea,80,54
Bangor,110,54
Newport,72,54
Swansea,160,54
Swansea,117,54
Cardiff,170,54
Newport,73,54
Swansea,81,54
Swansea,115,54
Bangor,101,54
Bangor,29,54
Cardiff,11,54
Newport,173,54
Cardiff,23,54
Swansea,47,54
Bangor,187,54
Newport,177,54
Swansea,184,54
Cardiff,4,54
Swansea,105,54
Cardiff,198,54
Bangor,198,54
Swansea,45,54
Swansea,172,54
Swansea,87,54
Swansea,111,54
Swansea,193,54
Bangor,112,54
Newport,141,54
Bangor,92,54
Bangor,143,54
Bangor,174,54
Newport,113,54
Swansea,58,54
Newport,174,54
Bangor,116,54
Cardiff,190,54
Newport,154,54
Bangor,144,54
Cardiff,148,54
Cardiff,176,54
Swansea,110,54
Bangor,105,54
Cardiff,78,54
Newport,153,54
Newport,92,54
Cardiff,127,54
Swansea,65,54
Cardiff,39,54
Newport,104,54
Bangor,33,54
Swansea,125,54
Bangor,105,54
Swansea,41,54
Cardiff,106,54
Newport,13,54
Bangor,54,54
Swansea,198,54
Bangor,116,54
Swansea,152,54
Bangor,20,54
Bangor,199,54
Bangor,69,54
Bangor,141,54
Swansea,147,54
Bangor,144,54
Cardiff,25,54
Newport,60,54
Cardiff,144,54
Bangor,127,54
Cardiff,70,54
Swansea,19,54
Cardiff,101,54
Newport,93,54
Bangor,196,54
Swansea,35,54
Cardiff,122,54
Cardiff,85,54
Swansea,108,54
Cardiff,165,54
Newport,141,54
Cardiff,131,54
Swansea,69,54
Bangor,9,54
Bangor,174,54
Cardiff,93,54
Swansea,51,54
Swansea,103,54
Newport,153,54
Cardiff,46,54
Swansea,134,54
Swansea,90,54
Bangor,156,54
Cardiff,102,54
Cardiff,30,54
Swansea,182,54
Bangor,193,54
Cardiff,119,54
Newport,109,54
Bangor,174,54
Bangor,145,54
Newport,123,54
Swansea,56,54
Swansea,139,54
Newport,180,54
Bangor,28,54
Swansea,117,54
Swansea,50,54
Cardiff,28,54
Newport,155,54
Bangor,72,54
Newport,77,54
Swansea,190,54
Swansea,167,54
Swansea,119,54
Bangor,73,54
Bangor,48,54
Swansea,121,54
Bangor,111,54
Newport,178,54
Bangor,188,54
Bangor,145,54
Newport,164,54
Newport,2,54
Swansea,39,54
Swansea,62,54
Cardiff,50,54
Swansea,49,54
Cardiff,189,54
Bangor,40,54
Bangor,138,54
Newport,139,54
Swansea,62,54
Swansea,75,54
Newport,177,54
Cardiff,178,54
Cardiff,90,54
Cardiff,148,54
Bangor,129,54
Bangor,27,54
Cardiff,46,54
Cardiff,130,54
Cardiff,16,54
Swansea,153,54
Swansea,166,54
Bangor,91,54
Bangor,46,54
Bangor,104,54
Cardiff,123,54
Swansea,152,54
Newport,30,54
Cardiff,169,54
Newport,141,54
Swansea,64,54
Bangor,192,54
Cardiff,89,54
Swansea,29,54
Bangor,39,54
Swansea,195,54
Newport,176,54
Bangor,35,54
Cardiff,75,54
Newport,55,54
Bangor,100,54
Swansea,0,54
Swansea,109,54
Newport,35,54
Newport,56,54
Newport,138,54
Swansea,124,54
Cardiff,35,54
Cardiff,26,54
Swansea,102,54
Bangor,20,54
Bangor,112,54
Bangor,182,54
Swansea,174,54
Cardiff,155,54
Newport,67,54
Cardiff,67,54
Cardiff,64,54
Swansea,31,54
Newport,52,54
Newport,128,54
Bangor,113,54
Swansea,11,54
Newport,90,54
Cardiff,26,54
Cardiff,6,54
Swansea,21,54
