City,Quantity,Product_Code
Newport,12,113
Bangor,5,113
Cardiff,13,113
Newport,131,113
Bangor,37,113
Bangor,200,113
Swansea,120,113
Cardiff,4,113
Swansea,81,113
Swansea,107,113
Swansea,37,113
Swansea,41,113
Cardiff,119,113
Swansea,173,113
Swansea,173,113
Bangor,88,113
Swansea,171,113
Cardiff,162,113
Bangor,150,113
Newport,163,113
Swansea,188,113
Bangor,26,113
Newport,90,113
Cardiff,183,113
Swansea,190,113
Newport,82,113
Bangor,127,113
Bangor,16,113
Newport,116,113
Bangor,157,113
Cardiff,52,113
Bangor,1,113
Newport,57,113
Bangor,158,113
Bangor,52,113
Swansea,14,113
Cardiff,38,113
Cardiff,53,113
Newport,75,113
Swansea,86,113
Swansea,52,113
Bangor,95,113
Newport,131,113
Cardiff,36,113
Newport,104,113
Bangor,158,113
Newport,35,113
Swansea,104,113
Bangor,5,113
Cardiff,92,113
Newport,1,113
Bangor,162,113
Swansea,101,113
Cardiff,145,113
Bangor,71,113
Cardiff,41,113
Swansea,157,113
Swansea,8,113
Swansea,125,113
Bangor,88,113
Newport,48,113
Bangor,98,113
Swansea,34,113
Bangor,87,113
Newport,87,113
Newport,14,113
Cardiff,171,113
Newport,126,113
Newport,193,113
Newport,183,113
Cardiff,16,113
Swansea,21,113
Cardiff,179,113
Bangor,170,113
Cardiff,194,113
Cardiff,7,113
Swansea,125,113
Bangor,116,113
Bangor,91,113
Swansea,96,113
Bangor,10,113
Newport,40,113
Bangor,68,113
Newport,158,113
Bangor,92,113
Cardiff,75,113
Cardiff,31,113
Newport,177,113
Newport,40,113
Swansea,39,113
Cardiff,150,113
Swansea,42,113
Swansea,158,113
Swansea,108,113
Bangor,58,113
Newport,115,113
Bangor,38,113
Cardiff,90,113
Swansea,108,113
Bangor,159,113
Cardiff,166,113
Bangor,90,113
Newport,131,113
Swansea,178,113
Swansea,170,113
Newport,146,113
Newport,174,113
Swansea,20,113
Cardiff,172,113
Bangor,145,113
Swansea,114,113
Bangor,152,113
Newport,98,113
Newport,21,113
Newport,139,113
Bangor,71,113
Swansea,4,113
Swansea,144,113
Newport,60,113
Newport,75,113
Swansea,78,113
Cardiff,13,113
Newport,190,113
Swansea,34,113
Bangor,91,113
Swansea,82,113
Newport,43,113
Newport,44,113
Newport,89,113
Swansea,78,113
Newport,100,113
Bangor,145,113
Newport,137,113
Cardiff,117,113
Swansea,28,113
Swansea,35,113
Cardiff,94,113
Cardiff,101,113
Cardiff,59,113
Swansea,172,113
Cardiff,173,113
Newport,81,113
Newport,144,113
Bangor,73,113
Swansea,160,113
Swansea,136,113
Newport,121,113
Bangor,108,113
Swansea,4,113
Cardiff,116,113
Swansea,147,113
Bangor,60,113
Cardiff,51,113
Swansea,33,113
Cardiff,106,113
Bangor,160,113
Bangor,187,113
Swansea,84,113
Cardiff,160,113
Cardiff,172,113
Newport,146,113
Cardiff,112,113
Cardiff,63,113
Newport,87,113
Swansea,84,113
Cardiff,144,113
Cardiff,150,113
Swansea,154,113
Swansea,17,113
Bangor,198,113
Bangor,41,113
Bangor,112,113
Bangor,120,113
Newport,21,113
Newport,123,113
Swansea,14,113
Swansea,8,113
Bangor,22,113
Cardiff,86,113
Bangor,133,113
Newport,142,113
Cardiff,11,113
Cardiff,122,113
Swansea,143,113
Swansea,192,113
Cardiff,108,113
Newport,121,113
Bangor,151,113
Newport,68,113
Cardiff,50,113
Newport,178,113
Cardiff,68,113
Bangor,169,113
Swansea,63,113
Newport,34,113
Newport,191,113
Cardiff,78,113
Newport,137,113
Swansea,64,113
Bangor,45,113
Swansea,99,113
Swansea,34,113
Newport,6,113
Cardiff,181,113
Newport,31,113
Bangor,5,113
Newport,169,113
Bangor,56,113
Newport,142,113
Newport,130,113
Swansea,149,113
Cardiff,192,113
Newport,134,113
Swansea,50,113
Cardiff,53,113
Cardiff,93,113
Swansea,93,113
Bangor,183,113
Cardiff,31,113
Swansea,116,113
Swansea,185,113
Swansea,90,113
Swansea,118,113
Newport,62,113
Newport,59,113
Newport,132,113
Newport,137,113
Newport,62,113
Bangor,43,113
Cardiff,46,113
Bangor,0,113
Cardiff,126,113
Swansea,179,113
Newport,111,113
Cardiff,182,113
Swansea,74,113
Cardiff,112,113
Swansea,140,113
Swansea,160,113
Swansea,58,113
Newport,101,113
Newport,87,113
Swansea,59,113
Bangor,31,113
Swansea,150,113
Bangor,16,113
Newport,47,113
Newport,142,113
Bangor,40,113
Bangor,14,113
Cardiff,156,113
