City,Quantity,Product_Code
Bangor,53,22
Newport,158,22
Swansea,10,22
Cardiff,117,22
Newport,57,22
Newport,196,22
Newport,15,22
Cardiff,185,22
Cardiff,59,22
Newport,34,22
Bangor,24,22
Cardiff,86,22
Newport,80,22
Newport,115,22
Swansea,179,22
Swansea,173,22
Swansea,154,22
Swansea,50,22
Newport,120,22
Newport,110,22
Cardiff,46,22
Cardiff,103,22
Swansea,118,22
Bangor,186,22
Swansea,105,22
Bangor,86,22
Newport,55,22
Swansea,177,22
Cardiff,136,22
Cardiff,90,22
Cardiff,44,22
Cardiff,86,22
Cardiff,169,22
Bangor,99,22
Cardiff,166,22
Bangor,87,22
Bangor,58,22
Bangor,97,22
Cardiff,85,22
Newport,155,22
Cardiff,118,22
Newport,125,22
Newport,157,22
Swansea,158,22
Bangor,32,22
Cardiff,138,22
Swansea,114,22
Newport,52,22
Bangor,76,22
Newport,38,22
Swansea,14,22
Newport,176,22
Swansea,141,22
Cardiff,42,22
Newport,146,22
Cardiff,81,22
Swansea,166,22
Cardiff,131,22
Bangor,176,22
Cardiff,6,22
Swansea,111,22
Cardiff,24,22
Swansea,9,22
Newport,55,22
Newport,174,22
Newport,96,22
Cardiff,161,22
Newport,27,22
Swansea,49,22
Bangor,76,22
Swansea,195,22
Swansea,167,22
Bangor,10,22
Swansea,183,22
Newport,85,22
Cardiff,9,22
Newport,126,22
Cardiff,189,22
Newport,3,22
Bangor,11,22
Cardiff,34,22
Cardiff,42,22
Bangor,197,22
Newport,48,22
Swansea,128,22
Swansea,192,22
Bangor,194,22
Swansea,124,22
Bangor,158,22
Newport,36,22
Swansea,192,22
Newport,192,22
Swansea,152,22
Swansea,198,22
Bangor,169,22
Cardiff,176,22
Swansea,143,22
Newport,145,22
Bangor,136,22
Bangor,28,22
Swansea,88,22
Newport,16,22
Swansea,162,22
Newport,54,22
Cardiff,33,22
Swansea,155,22
Cardiff,105,22
Bangor,4,22
Cardiff,92,22
Newport,181,22
Bangor,52,22
Newport,6,22
Newport,79,22
Swansea,179,22
Newport,24,22
Swansea,146,22
Cardiff,187,22
Swansea,62,22
Swansea,116,22
Swansea,159,22
Newport,10,22
Bangor,11,22
Cardiff,23,22
Cardiff,196,22
Bangor,63,22
Bangor,134,22
Newport,110,22
Newport,94,22
Bangor,116,22
Swansea,125,22
Swansea,1,22
Swansea,152,22
Bangor,48,22
Swansea,197,22
Swansea,156,22
Bangor,192,22
Bangor,146,22
Cardiff,35,22
Cardiff,81,22
Cardiff,198,22
Cardiff,24,22
Swansea,139,22
Bangor,39,22
Bangor,114,22
Newport,82,22
Newport,69,22
Newport,125,22
Bangor,76,22
Cardiff,28,22
Newport,196,22
Newport,59,22
Swansea,1,22
Newport,183,22
Newport,86,22
Newport,24,22
Newport,34,22
Newport,81,22
Bangor,137,22
Cardiff,128,22
Bangor,174,22
Bangor,21,22
Swansea,186,22
Swansea,178,22
Swansea,64,22
Cardiff,20,22
Cardiff,59,22
Cardiff,154,22
Newport,59,22
Newport,11,22
Newport,64,22
Cardiff,134,22
Bangor,53,22
Newport,70,22
Newport,186,22
Cardiff,33,22
Cardiff,3,22
Cardiff,27,22
Bangor,186,22
Newport,47,22
Cardiff,103,22
Cardiff,94,22
Bangor,24,22
Newport,22,22
Swansea,115,22
Newport,144,22
Swansea,128,22
Bangor,135,22
Swansea,68,22
Newport,35,22
Bangor,181,22
Bangor,117,22
Newport,98,22
Cardiff,81,22
Bangor,53,22
Bangor,173,22
Swansea,15,22
Cardiff,6,22
Swansea,94,22
Newport,116,22
Bangor,75,22
Newport,46,22
Newport,123,22
Newport,53,22
Newport,18,22
Bangor,39,22
Bangor,48,22
Bangor,156,22
Bangor,93,22
Cardiff,122,22
Newport,138,22
Bangor,200,22
Swansea,161,22
Cardiff,131,22
Bangor,57,22
Bangor,130,22
Newport,128,22
Newport,47,22
Swansea,94,22
Cardiff,57,22
Swansea,18,22
Cardiff,31,22
Bangor,3,22
Newport,99,22
Cardiff,44,22
Bangor,128,22
Bangor,158,22
Cardiff,59,22
Newport,121,22
Swansea,173,22
Cardiff,93,22
Swansea,66,22
Swansea,169,22
Newport,13,22
Bangor,176,22
Bangor,77,22
Swansea,122,22
Newport,200,22
Cardiff,159,22
Newport,185,22
Cardiff,141,22
Swansea,46,22
Cardiff,0,22
Newport,168,22
Newport,97,22
Bangor,129,22
Cardiff,87,22
Bangor,197,22
Newport,171,22
Swansea,133,22
Newport,87,22
Newport,100,22
