City,Quantity,Product_Code
Newport,110,35
Newport,63,35
Bangor,120,35
Newport,175,35
Bangor,82,35
Bangor,164,35
Cardiff,54,35
Cardiff,40,35
Bangor,55,35
Bangor,123,35
Cardiff,33,35
Cardiff,134,35
Cardiff,99,35
Bangor,4,35
Bangor,10,35
Cardiff,95,35
Swansea,40,35
Swansea,175,35
Swansea,91,35
Swansea,138,35
Cardiff,36,35
Bangor,120,35
Newport,188,35
Swansea,113,35
Newport,151,35
Cardiff,52,35
Bangor,186,35
Swansea,124,35
Swansea,131,35
Bangor,40,35
Bangor,38,35
Cardiff,82,35
Cardiff,20,35
Cardiff,48,35
Bangor,42,35
Swansea,177,35
Bangor,133,35
Bangor,138,35
Cardiff,62,35
Bangor,172,35
Cardiff,66,35
Swansea,83,35
Swansea,50,35
Bangor,153,35
Cardiff,91,35
Newport,36,35
Newport,109,35
Bangor,40,35
Swansea,185,35
Bangor,112,35
Newport,199,35
Swansea,19,35
Bangor,187,35
Swansea,79,35
Bangor,97,35
Bangor,53,35
Cardiff,72,35
Bangor,89,35
Swansea,71,35
Bangor,197,35
Swansea,123,35
Bangor,39,35
Newport,28,35
Bangor,165,35
Bangor,91,35
Swansea,30,35
Cardiff,79,35
Swansea,76,35
Cardiff,191,35
Bangor,28,35
Newport,24,35
Newport,60,35
Newport,115,35
Swansea,77,35
Cardiff,2,35
Cardiff,38,35
Bangor,118,35
Swansea,74,35
Newport,157,35
Newport,159,35
Swansea,84,35
Newport,160,35
Newport,56,35
Newport,133,35
Newport,175,35
Newport,49,35
Newport,136,35
Newport,7,35
Swansea,55,35
Cardiff,82,35
Bangor,124,35
Cardiff,89,35
Newport,58,35
Bangor,185,35
Newport,56,35
Bangor,35,35
Bangor,68,35
Swansea,162,35
Swansea,200,35
Swansea,169,35
Cardiff,110,35
Newport,139,35
Newport,184,35
Cardiff,107,35
Bangor,109,35
Swansea,161,35
Swansea,75,35
Bangor,120,35
Bangor,11,35
Swansea,20,35
Swansea,119,35
Swansea,14,35
Newport,63,35
Bangor,118,35
Swansea,18,35
Swansea,50,35
Bangor,106,35
Bangor,199,35
Newport,200,35
Newport,152,35
Bangor,156,35
Cardiff,87,35
Swansea,156,35
Newport,60,35
Cardiff,136,35
Cardiff,194,35
Swansea,110,35
Swansea,5,35
Swansea,136,35
Newport,36,35
Newport,155,35
Cardiff,27,35
Swansea,52,35
Bangor,101,35
Cardiff,139,35
Newport,20,35
Cardiff,17,35
Swansea,106,35
Bangor,64,35
Newport,105,35
Cardiff,94,35
Cardiff,104,35
Cardiff,29,35
Newport,159,35
Newport,192,35
Cardiff,140,35
Newport,149,35
Bangor,134,35
Swansea,74,35
Swansea,111,35
Bangor,11,35
Cardiff,91,35
Cardiff,36,35
Newport,72,35
Bangor,112,35
Cardiff,140,35
Newport,103,35
Newport,124,35
Cardiff,110,35
Cardiff,69,35
Cardiff,166,35
Bangor,178,35
Newport,176,35
Bangor,89,35
Cardiff,53,35
Newport,13,35
Cardiff,198,35
Bangor,120,35
Swansea,164,35
Cardiff,152,35
Cardiff,107,35
Bangor,20,35
Newport,172,35
Newport,151,35
Swansea,148,35
Cardiff,22,35
Cardiff,166,35
Bangor,28,35
Bangor,0,35
Newport,87,35
Cardiff,28,35
Bangor,117,35
Cardiff,159,35
Cardiff,87,35
Newport,149,35
Bangor,79,35
Newport,135,35
Swansea,190,35
Cardiff,177,35
Swansea,181,35
Swansea,104,35
Cardiff,10,35
Cardiff,123,35
Bangor,99,35
Bangor,61,35
Swansea,98,35
Newport,187,35
Bangor,121,35
Cardiff,10,35
Bangor,15,35
Bangor,39,35
Bangor,124,35
Swansea,183,35
Bangor,75,35
Newport,130,35
Swansea,30,35
Bangor,34,35
Cardiff,177,35
Newport,131,35
Bangor,33,35
Cardiff,93,35
Newport,176,35
Cardiff,146,35
Cardiff,181,35
Newport,160,35
Bangor,48,35
Newport,25,35
Newport,194,35
Cardiff,123,35
Swansea,126,35
Cardiff,102,35
Bangor,191,35
Bangor,68,35
Cardiff,17,35
Swansea,107,35
Swansea,6,35
Newport,101,35
Newport,79,35
Newport,169,35
Swansea,94,35
Bangor,173,35
Swansea,119,35
Bangor,62,35
Bangor,21,35
Newport,169,35
Cardiff,6,35
Swansea,24,35
Bangor,184,35
Swansea,150,35
Newport,126,35
Newport,36,35
Bangor,64,35
Cardiff,181,35
Newport,187,35
Cardiff,198,35
Newport,116,35
Newport,60,35
Newport,145,35
Swansea,149,35
Cardiff,122,35
Swansea,46,35
