City,Quantity,Product_Code
Cardiff,162,5
Newport,16,5
Cardiff,145,5
Swansea,141,5
Bangor,31,5
Newport,91,5
Bangor,82,5
Newport,152,5
Bangor,185,5
Swansea,83,5
Bangor,55,5
Swansea,125,5
Swansea,31,5
Cardiff,143,5
Bangor,21,5
Bangor,61,5
Newport,92,5
Newport,61,5
Swansea,172,5
Newport,150,5
Cardiff,54,5
Cardiff,44,5
Bangor,23,5
Newport,130,5
Bangor,66,5
Cardiff,27,5
Swansea,45,5
Bangor,1,5
Bangor,31,5
Cardiff,44,5
Newport,181,5
Swansea,183,5
Swansea,181,5
Swansea,194,5
Bangor,167,5
Swansea,124,5
Cardiff,140,5
Newport,42,5
Cardiff,11,5
Cardiff,99,5
Newport,102,5
Cardiff,71,5
Newport,143,5
Swansea,16,5
Swansea,67,5
Swansea,32,5
Cardiff,169,5
Swansea,72,5
Cardiff,2,5
Bangor,134,5
Newport,107,5
Cardiff,30,5
Swansea,172,5
Swansea,190,5
Bangor,15,5
Swansea,188,5
Swansea,56,5
Cardiff,174,5
Cardiff,174,5
Bangor,45,5
Bangor,113,5
Cardiff,20,5
Newport,193,5
Bangor,84,5
Cardiff,122,5
Cardiff,181,5
Swansea,63,5
Cardiff,94,5
Cardiff,28,5
Cardiff,125,5
Cardiff,42,5
Bangor,104,5
Cardiff,132,5
Swansea,184,5
Bangor,89,5
Newport,37,5
Cardiff,44,5
Swansea,126,5
Swansea,113,5
Cardiff,168,5
Cardiff,80,5
Bangor,168,5
Bangor,145,5
Cardiff,100,5
Newport,147,5
Newport,155,5
Cardiff,172,5
Bangor,36,5
Swansea,85,5
Newport,126,5
Swansea,31,5
Newport,110,5
Newport,160,5
Cardiff,128,5
Newport,153,5
Newport,168,5
Swansea,101,5
Cardiff,125,5
Bangor,189,5
Bangor,65,5
Newport,122,5
Cardiff,72,5
Newport,94,5
Cardiff,108,5
Cardiff,168,5
Cardiff,83,5
Newport,29,5
Newport,14,5
Newport,115,5
Swansea,158,5
Swansea,137,5
Swansea,75,5
Bangor,65,5
Newport,0,5
Newport,70,5
Cardiff,86,5
Cardiff,61,5
Bangor,7,5
Cardiff,73,5
Bangor,127,5
Bangor,104,5
Bangor,138,5
Bangor,22,5
Newport,1,5
Cardiff,182,5
Swansea,76,5
Swansea,128,5
Swansea,32,5
Cardiff,81,5
Newport,157,5
Newport,170,5
Swansea,93,5
Cardiff,190,5
Bangor,79,5
Bangor,143,5
Newport,66,5
Cardiff,69,5
Swansea,121,5
Cardiff,130,5
Bangor,175,5
Swansea,4,5
Cardiff,193,5
Cardiff,183,5
Cardiff,144,5
Newport,85,5
Newport,189,5
Cardiff,184,5
Bangor,169,5
Cardiff,137,5
Newport,179,5
Newport,5,5
Newport,190,5
Swansea,25,5
Newport,52,5
Cardiff,105,5
Bangor,104,5
Bangor,171,5
Swansea,99,5
Bangor,78,5
Swansea,179,5
Cardiff,131,5
Bangor,120,5
Cardiff,140,5
Swansea,37,5
Swansea,55,5
Newport,163,5
Newport,28,5
Newport,152,5
Bangor,94,5
Newport,19,5
Swansea,77,5
Bangor,195,5
Swansea,167,5
Newport,42,5
Swansea,5,5
Cardiff,168,5
Newport,117,5
Cardiff,5,5
Bangor,18,5
Swansea,190,5
Newport,32,5
Bangor,45,5
Cardiff,88,5
Cardiff,28,5
Newport,30,5
Cardiff,128,5
Newport,157,5
Swansea,54,5
Cardiff,130,5
Bangor,123,5
Newport,24,5
Newport,43,5
Cardiff,9,5
Newport,168,5
Swansea,4,5
Bangor,13,5
Bangor,59,5
Newport,54,5
Bangor,4,5
Newport,198,5
Newport,20,5
Newport,142,5
Newport,39,5
Cardiff,148,5
Newport,180,5
Cardiff,22,5
Swansea,60,5
Cardiff,30,5
Newport,21,5
Bangor,120,5
Cardiff,60,5
Newport,99,5
Cardiff,144,5
Bangor,114,5
Cardiff,118,5
Cardiff,138,5
Swansea,160,5
Cardiff,39,5
Newport,29,5
Swansea,76,5
Cardiff,58,5
Cardiff,39,5
Newport,5,5
Newport,191,5
Cardiff,197,5
Newport,18,5
Cardiff,188,5
Newport,162,5
Bangor,125,5
Swansea,12,5
Newport,64,5
Bangor,88,5
Swansea,48,5
Swansea,169,5
Cardiff,30,5
Cardiff,80,5
Bangor,50,5
Newport,190,5
Swansea,132,5
Bangor,8,5
Cardiff,70,5
Bangor,19,5
Newport,83,5
Bangor,108,5
Newport,5,5
Newport,56,5
Swansea,117,5
Cardiff,159,5
Cardiff,58,5
Cardiff,19,5
Swansea,138,5
