City,Quantity,Product_Code
Swansea,149,156
Newport,41,156
Bangor,5,156
Cardiff,13,156
Bangor,38,156
Cardiff,62,156
Bangor,14,156
Bangor,123,156
Cardiff,86,156
Cardiff,146,156
Newport,113,156
Swansea,182,156
Bangor,188,156
Newport,25,156
Newport,102,156
Cardiff,61,156
Bangor,139,156
Swansea,161,156
Swansea,137,156
Cardiff,125,156
Swansea,76,156
Cardiff,182,156
Newport,111,156
Newport,7,156
Swansea,162,156
Bangor,100,156
Swansea,76,156
Newport,20,156
Bangor,191,156
Newport,172,156
Bangor,57,156
Swansea,100,156
Bangor,76,156
Newport,3,156
Newport,145,156
Cardiff,19,156
Cardiff,185,156
Newport,99,156
Newport,32,156
Newport,180,156
Swansea,30,156
Newport,53,156
Cardiff,39,156
Swansea,173,156
Bangor,151,156
Cardiff,141,156
Newport,128,156
Cardiff,10,156
Swansea,195,156
Bangor,104,156
Newport,23,156
Swansea,75,156
Newport,134,156
Cardiff,146,156
Bangor,21,156
Cardiff,62,156
Swansea,138,156
Swansea,38,156
Cardiff,4,156
Bangor,176,156
Newport,154,156
Newport,98,156
Cardiff,112,156
Cardiff,38,156
Newport,49,156
Bangor,137,156
Cardiff,180,156
Cardiff,126,156
Swansea,169,156
Swansea,163,156
Cardiff,2,156
Bangor,77,156
Cardiff,47,156
Cardiff,135,156
Newport,169,156
Bangor,176,156
Cardiff,141,156
Bangor,8,156
Swansea,139,156
Cardiff,66,156
Newport,25,156
Swansea,165,156
Bangor,65,156
Bangor,170,156
Cardiff,67,156
Cardiff,173,156
Swansea,143,156
Newport,82,156
Newport,44,156
Cardiff,30,156
Newport,82,156
Cardiff,156,156
Bangor,76,156
Newport,136,156
Bangor,0,156
Cardiff,54,156
Swansea,33,156
Cardiff,105,156
Newport,41,156
Bangor,130,156
Cardiff,112,156
Swansea,113,156
Swansea,81,156
Bangor,22,156
Swansea,123,156
Cardiff,96,156
Newport,124,156
Bangor,136,156
Bangor,91,156
Bangor,166,156
Bangor,92,156
Swansea,18,156
Bangor,143,156
Cardiff,119,156
Swansea,184,156
Swansea,38,156
Cardiff,197,156
Bangor,35,156
Cardiff,105,156
Bangor,76,156
Bangor,90,156
Cardiff,157,156
Bangor,88,156
Swansea,90,156
Swansea,25,156
Cardiff,122,156
Bangor,141,156
Bangor,115,156
Bangor,53,156
Bangor,141,156
Bangor,96,156
Swansea,90,156
Newport,111,156
Cardiff,34,156
Swansea,90,156
Newport,133,156
Swansea,169,156
Swansea,89,156
Swansea,70,156
Bangor,171,156
Newport,176,156
Cardiff,62,156
Swansea,127,156
Swansea,135,156
Bangor,89,156
Bangor,187,156
Bangor,81,156
Swansea,46,156
Newport,124,156
Bangor,90,156
Newport,8,156
Bangor,160,156
Newport,6,156
Swansea,155,156
Cardiff,86,156
Cardiff,166,156
Bangor,6,156
Newport,186,156
Bangor,152,156
Newport,146,156
Swansea,196,156
Bangor,11,156
Swansea,113,156
Swansea,40,156
Cardiff,12,156
Bangor,194,156
Newport,25,156
Bangor,192,156
Cardiff,117,156
Newport,137,156
Bangor,44,156
Swansea,60,156
Newport,123,156
Swansea,16,156
Bangor,154,156
Bangor,73,156
Cardiff,59,156
Swansea,92,156
Bangor,179,156
Newport,24,156
Cardiff,82,156
Swansea,88,156
Newport,103,156
Newport,129,156
Bangor,198,156
Swansea,8,156
Cardiff,92,156
Cardiff,105,156
Bangor,103,156
Newport,131,156
Bangor,110,156
Bangor,184,156
Cardiff,112,156
Newport,184,156
Bangor,83,156
Swansea,50,156
Swansea,20,156
Cardiff,147,156
Cardiff,3,156
Bangor,82,156
Bangor,25,156
Newport,12,156
Bangor,19,156
Newport,113,156
Swansea,185,156
Bangor,18,156
Newport,108,156
Swansea,90,156
Cardiff,109,156
Bangor,57,156
Newport,10,156
Bangor,61,156
Swansea,149,156
Swansea,117,156
Cardiff,16,156
Cardiff,54,156
Newport,124,156
Newport,125,156
Newport,127,156
Bangor,178,156
Bangor,156,156
Cardiff,79,156
Cardiff,181,156
Swansea,106,156
Cardiff,34,156
Newport,86,156
Newport,145,156
Newport,160,156
Swansea,116,156
Cardiff,159,156
Cardiff,130,156
Newport,156,156
Cardiff,22,156
Cardiff,85,156
Cardiff,108,156
Bangor,172,156
Swansea,53,156
Cardiff,36,156
Newport,145,156
Newport,97,156
Newport,171,156
Newport,1,156
Bangor,50,156
Bangor,20,156
Swansea,8,156
Newport,7,156
Swansea,156,156
Bangor,32,156
Cardiff,171,156
Cardiff,100,156
Bangor,141,156
