City,Quantity,Product_Code
Swansea,162,19
Newport,1,19
Cardiff,115,19
Newport,133,19
Cardiff,136,19
Swansea,142,19
Bangor,150,19
Bangor,73,19
Newport,59,19
Newport,76,19
Cardiff,31,19
Cardiff,58,19
Swansea,7,19
Swansea,67,19
Bangor,10,19
Swansea,68,19
Bangor,197,19
Swansea,46,19
Cardiff,140,19
Swansea,155,19
Newport,107,19
Cardiff,146,19
Cardiff,153,19
Cardiff,186,19
Cardiff,167,19
Bangor,128,19
Swansea,200,19
Bangor,162,19
Cardiff,13,19
Newport,2,19
Bangor,44,19
Cardiff,71,19
Cardiff,69,19
Swansea,58,19
Newport,78,19
Newport,128,19
Swansea,96,19
Newport,92,19
Swansea,182,19
Newport,162,19
Swansea,148,19
Newport,89,19
Swansea,15,19
Bangor,37,19
Newport,153,19
Cardiff,128,19
Swansea,118,19
Cardiff,151,19
Cardiff,131,19
Cardiff,198,19
Cardiff,111,19
Newport,153,19
Newport,168,19
Newport,145,19
Cardiff,58,19
Cardiff,95,19
Swansea,156,19
Bangor,8,19
Newport,52,19
Cardiff,133,19
Swansea,119,19
Swansea,175,19
Cardiff,43,19
Cardiff,183,19
Bangor,14,19
Bangor,123,19
Cardiff,190,19
Bangor,83,19
Cardiff,156,19
Cardiff,135,19
Cardiff,68,19
Swansea,60,19
Swansea,155,19
Bangor,196,19
Swansea,65,19
Newport,182,19
Newport,108,19
Swansea,185,19
Newport,36,19
Newport,44,19
Swansea,88,19
Cardiff,30,19
Swansea,5,19
Swansea,132,19
Newport,52,19
Swansea,183,19
Bangor,69,19
Cardiff,155,19
Bangor,187,19
Bangor,192,19
Cardiff,160,19
Cardiff,186,19
Bangor,191,19
Bangor,189,19
Bangor,72,19
Bangor,51,19
Bangor,129,19
Bangor,19,19
Cardiff,176,19
Cardiff,84,19
Swansea,3,19
Newport,131,19
Bangor,79,19
Bangor,156,19
Bangor,49,19
Bangor,80,19
Swansea,176,19
Newport,155,19
Cardiff,139,19
Bangor,153,19
Swansea,75,19
Cardiff,45,19
Swansea,112,19
Bangor,16,19
Newport,1,19
Bangor,178,19
Swansea,165,19
Cardiff,171,19
Cardiff,129,19
Bangor,28,19
Newport,162,19
Swansea,26,19
Swansea,10,19
Bangor,18,19
Cardiff,186,19
Newport,86,19
Cardiff,146,19
Newport,158,19
Swansea,32,19
Swansea,21,19
Swansea,20,19
Swansea,173,19
Newport,74,19
Bangor,161,19
Cardiff,0,19
Cardiff,135,19
Bangor,141,19
Cardiff,138,19
Cardiff,91,19
Newport,29,19
Cardiff,64,19
Cardiff,6,19
Newport,160,19
Swansea,73,19
Cardiff,60,19
Newport,68,19
Bangor,87,19
Swansea,143,19
Swansea,1,19
Swansea,5,19
Bangor,128,19
Bangor,194,19
Cardiff,164,19
Bangor,83,19
Cardiff,147,19
Bangor,46,19
Cardiff,149,19
Cardiff,20,19
Swansea,10,19
Cardiff,156,19
Swansea,37,19
Cardiff,0,19
Bangor,55,19
Cardiff,164,19
Bangor,160,19
Newport,22,19
Swansea,29,19
Newport,64,19
Cardiff,149,19
Swansea,92,19
Newport,48,19
Newport,104,19
Newport,60,19
Bangor,45,19
Swansea,135,19
Cardiff,121,19
Bangor,168,19
Newport,178,19
Bangor,19,19
Cardiff,116,19
Swansea,114,19
Bangor,103,19
Newport,25,19
Bangor,95,19
Swansea,138,19
Swansea,14,19
Swansea,182,19
Newport,20,19
Cardiff,47,19
Cardiff,162,19
Swansea,112,19
Bangor,4,19
Newport,64,19
Cardiff,150,19
Newport,28,19
Bangor,50,19
Newport,118,19
Newport,113,19
Swansea,165,19
Bangor,87,19
Bangor,22,19
Newport,63,19
Cardiff,141,19
Bangor,32,19
Cardiff,53,19
Newport,80,19
Swansea,179,19
Bangor,44,19
Cardiff,47,19
Cardiff,189,19
Swansea,90,19
Newport,165,19
Swansea,199,19
Swansea,26,19
Swansea,152,19
Cardiff,113,19
Bangor,187,19
Bangor,41,19
Newport,100,19
Bangor,162,19
Swansea,193,19
Cardiff,147,19
Newport,179,19
Newport,181,19
Newport,110,19
Newport,183,19
Newport,155,19
Swansea,168,19
Swansea,96,19
Cardiff,94,19
Swansea,135,19
Bangor,186,19
Newport,161,19
Swansea,180,19
Cardiff,66,19
Bangor,144,19
Swansea,172,19
Bangor,92,19
Cardiff,141,19
Newport,5,19
Bangor,21,19
Swansea,113,19
Swansea,184,19
Newport,7,19
Bangor,16,19
Cardiff,8,19
Swansea,161,19
Newport,186,19
Cardiff,32,19
Cardiff,32,19
Swansea,24,19
