City,Quantity,Product_Code
Newport,9,169
Bangor,7,169
Cardiff,37,169
Bangor,134,169
Swansea,16,169
Cardiff,124,169
Newport,51,169
Newport,19,169
Bangor,5,169
Cardiff,151,169
Swansea,7,169
Swansea,186,169
Newport,3,169
Cardiff,142,169
Bangor,51,169
Bangor,71,169
Newport,135,169
Swansea,146,169
Newport,97,169
Newport,78,169
Cardiff,145,169
Swansea,30,169
Newport,17,169
Cardiff,81,169
Bangor,137,169
Cardiff,8,169
Cardiff,186,169
Bangor,31,169
Cardiff,199,169
Bangor,199,169
Swansea,144,169
Bangor,68,169
Swansea,77,169
Bangor,176,169
Cardiff,189,169
Newport,114,169
Bangor,25,169
Cardiff,23,169
Cardiff,185,169
Newport,18,169
Newport,26,169
Bangor,80,169
Newport,58,169
Cardiff,57,169
Newport,198,169
Cardiff,87,169
Cardiff,51,169
Bangor,17,169
Bangor,65,169
Newport,32,169
Swansea,113,169
Cardiff,45,169
Bangor,73,169
Cardiff,86,169
Swansea,19,169
Cardiff,164,169
Cardiff,199,169
Swansea,162,169
Newport,3,169
Bangor,27,169
Swansea,32,169
Bangor,184,169
Newport,161,169
Cardiff,67,169
Swansea,85,169
Cardiff,175,169
Swansea,175,169
Swansea,198,169
Swansea,114,169
Bangor,156,169
Bangor,177,169
Bangor,38,169
Bangor,164,169
Swansea,177,169
Bangor,29,169
Bangor,152,169
Swansea,31,169
Swansea,50,169
Bangor,80,169
Cardiff,11,169
Newport,193,169
Newport,149,169
Newport,42,169
Newport,102,169
Swansea,147,169
Newport,146,169
Swansea,161,169
Swansea,199,169
Bangor,172,169
Bangor,56,169
Swansea,164,169
Swansea,151,169
Newport,189,169
Newport,176,169
Newport,120,169
Newport,156,169
Bangor,176,169
Newport,156,169
Bangor,134,169
Cardiff,64,169
Newport,174,169
Bangor,103,169
Cardiff,125,169
Newport,132,169
Bangor,170,169
Cardiff,70,169
Newport,75,169
Swansea,44,169
Cardiff,106,169
Swansea,7,169
Newport,155,169
Cardiff,197,169
Cardiff,40,169
Cardiff,134,169
Cardiff,191,169
Swansea,29,169
Newport,147,169
Swansea,9,169
Newport,147,169
Newport,14,169
Newport,42,169
Bangor,9,169
Bangor,80,169
Cardiff,182,169
Swansea,147,169
Bangor,169,169
Swansea,90,169
Newport,140,169
Swansea,119,169
Swansea,47,169
Cardiff,117,169
Cardiff,21,169
Cardiff,145,169
Bangor,192,169
Newport,131,169
Cardiff,46,169
Newport,152,169
Newport,79,169
Bangor,93,169
Swansea,167,169
Newport,88,169
Cardiff,161,169
Newport,45,169
Cardiff,10,169
Newport,121,169
Bangor,155,169
Newport,13,169
Swansea,32,169
Cardiff,160,169
Cardiff,33,169
Swansea,77,169
Newport,165,169
Bangor,62,169
Newport,128,169
Cardiff,21,169
Bangor,105,169
Bangor,37,169
Swansea,0,169
Swansea,15,169
Bangor,15,169
Bangor,161,169
Bangor,21,169
Newport,105,169
Cardiff,17,169
Cardiff,160,169
Swansea,176,169
Swansea,62,169
Bangor,25,169
Cardiff,177,169
Bangor,174,169
Bangor,9,169
Newport,160,169
Cardiff,18,169
Newport,56,169
Cardiff,179,169
Cardiff,135,169
Swansea,130,169
Bangor,193,169
Swansea,5,169
Newport,82,169
Newport,36,169
Bangor,7,169
Bangor,100,169
Swansea,19,169
Bangor,57,169
Swansea,169,169
Newport,186,169
Bangor,199,169
Swansea,51,169
Bangor,145,169
Cardiff,142,169
Newport,151,169
Swansea,93,169
Newport,169,169
Cardiff,193,169
Newport,35,169
Newport,3,169
Bangor,197,169
Swansea,165,169
Newport,153,169
Bangor,162,169
Bangor,191,169
Swansea,52,169
Bangor,161,169
Newport,138,169
Bangor,69,169
Cardiff,176,169
Cardiff,44,169
Swansea,102,169
Newport,11,169
Bangor,41,169
Newport,128,169
Bangor,55,169
Cardiff,157,169
Cardiff,66,169
Cardiff,22,169
Swansea,9,169
Bangor,112,169
Cardiff,6,169
Swansea,67,169
Swansea,166,169
Newport,123,169
Cardiff,197,169
Cardiff,158,169
Bangor,185,169
Swansea,149,169
Cardiff,149,169
Newport,144,169
Newport,99,169
Cardiff,92,169
Cardiff,74,169
Cardiff,124,169
Swansea,172,169
Bangor,156,169
Cardiff,190,169
Cardiff,58,169
Newport,193,169
Cardiff,106,169
Swansea,4,169
Swansea,154,169
Newport,120,169
Newport,82,169
Cardiff,46,169
Newport,69,169
Newport,129,169
Bangor,167,169
Newport,67,169
Swansea,138,169
Bangor,65,169
Newport,186,169
Bangor,82,169
