City,Quantity,Product_Code
Swansea,51,130
Swansea,197,130
Newport,119,130
Bangor,62,130
Cardiff,125,130
Swansea,22,130
Newport,117,130
Bangor,109,130
Swansea,129,130
Newport,42,130
Bangor,84,130
Newport,108,130
Newport,114,130
Swansea,43,130
Cardiff,198,130
Swansea,97,130
Bangor,15,130
Swansea,176,130
Cardiff,11,130
Swansea,76,130
Swansea,160,130
Swansea,142,130
Bangor,58,130
Cardiff,134,130
Swansea,32,130
Swansea,97,130
Swansea,180,130
Swansea,15,130
Swansea,162,130
Newport,191,130
Cardiff,182,130
Bangor,27,130
Swansea,99,130
Newport,142,130
Swansea,138,130
Bangor,148,130
Swansea,79,130
Newport,176,130
Newport,147,130
Newport,81,130
Swansea,82,130
Cardiff,198,130
Newport,58,130
Cardiff,123,130
Bangor,63,130
Bangor,174,130
Cardiff,46,130
Newport,2,130
Cardiff,3,130
Swansea,57,130
Newport,68,130
Cardiff,36,130
Swansea,104,130
Newport,126,130
Cardiff,129,130
Newport,28,130
Swansea,104,130
Newport,67,130
Bangor,151,130
Newport,139,130
Swansea,89,130
Cardiff,57,130
Cardiff,156,130
Cardiff,147,130
Bangor,97,130
Cardiff,119,130
Newport,106,130
Swansea,38,130
Newport,94,130
Newport,111,130
Bangor,128,130
Bangor,190,130
Newport,24,130
Newport,145,130
Swansea,43,130
Cardiff,54,130
Swansea,56,130
Swansea,15,130
Newport,89,130
Bangor,147,130
Swansea,165,130
Newport,65,130
Swansea,182,130
Cardiff,20,130
Bangor,181,130
Cardiff,60,130
Cardiff,153,130
Cardiff,183,130
Bangor,86,130
Newport,172,130
Newport,97,130
Newport,105,130
Newport,131,130
Newport,193,130
Bangor,24,130
Swansea,173,130
Swansea,83,130
Cardiff,145,130
Bangor,9,130
Newport,99,130
Bangor,127,130
Newport,38,130
Bangor,14,130
Cardiff,106,130
Newport,37,130
Bangor,116,130
Bangor,54,130
Swansea,148,130
Newport,27,130
Newport,180,130
Cardiff,106,130
Cardiff,161,130
Bangor,165,130
Newport,12,130
Cardiff,174,130
Newport,179,130
Cardiff,154,130
Newport,12,130
Bangor,101,130
Newport,90,130
Cardiff,30,130
Newport,92,130
Newport,0,130
Newport,62,130
Swansea,89,130
Swansea,57,130
Swansea,107,130
Swansea,62,130
Bangor,57,130
Bangor,78,130
Swansea,11,130
Bangor,65,130
Bangor,120,130
Swansea,143,130
Bangor,98,130
Bangor,56,130
Swansea,169,130
Bangor,31,130
Swansea,141,130
Swansea,14,130
Newport,129,130
Newport,30,130
Newport,87,130
Bangor,187,130
Swansea,179,130
Newport,159,130
Cardiff,165,130
Bangor,21,130
Cardiff,87,130
Bangor,155,130
Newport,199,130
Cardiff,199,130
Bangor,198,130
Newport,180,130
Cardiff,71,130
Newport,146,130
Bangor,49,130
Bangor,99,130
Cardiff,130,130
Swansea,106,130
Cardiff,73,130
Bangor,8,130
Bangor,161,130
Cardiff,63,130
Cardiff,147,130
Bangor,168,130
Newport,19,130
Bangor,119,130
Swansea,178,130
Newport,166,130
Newport,75,130
Bangor,177,130
Swansea,179,130
Bangor,18,130
Bangor,50,130
Newport,79,130
Newport,173,130
Newport,114,130
Cardiff,3,130
Bangor,162,130
Bangor,130,130
Bangor,105,130
Bangor,191,130
Cardiff,189,130
Cardiff,159,130
Newport,66,130
Cardiff,13,130
Cardiff,109,130
Swansea,6,130
Newport,83,130
Swansea,54,130
Cardiff,152,130
Swansea,1,130
Cardiff,152,130
Cardiff,39,130
Cardiff,82,130
Cardiff,15,130
Newport,138,130
Cardiff,14,130
Cardiff,49,130
Swansea,4,130
Swansea,92,130
Swansea,86,130
Bangor,142,130
Newport,16,130
Newport,90,130
Swansea,118,130
Bangor,58,130
Swansea,9,130
Bangor,52,130
Swansea,56,130
Swansea,190,130
Bangor,91,130
Bangor,126,130
Cardiff,7,130
Newport,28,130
Newport,37,130
Cardiff,26,130
Cardiff,146,130
Newport,167,130
Cardiff,72,130
Swansea,66,130
Newport,198,130
Newport,143,130
Newport,46,130
Cardiff,45,130
Bangor,123,130
Bangor,119,130
Cardiff,25,130
Swansea,147,130
Newport,27,130
Cardiff,8,130
Newport,40,130
Swansea,170,130
Bangor,160,130
Cardiff,4,130
Newport,131,130
Swansea,178,130
Bangor,100,130
Swansea,192,130
Cardiff,192,130
Cardiff,20,130
Swansea,113,130
Bangor,66,130
Swansea,98,130
Newport,196,130
Cardiff,10,130
Newport,1,130
Newport,11,130
Newport,44,130
Swansea,195,130
