City,Quantity,Product_Code
Bangor,28,170
Swansea,176,170
Cardiff,15,170
Swansea,100,170
Cardiff,59,170
Cardiff,89,170
Cardiff,130,170
Bangor,176,170
Newport,160,170
Bangor,67,170
Bangor,6,170
Bangor,150,170
Cardiff,137,170
Cardiff,141,170
Cardiff,102,170
Cardiff,6,170
Cardiff,100,170
Newport,67,170
Cardiff,195,170
Swansea,95,170
Bangor,190,170
Swansea,85,170
Cardiff,129,170
Swansea,153,170
Bangor,148,170
Newport,151,170
Swansea,181,170
Swansea,128,170
Bangor,0,170
Bangor,43,170
Cardiff,110,170
Bangor,75,170
Cardiff,191,170
Newport,38,170
Newport,118,170
Swansea,200,170
Newport,15,170
Swansea,20,170
Newport,58,170
Bangor,157,170
Swansea,118,170
Cardiff,130,170
Swansea,125,170
Bangor,30,170
Bangor,200,170
Cardiff,184,170
Bangor,96,170
Cardiff,11,170
Newport,160,170
Newport,18,170
Bangor,115,170
Bangor,106,170
Newport,48,170
Cardiff,0,170
Newport,72,170
Newport,35,170
Bangor,157,170
Cardiff,60,170
Newport,160,170
Newport,72,170
Newport,72,170
Bangor,25,170
Bangor,155,170
Bangor,153,170
Newport,169,170
Swansea,61,170
Bangor,8,170
Cardiff,34,170
Cardiff,13,170
Newport,54,170
Swansea,52,170
Bangor,79,170
Newport,161,170
Newport,44,170
Cardiff,182,170
Newport,109,170
Swansea,160,170
Bangor,136,170
Newport,186,170
Swansea,188,170
Cardiff,4,170
Cardiff,179,170
Bangor,134,170
Swansea,44,170
Swansea,60,170
Cardiff,132,170
Cardiff,133,170
Swansea,172,170
Newport,158,170
Cardiff,116,170
Bangor,41,170
Swansea,177,170
Newport,20,170
Bangor,16,170
Bangor,65,170
Swansea,129,170
Bangor,175,170
Newport,154,170
Swansea,143,170
Swansea,141,170
Swansea,14,170
Bangor,37,170
Swansea,36,170
Cardiff,94,170
Newport,37,170
Newport,15,170
Newport,177,170
Cardiff,15,170
Bangor,108,170
Cardiff,74,170
Cardiff,192,170
Newport,5,170
Bangor,19,170
Newport,34,170
Newport,101,170
Swansea,158,170
Bangor,178,170
Newport,125,170
Bangor,17,170
Newport,131,170
Bangor,190,170
Swansea,154,170
Newport,102,170
Newport,117,170
Newport,177,170
Swansea,89,170
Newport,48,170
Bangor,82,170
Newport,14,170
Newport,185,170
Newport,122,170
Bangor,153,170
Bangor,3,170
Swansea,131,170
Cardiff,136,170
Newport,191,170
Newport,79,170
Cardiff,134,170
Newport,180,170
Bangor,102,170
Newport,172,170
Swansea,38,170
Swansea,135,170
Bangor,178,170
Newport,83,170
Bangor,109,170
Bangor,181,170
Swansea,142,170
Newport,70,170
Cardiff,40,170
Bangor,169,170
Newport,12,170
Swansea,67,170
Newport,135,170
Newport,73,170
Swansea,94,170
Bangor,98,170
Newport,160,170
Bangor,149,170
Newport,151,170
Swansea,171,170
Cardiff,185,170
Bangor,51,170
Cardiff,40,170
Bangor,12,170
Bangor,173,170
Swansea,45,170
Newport,2,170
Newport,97,170
Cardiff,32,170
Newport,101,170
Cardiff,171,170
Bangor,10,170
Newport,195,170
Cardiff,172,170
Bangor,7,170
Cardiff,48,170
Bangor,13,170
Bangor,119,170
Bangor,85,170
Cardiff,158,170
Bangor,13,170
Swansea,46,170
Cardiff,157,170
Cardiff,165,170
Bangor,138,170
Newport,102,170
Swansea,101,170
Cardiff,170,170
Newport,149,170
Cardiff,47,170
Bangor,28,170
Swansea,30,170
Cardiff,120,170
Swansea,182,170
Newport,32,170
Newport,91,170
Swansea,96,170
Swansea,115,170
Cardiff,175,170
Swansea,183,170
Bangor,36,170
Newport,135,170
Cardiff,162,170
Cardiff,42,170
Newport,119,170
Cardiff,13,170
Swansea,160,170
Bangor,115,170
Bangor,194,170
Cardiff,29,170
Cardiff,190,170
Swansea,1,170
Swansea,179,170
Cardiff,108,170
Bangor,78,170
Bangor,59,170
Bangor,196,170
Bangor,161,170
Bangor,156,170
Swansea,60,170
Swansea,5,170
Swansea,16,170
Bangor,109,170
Cardiff,16,170
Bangor,147,170
Newport,27,170
Swansea,9,170
Bangor,50,170
Cardiff,178,170
Newport,32,170
Cardiff,113,170
Cardiff,116,170
Bangor,61,170
Cardiff,194,170
Bangor,65,170
Newport,53,170
Cardiff,144,170
Bangor,118,170
Bangor,109,170
Bangor,156,170
Newport,165,170
Cardiff,34,170
Cardiff,40,170
Bangor,74,170
Bangor,167,170
Cardiff,1,170
Swansea,95,170
Bangor,47,170
Cardiff,49,170
Newport,111,170
