City,Quantity,Product_Code
Cardiff,92,70
Bangor,197,70
Newport,55,70
Cardiff,193,70
Swansea,86,70
Cardiff,112,70
Cardiff,103,70
Swansea,12,70
Bangor,199,70
Swansea,129,70
Bangor,30,70
Newport,23,70
Cardiff,58,70
Swansea,141,70
Newport,26,70
Cardiff,19,70
Bangor,96,70
Cardiff,56,70
Cardiff,55,70
Newport,167,70
Bangor,69,70
Newport,45,70
Swansea,152,70
Newport,198,70
Swansea,92,70
Swansea,13,70
Bangor,111,70
Swansea,159,70
Cardiff,107,70
Newport,130,70
Cardiff,93,70
Cardiff,73,70
Newport,16,70
Bangor,122,70
Newport,141,70
Bangor,144,70
Newport,172,70
Swansea,103,70
Newport,139,70
Bangor,156,70
Swansea,155,70
Swansea,68,70
Newport,46,70
Newport,6,70
Bangor,62,70
Cardiff,2,70
Bangor,35,70
Swansea,11,70
Bangor,82,70
Newport,157,70
Bangor,106,70
Cardiff,50,70
Bangor,82,70
Cardiff,146,70
Newport,145,70
Newport,121,70
Newport,64,70
Swansea,89,70
Newport,44,70
Newport,70,70
Bangor,112,70
Cardiff,161,70
Newport,30,70
Swansea,171,70
Swansea,169,70
Swansea,22,70
Newport,116,70
Swansea,122,70
Cardiff,167,70
Bangor,76,70
Swansea,193,70
Bangor,134,70
Swansea,9,70
Cardiff,76,70
Swansea,165,70
Newport,126,70
Newport,60,70
Bangor,160,70
Newport,7,70
Newport,35,70
Cardiff,38,70
Swansea,79,70
Newport,53,70
Cardiff,66,70
Bangor,0,70
Bangor,94,70
Swansea,193,70
Bangor,63,70
Newport,66,70
Swansea,67,70
Swansea,33,70
Bangor,170,70
Newport,104,70
Newport,52,70
Newport,32,70
Newport,81,70
Newport,80,70
Cardiff,174,70
Newport,179,70
Bangor,154,70
Newport,53,70
Bangor,49,70
Newport,191,70
Bangor,138,70
Newport,147,70
Newport,136,70
Swansea,193,70
Bangor,42,70
Swansea,75,70
Newport,135,70
Swansea,21,70
Swansea,158,70
Cardiff,12,70
Newport,141,70
Newport,34,70
Swansea,170,70
Swansea,150,70
Cardiff,94,70
Bangor,131,70
Swansea,181,70
Newport,102,70
Cardiff,93,70
Newport,198,70
Cardiff,113,70
Cardiff,74,70
Bangor,80,70
Cardiff,79,70
Newport,53,70
Newport,48,70
Newport,16,70
Cardiff,30,70
Swansea,104,70
Bangor,138,70
Cardiff,56,70
Newport,157,70
Bangor,134,70
Swansea,51,70
Cardiff,93,70
Cardiff,4,70
Bangor,34,70
Swansea,161,70
Swansea,92,70
Swansea,102,70
Bangor,75,70
Bangor,119,70
Bangor,157,70
Cardiff,76,70
Swansea,167,70
Swansea,75,70
Cardiff,169,70
Newport,39,70
Swansea,107,70
Cardiff,121,70
Bangor,137,70
Bangor,78,70
Cardiff,44,70
Cardiff,75,70
Bangor,122,70
Bangor,94,70
Cardiff,69,70
Cardiff,120,70
Bangor,24,70
Cardiff,126,70
Newport,21,70
Cardiff,43,70
Bangor,148,70
Bangor,26,70
Bangor,30,70
Swansea,116,70
Bangor,127,70
Bangor,120,70
Cardiff,61,70
Bangor,175,70
Newport,14,70
Newport,115,70
Swansea,7,70
Cardiff,145,70
Swansea,48,70
Cardiff,12,70
Bangor,190,70
Swansea,165,70
Swansea,47,70
Swansea,42,70
Cardiff,186,70
Cardiff,51,70
Bangor,170,70
Swansea,2,70
Newport,160,70
Bangor,58,70
Newport,89,70
Newport,126,70
Bangor,174,70
Newport,73,70
Newport,86,70
Newport,54,70
Bangor,45,70
Newport,191,70
Bangor,96,70
Bangor,122,70
Cardiff,144,70
Bangor,177,70
Bangor,166,70
Cardiff,175,70
Swansea,160,70
Swansea,156,70
Cardiff,23,70
Cardiff,185,70
Bangor,79,70
Newport,26,70
Newport,132,70
Bangor,66,70
Swansea,54,70
Swansea,149,70
Cardiff,3,70
Swansea,36,70
Cardiff,200,70
Bangor,9,70
Cardiff,111,70
Bangor,49,70
Swansea,69,70
Cardiff,98,70
Cardiff,164,70
Swansea,182,70
Bangor,127,70
Bangor,82,70
Swansea,142,70
Bangor,40,70
Bangor,14,70
Swansea,2,70
Cardiff,102,70
Bangor,186,70
Cardiff,101,70
Newport,131,70
Newport,176,70
Cardiff,100,70
Swansea,23,70
Cardiff,161,70
Newport,41,70
Newport,69,70
Bangor,169,70
Newport,59,70
Cardiff,148,70
Cardiff,171,70
Bangor,162,70
Bangor,173,70
Newport,134,70
Bangor,73,70
Bangor,74,70
Bangor,125,70
Newport,10,70
Cardiff,110,70
