City,Quantity,Product_Code
Swansea,15,160
Newport,100,160
Swansea,79,160
Bangor,115,160
Bangor,127,160
Bangor,49,160
Newport,20,160
Swansea,64,160
Cardiff,157,160
Bangor,133,160
Swansea,71,160
Newport,186,160
Bangor,77,160
Cardiff,74,160
Swansea,7,160
Bangor,199,160
Bangor,83,160
Cardiff,108,160
Bangor,177,160
Bangor,60,160
Swansea,59,160
Bangor,113,160
Bangor,72,160
Bangor,165,160
Newport,126,160
Cardiff,36,160
Newport,96,160
Bangor,6,160
Newport,168,160
Swansea,75,160
Newport,163,160
Newport,107,160
Bangor,179,160
Bangor,130,160
Swansea,80,160
Cardiff,119,160
Swansea,95,160
Bangor,139,160
Cardiff,184,160
Cardiff,37,160
Newport,14,160
Swansea,31,160
Cardiff,156,160
Newport,90,160
Cardiff,185,160
Cardiff,6,160
Bangor,49,160
Swansea,17,160
Cardiff,107,160
Newport,182,160
Swansea,51,160
Bangor,159,160
Bangor,196,160
Swansea,182,160
Swansea,111,160
Swansea,76,160
Newport,38,160
Swansea,21,160
Swansea,112,160
Bangor,188,160
Bangor,37,160
Bangor,38,160
Swansea,119,160
Cardiff,64,160
Swansea,179,160
Swansea,132,160
Cardiff,54,160
Bangor,172,160
Newport,177,160
Cardiff,113,160
Cardiff,46,160
Newport,196,160
Newport,50,160
Swansea,180,160
Bangor,193,160
Cardiff,105,160
Newport,44,160
Swansea,153,160
Bangor,46,160
Swansea,104,160
Newport,3,160
Bangor,99,160
Newport,108,160
Swansea,170,160
Cardiff,16,160
Bangor,113,160
Swansea,190,160
Cardiff,71,160
Newport,87,160
Cardiff,63,160
Bangor,126,160
Swansea,132,160
Swansea,162,160
Swansea,193,160
Newport,87,160
Swansea,34,160
Swansea,4,160
Cardiff,99,160
Cardiff,54,160
Cardiff,49,160
Swansea,137,160
Newport,87,160
Cardiff,18,160
Bangor,65,160
Cardiff,177,160
Bangor,86,160
Bangor,147,160
Swansea,90,160
Newport,17,160
Swansea,162,160
Bangor,183,160
Newport,99,160
Newport,147,160
Swansea,95,160
Swansea,69,160
Bangor,85,160
Bangor,29,160
Swansea,122,160
Bangor,187,160
Newport,173,160
Newport,41,160
Bangor,80,160
Bangor,53,160
Swansea,68,160
Bangor,15,160
Cardiff,173,160
Bangor,17,160
Swansea,165,160
Bangor,176,160
Cardiff,131,160
Newport,89,160
Swansea,0,160
Cardiff,40,160
Newport,91,160
Cardiff,180,160
Newport,95,160
Newport,190,160
Swansea,179,160
Newport,6,160
Bangor,89,160
Swansea,197,160
Cardiff,48,160
Cardiff,152,160
Newport,70,160
Newport,92,160
Bangor,79,160
Bangor,62,160
Swansea,119,160
Bangor,123,160
Bangor,69,160
Newport,158,160
Newport,190,160
Cardiff,9,160
Bangor,98,160
Cardiff,52,160
Swansea,159,160
Newport,162,160
Bangor,137,160
Swansea,7,160
Swansea,180,160
Newport,147,160
Cardiff,72,160
Newport,33,160
Swansea,170,160
Newport,12,160
Newport,137,160
Bangor,107,160
Swansea,69,160
Cardiff,42,160
Bangor,113,160
Bangor,149,160
Cardiff,156,160
Cardiff,73,160
Bangor,123,160
Bangor,195,160
Cardiff,52,160
Swansea,4,160
Cardiff,9,160
Cardiff,12,160
Newport,172,160
Bangor,20,160
Swansea,155,160
Cardiff,8,160
Bangor,93,160
Swansea,35,160
Swansea,108,160
Swansea,21,160
Bangor,155,160
Newport,67,160
Swansea,127,160
Bangor,111,160
Cardiff,68,160
Bangor,129,160
Swansea,97,160
Newport,187,160
Newport,151,160
Newport,125,160
Swansea,109,160
Bangor,167,160
Bangor,89,160
Cardiff,160,160
Cardiff,1,160
Newport,33,160
Swansea,139,160
Cardiff,55,160
Swansea,18,160
Swansea,117,160
Newport,76,160
Swansea,9,160
Swansea,87,160
Cardiff,141,160
Newport,82,160
Newport,7,160
Newport,124,160
Newport,140,160
Cardiff,178,160
Swansea,67,160
Bangor,44,160
Cardiff,131,160
Cardiff,48,160
Swansea,174,160
Newport,30,160
Newport,0,160
Newport,106,160
Bangor,23,160
Cardiff,168,160
Swansea,117,160
Bangor,81,160
Cardiff,81,160
Newport,59,160
Bangor,184,160
Newport,136,160
Newport,55,160
Bangor,192,160
Cardiff,161,160
Bangor,28,160
Swansea,8,160
Cardiff,127,160
Swansea,180,160
Cardiff,166,160
Cardiff,186,160
Swansea,198,160
Swansea,84,160
Bangor,164,160
Bangor,190,160
Newport,114,160
Cardiff,190,160
Cardiff,67,160
Bangor,162,160
Swansea,158,160
Swansea,75,160
