City,Quantity,Product_Code
Bangor,111,94
Swansea,188,94
Swansea,82,94
Bangor,2,94
Swansea,51,94
Cardiff,11,94
Bangor,108,94
Bangor,152,94
Newport,93,94
Newport,53,94
Cardiff,6,94
Cardiff,117,94
Cardiff,77,94
Swansea,26,94
Bangor,122,94
Bangor,102,94
Bangor,92,94
Swansea,33,94
Swansea,77,94
Swansea,63,94
Bangor,105,94
Swansea,10,94
Newport,121,94
Swansea,174,94
Cardiff,140,94
Swansea,159,94
Newport,193,94
Cardiff,5,94
Cardiff,200,94
Swansea,120,94
Bangor,130,94
Newport,93,94
Swansea,105,94
Swansea,165,94
Newport,42,94
Swansea,15,94
Bangor,135,94
Swansea,145,94
Swansea,101,94
Cardiff,146,94
Swansea,124,94
Cardiff,112,94
Swansea,131,94
Swansea,199,94
Swansea,159,94
Cardiff,49,94
Cardiff,145,94
Swansea,2,94
Cardiff,183,94
Cardiff,180,94
Cardiff,37,94
Newport,183,94
Newport,108,94
Cardiff,132,94
Bangor,142,94
Swansea,171,94
Swansea,126,94
Cardiff,90,94
Bangor,115,94
Bangor,74,94
Newport,145,94
Swansea,101,94
Cardiff,14,94
Cardiff,120,94
Bangor,152,94
Cardiff,164,94
Newport,153,94
Bangor,109,94
Cardiff,42,94
Swansea,171,94
Swansea,108,94
Bangor,26,94
Bangor,49,94
Bangor,84,94
Swansea,88,94
Newport,39,94
Newport,113,94
Newport,119,94
Bangor,184,94
Newport,184,94
Newport,55,94
Newport,29,94
Swansea,146,94
Swansea,106,94
Bangor,59,94
Newport,144,94
Bangor,128,94
Cardiff,154,94
Bangor,114,94
Newport,136,94
Bangor,5,94
Cardiff,43,94
Swansea,56,94
Bangor,182,94
Newport,146,94
Newport,179,94
Newport,121,94
Newport,127,94
Bangor,117,94
Bangor,142,94
Swansea,198,94
Cardiff,107,94
Cardiff,168,94
Newport,58,94
Cardiff,51,94
Swansea,1,94
Cardiff,34,94
Swansea,138,94
Cardiff,22,94
Newport,109,94
Swansea,98,94
Newport,86,94
Newport,138,94
Bangor,58,94
Cardiff,94,94
Swansea,110,94
Cardiff,102,94
Swansea,71,94
Newport,79,94
Newport,67,94
Cardiff,16,94
Bangor,60,94
Newport,35,94
Cardiff,113,94
Newport,164,94
Cardiff,93,94
Swansea,5,94
Bangor,167,94
Swansea,31,94
Newport,172,94
Bangor,52,94
Bangor,68,94
Newport,73,94
Bangor,71,94
Newport,184,94
Cardiff,18,94
Newport,70,94
Swansea,47,94
Bangor,117,94
Swansea,126,94
Newport,71,94
Newport,154,94
Swansea,156,94
Bangor,114,94
Bangor,133,94
Swansea,36,94
Swansea,198,94
Swansea,159,94
Cardiff,192,94
Bangor,71,94
Newport,152,94
Newport,141,94
Cardiff,166,94
Swansea,59,94
Newport,124,94
Newport,10,94
Cardiff,58,94
Cardiff,62,94
Swansea,32,94
Swansea,166,94
Newport,146,94
Bangor,41,94
Cardiff,40,94
Newport,32,94
Swansea,56,94
Swansea,186,94
Cardiff,96,94
Cardiff,168,94
Cardiff,7,94
Newport,112,94
Newport,22,94
Cardiff,8,94
Bangor,65,94
Cardiff,120,94
Newport,172,94
Newport,196,94
Newport,155,94
Swansea,192,94
Bangor,129,94
Cardiff,6,94
Newport,132,94
Swansea,188,94
Newport,175,94
Swansea,167,94
Swansea,25,94
Bangor,123,94
Newport,134,94
Newport,84,94
Newport,56,94
Newport,88,94
Newport,45,94
Swansea,165,94
Cardiff,3,94
Cardiff,132,94
Cardiff,99,94
Swansea,35,94
Swansea,52,94
Swansea,1,94
Newport,154,94
Bangor,124,94
Swansea,52,94
Newport,187,94
Swansea,179,94
Newport,90,94
Swansea,85,94
Bangor,41,94
Bangor,184,94
Newport,149,94
Swansea,120,94
Swansea,45,94
Bangor,157,94
Cardiff,71,94
Swansea,62,94
Swansea,41,94
Cardiff,59,94
Newport,138,94
Bangor,152,94
Bangor,83,94
Cardiff,92,94
Cardiff,174,94
Bangor,135,94
Cardiff,18,94
Swansea,59,94
Bangor,74,94
Cardiff,37,94
Newport,52,94
Cardiff,43,94
Cardiff,134,94
Bangor,130,94
Newport,25,94
Swansea,121,94
Bangor,99,94
Newport,30,94
Bangor,142,94
Bangor,59,94
Cardiff,154,94
Newport,19,94
Newport,66,94
Newport,122,94
Swansea,61,94
Swansea,45,94
Bangor,29,94
Newport,81,94
Swansea,104,94
Bangor,107,94
Newport,49,94
Cardiff,164,94
Bangor,38,94
Swansea,130,94
Newport,59,94
Cardiff,171,94
