City,Quantity,Product_Code
Swansea,112,164
Newport,25,164
Bangor,148,164
Swansea,100,164
Newport,56,164
Cardiff,50,164
Cardiff,56,164
Swansea,180,164
Newport,174,164
Bangor,44,164
Swansea,185,164
Swansea,175,164
Bangor,100,164
Swansea,38,164
Bangor,173,164
Cardiff,141,164
Swansea,181,164
Bangor,116,164
Cardiff,151,164
Cardiff,0,164
Swansea,10,164
Newport,15,164
Cardiff,55,164
Bangor,199,164
Cardiff,54,164
Bangor,186,164
Cardiff,111,164
Bangor,46,164
Newport,45,164
Swansea,164,164
Cardiff,180,164
Newport,71,164
Bangor,102,164
Newport,38,164
Newport,23,164
Swansea,19,164
Cardiff,18,164
Swansea,121,164
Bangor,21,164
Cardiff,55,164
Swansea,95,164
Bangor,176,164
Cardiff,148,164
Swansea,149,164
Newport,182,164
Bangor,79,164
Bangor,129,164
Newport,185,164
Newport,154,164
Swansea,98,164
Bangor,35,164
Bangor,137,164
Swansea,50,164
Swansea,90,164
Swansea,69,164
Newport,8,164
Swansea,76,164
Bangor,124,164
Swansea,54,164
Bangor,196,164
Cardiff,157,164
Newport,152,164
Bangor,101,164
Bangor,162,164
Newport,35,164
Bangor,122,164
Newport,7,164
Bangor,46,164
Newport,52,164
Bangor,96,164
Swansea,150,164
Cardiff,104,164
Bangor,100,164
Swansea,199,164
Newport,112,164
Newport,45,164
Swansea,88,164
Bangor,110,164
Bangor,83,164
Swansea,16,164
Cardiff,90,164
Bangor,85,164
Bangor,84,164
Swansea,49,164
Cardiff,162,164
Cardiff,29,164
Newport,9,164
Newport,187,164
Bangor,63,164
Cardiff,133,164
Newport,65,164
Bangor,53,164
Cardiff,92,164
Swansea,176,164
Swansea,46,164
Newport,88,164
Swansea,98,164
Swansea,191,164
Newport,92,164
Swansea,13,164
Newport,144,164
Bangor,11,164
Newport,171,164
Newport,16,164
Newport,163,164
Swansea,184,164
Swansea,174,164
Newport,92,164
Swansea,48,164
Cardiff,78,164
Cardiff,84,164
Bangor,56,164
Bangor,91,164
Swansea,73,164
Swansea,104,164
Cardiff,139,164
Newport,111,164
Bangor,75,164
Newport,110,164
Newport,18,164
Bangor,105,164
Cardiff,11,164
Newport,89,164
Newport,10,164
Bangor,53,164
Cardiff,148,164
Swansea,140,164
Newport,64,164
Swansea,42,164
Newport,2,164
Newport,160,164
Swansea,24,164
Newport,166,164
Bangor,164,164
Swansea,121,164
Newport,6,164
Cardiff,12,164
Swansea,75,164
Swansea,135,164
Swansea,15,164
Cardiff,182,164
Newport,26,164
Bangor,12,164
Bangor,36,164
Newport,99,164
Newport,27,164
Newport,198,164
Newport,137,164
Swansea,68,164
Cardiff,14,164
Cardiff,29,164
Newport,37,164
Bangor,15,164
Swansea,138,164
Swansea,22,164
Swansea,109,164
Cardiff,64,164
Swansea,159,164
Bangor,91,164
Swansea,76,164
Swansea,132,164
Bangor,49,164
Cardiff,52,164
Cardiff,135,164
Swansea,147,164
Newport,134,164
Newport,27,164
Cardiff,2,164
Cardiff,123,164
Cardiff,80,164
Cardiff,193,164
Cardiff,142,164
Cardiff,138,164
Newport,19,164
Newport,108,164
Cardiff,21,164
Newport,64,164
Cardiff,119,164
Bangor,12,164
Newport,31,164
Bangor,22,164
Cardiff,104,164
Cardiff,125,164
Bangor,3,164
Swansea,88,164
Bangor,166,164
Swansea,170,164
Bangor,181,164
Swansea,165,164
Swansea,165,164
Cardiff,63,164
Cardiff,106,164
Swansea,115,164
Bangor,107,164
Newport,142,164
Newport,126,164
Swansea,195,164
Bangor,3,164
Newport,152,164
Bangor,169,164
Swansea,149,164
Bangor,88,164
Cardiff,163,164
Bangor,16,164
Swansea,26,164
Cardiff,159,164
Newport,33,164
Swansea,71,164
Cardiff,149,164
Swansea,17,164
Newport,60,164
Cardiff,29,164
Cardiff,139,164
Bangor,151,164
Bangor,22,164
Swansea,93,164
Cardiff,26,164
Cardiff,53,164
Bangor,7,164
Cardiff,54,164
Bangor,1,164
Bangor,76,164
Swansea,119,164
Cardiff,112,164
Swansea,142,164
Bangor,186,164
Cardiff,103,164
Bangor,142,164
Bangor,165,164
Bangor,54,164
Bangor,13,164
Bangor,26,164
Swansea,200,164
Swansea,68,164
Swansea,0,164
Swansea,100,164
Cardiff,196,164
Bangor,62,164
Swansea,190,164
Cardiff,160,164
Cardiff,53,164
Cardiff,16,164
Newport,23,164
Newport,43,164
Bangor,131,164
Swansea,142,164
Swansea,62,164
Bangor,18,164
Swansea,178,164
Bangor,145,164
Cardiff,114,164
