City,Quantity,Product_Code
Newport,88,129
Swansea,63,129
Swansea,40,129
Cardiff,141,129
Newport,94,129
Swansea,92,129
Newport,116,129
Swansea,29,129
Swansea,20,129
Bangor,10,129
Bangor,59,129
Cardiff,110,129
Cardiff,55,129
Swansea,106,129
Swansea,173,129
Newport,88,129
Bangor,15,129
Swansea,184,129
Swansea,99,129
Newport,159,129
Bangor,10,129
Newport,65,129
Cardiff,109,129
Swansea,42,129
Bangor,97,129
Cardiff,197,129
Newport,4,129
Newport,16,129
Swansea,197,129
Cardiff,156,129
Newport,24,129
Swansea,50,129
Swansea,78,129
Bangor,123,129
Newport,198,129
Swansea,57,129
Newport,88,129
Newport,24,129
Cardiff,172,129
Swansea,135,129
Bangor,42,129
Swansea,85,129
Bangor,196,129
Cardiff,192,129
Swansea,75,129
Swansea,88,129
Newport,167,129
Swansea,120,129
Swansea,103,129
Newport,82,129
Newport,173,129
Newport,161,129
Newport,41,129
Newport,125,129
Cardiff,124,129
Newport,12,129
Bangor,192,129
Cardiff,98,129
Bangor,91,129
Newport,186,129
Swansea,182,129
Cardiff,20,129
Swansea,16,129
Bangor,94,129
Swansea,135,129
Cardiff,169,129
Cardiff,186,129
Cardiff,77,129
Newport,110,129
Cardiff,28,129
Swansea,32,129
Swansea,95,129
Bangor,48,129
Newport,123,129
Cardiff,34,129
Cardiff,107,129
Newport,191,129
Newport,88,129
Swansea,145,129
Swansea,189,129
Swansea,159,129
Bangor,88,129
Swansea,182,129
Newport,180,129
Cardiff,151,129
Swansea,99,129
Cardiff,16,129
Swansea,67,129
Swansea,98,129
Newport,129,129
Bangor,8,129
Bangor,65,129
Newport,115,129
Swansea,73,129
Bangor,118,129
Newport,162,129
Swansea,184,129
Cardiff,122,129
Bangor,29,129
Bangor,130,129
Newport,4,129
Bangor,192,129
Cardiff,37,129
Newport,89,129
Cardiff,105,129
Newport,85,129
Swansea,52,129
Swansea,195,129
Newport,29,129
Bangor,43,129
Bangor,11,129
Swansea,161,129
Newport,17,129
Newport,56,129
Bangor,131,129
Cardiff,38,129
Swansea,171,129
Newport,106,129
Swansea,103,129
Newport,69,129
Swansea,104,129
Cardiff,52,129
Cardiff,30,129
Bangor,56,129
Cardiff,82,129
Bangor,200,129
Newport,109,129
Bangor,33,129
Newport,179,129
Bangor,170,129
Cardiff,100,129
Bangor,117,129
Swansea,119,129
Bangor,188,129
Newport,128,129
Cardiff,30,129
Bangor,148,129
Swansea,89,129
Swansea,158,129
Bangor,0,129
Bangor,92,129
Newport,44,129
Newport,8,129
Bangor,119,129
Newport,109,129
Newport,46,129
Newport,64,129
Cardiff,157,129
Cardiff,1,129
Cardiff,164,129
Swansea,176,129
Swansea,153,129
Swansea,17,129
Cardiff,153,129
Cardiff,80,129
Newport,45,129
Cardiff,166,129
Newport,30,129
Cardiff,160,129
Swansea,75,129
Swansea,169,129
Swansea,49,129
Cardiff,133,129
Swansea,61,129
Swansea,46,129
Bangor,64,129
Bangor,63,129
Newport,120,129
Newport,25,129
Bangor,173,129
Newport,148,129
Bangor,133,129
Cardiff,83,129
Bangor,182,129
Bangor,113,129
Newport,56,129
Newport,130,129
Swansea,175,129
Bangor,22,129
Swansea,180,129
Bangor,17,129
Swansea,171,129
Swansea,43,129
Swansea,160,129
Newport,198,129
Swansea,41,129
Swansea,198,129
Swansea,92,129
Newport,169,129
Swansea,20,129
Cardiff,27,129
Bangor,73,129
Bangor,181,129
Cardiff,116,129
Swansea,167,129
Swansea,33,129
Swansea,120,129
Cardiff,107,129
Swansea,117,129
Bangor,113,129
Cardiff,190,129
Cardiff,47,129
Cardiff,9,129
Bangor,134,129
Newport,196,129
Swansea,0,129
Cardiff,48,129
Cardiff,168,129
Swansea,171,129
Bangor,17,129
Cardiff,134,129
Swansea,59,129
Swansea,71,129
Bangor,117,129
Bangor,139,129
Bangor,54,129
Bangor,144,129
Newport,151,129
Newport,79,129
Swansea,125,129
Swansea,43,129
Bangor,193,129
Newport,194,129
Newport,5,129
Cardiff,21,129
Bangor,73,129
Bangor,157,129
Bangor,86,129
Bangor,70,129
Cardiff,33,129
Bangor,160,129
Bangor,99,129
Cardiff,17,129
Cardiff,6,129
Bangor,172,129
Newport,2,129
Bangor,195,129
Cardiff,188,129
Swansea,74,129
Swansea,96,129
Newport,199,129
Cardiff,48,129
Newport,146,129
Newport,161,129
Newport,166,129
Bangor,156,129
Swansea,90,129
Bangor,161,129
Swansea,74,129
Cardiff,58,129
Newport,158,129
