City,Quantity,Product_Code
Swansea,191,104
Newport,124,104
Swansea,148,104
Cardiff,167,104
Swansea,37,104
Bangor,23,104
Swansea,76,104
Newport,168,104
Bangor,35,104
Bangor,159,104
Newport,141,104
Bangor,5,104
Cardiff,105,104
Cardiff,73,104
Swansea,64,104
Cardiff,76,104
Newport,182,104
Cardiff,194,104
Newport,61,104
Cardiff,118,104
Swansea,170,104
Cardiff,107,104
Cardiff,108,104
Cardiff,17,104
Cardiff,33,104
Bangor,31,104
Swansea,146,104
Newport,22,104
Swansea,158,104
Cardiff,95,104
Bangor,90,104
Bangor,187,104
Cardiff,3,104
Swansea,151,104
Newport,45,104
Newport,35,104
Bangor,80,104
Bangor,135,104
Swansea,19,104
Newport,134,104
Newport,160,104
Newport,121,104
Newport,113,104
Swansea,20,104
Newport,7,104
Cardiff,182,104
Swansea,133,104
Bangor,52,104
Bangor,52,104
Swansea,109,104
Cardiff,3,104
Cardiff,94,104
Newport,15,104
Bangor,40,104
Newport,41,104
Newport,73,104
Bangor,38,104
Swansea,108,104
Cardiff,57,104
Swansea,167,104
Bangor,162,104
Swansea,57,104
Bangor,55,104
Swansea,148,104
Swansea,8,104
Cardiff,170,104
Swansea,159,104
Swansea,170,104
Swansea,183,104
Newport,143,104
Bangor,165,104
Bangor,133,104
Bangor,28,104
Newport,138,104
Swansea,7,104
Swansea,43,104
Swansea,108,104
Bangor,78,104
Bangor,143,104
Swansea,39,104
Newport,175,104
Cardiff,159,104
Cardiff,108,104
Bangor,166,104
Cardiff,7,104
Swansea,50,104
Newport,183,104
Bangor,109,104
Swansea,113,104
Bangor,84,104
Swansea,42,104
Swansea,109,104
Bangor,154,104
Bangor,93,104
Bangor,14,104
Cardiff,144,104
Cardiff,128,104
Swansea,156,104
Bangor,81,104
Newport,182,104
Bangor,101,104
Bangor,199,104
Swansea,106,104
Cardiff,146,104
Newport,133,104
Cardiff,118,104
Newport,15,104
Newport,150,104
Newport,68,104
Swansea,67,104
Cardiff,74,104
Cardiff,42,104
Bangor,157,104
Newport,58,104
Newport,66,104
Bangor,47,104
Newport,75,104
Bangor,22,104
Newport,85,104
Bangor,8,104
Swansea,166,104
Bangor,71,104
Newport,7,104
Swansea,60,104
Newport,174,104
Cardiff,46,104
Newport,154,104
Bangor,47,104
Cardiff,192,104
Newport,176,104
Newport,28,104
Bangor,189,104
Bangor,0,104
Newport,168,104
Cardiff,122,104
Bangor,75,104
Newport,152,104
Bangor,76,104
Cardiff,72,104
Swansea,161,104
Cardiff,124,104
Newport,120,104
Cardiff,181,104
Newport,28,104
Swansea,86,104
Swansea,163,104
Cardiff,55,104
Newport,119,104
Cardiff,116,104
Swansea,26,104
Swansea,152,104
Newport,172,104
Newport,131,104
Cardiff,125,104
Swansea,117,104
Bangor,180,104
Newport,116,104
Bangor,156,104
Newport,133,104
Bangor,84,104
Cardiff,7,104
Bangor,52,104
Cardiff,177,104
Swansea,134,104
Swansea,108,104
Cardiff,138,104
Cardiff,90,104
Newport,181,104
Newport,115,104
Swansea,160,104
Bangor,101,104
Swansea,87,104
Bangor,168,104
Cardiff,152,104
Bangor,64,104
Bangor,153,104
Swansea,106,104
Newport,188,104
Bangor,33,104
Cardiff,200,104
Swansea,91,104
Swansea,49,104
Cardiff,200,104
Swansea,87,104
Newport,94,104
Cardiff,15,104
Bangor,51,104
Cardiff,158,104
Swansea,146,104
Cardiff,121,104
Swansea,19,104
Bangor,146,104
Swansea,197,104
Newport,11,104
Bangor,72,104
Swansea,34,104
Newport,188,104
Bangor,96,104
Bangor,58,104
Cardiff,58,104
Cardiff,101,104
Bangor,179,104
Newport,102,104
Cardiff,61,104
Bangor,28,104
Newport,96,104
Newport,168,104
Swansea,22,104
Swansea,77,104
Cardiff,154,104
Newport,22,104
Swansea,3,104
Newport,182,104
Swansea,164,104
Cardiff,15,104
Newport,169,104
Newport,149,104
Bangor,88,104
Bangor,8,104
Newport,90,104
Bangor,175,104
Newport,102,104
Swansea,130,104
Bangor,108,104
Swansea,192,104
Newport,162,104
Bangor,56,104
Swansea,152,104
Bangor,101,104
Bangor,29,104
Cardiff,89,104
Bangor,85,104
Newport,103,104
Swansea,31,104
Bangor,170,104
Newport,49,104
Swansea,82,104
Swansea,184,104
Bangor,111,104
Cardiff,46,104
Swansea,190,104
Swansea,179,104
Bangor,72,104
Cardiff,97,104
Swansea,125,104
Swansea,109,104
Bangor,144,104
Newport,112,104
Newport,46,104
Swansea,176,104
Cardiff,14,104
