City,Quantity,Product_Code
Newport,27,56
Swansea,100,56
Cardiff,142,56
Bangor,164,56
Newport,161,56
Bangor,67,56
Newport,23,56
Swansea,32,56
Bangor,170,56
Swansea,37,56
Newport,135,56
Cardiff,122,56
Cardiff,13,56
Swansea,118,56
Newport,140,56
Bangor,16,56
Cardiff,32,56
Newport,0,56
Cardiff,82,56
Cardiff,46,56
Swansea,28,56
Bangor,153,56
Newport,50,56
Bangor,80,56
Swansea,18,56
Bangor,69,56
Cardiff,58,56
Swansea,122,56
Bangor,125,56
Newport,119,56
Newport,62,56
Cardiff,169,56
Bangor,100,56
Bangor,56,56
Swansea,130,56
Newport,116,56
Cardiff,76,56
Swansea,121,56
Cardiff,123,56
Swansea,14,56
Newport,68,56
Cardiff,191,56
Cardiff,196,56
Swansea,123,56
Newport,18,56
Newport,104,56
Bangor,159,56
Swansea,116,56
Newport,50,56
Newport,52,56
Swansea,42,56
Cardiff,190,56
Swansea,32,56
Swansea,144,56
Bangor,107,56
Cardiff,133,56
Cardiff,130,56
Cardiff,132,56
Swansea,58,56
Cardiff,19,56
Newport,115,56
Swansea,163,56
Bangor,126,56
Swansea,128,56
Newport,192,56
Bangor,121,56
Bangor,103,56
Cardiff,116,56
Newport,54,56
Swansea,187,56
Cardiff,136,56
Bangor,44,56
Swansea,184,56
Cardiff,93,56
Bangor,117,56
Swansea,72,56
Newport,48,56
Bangor,21,56
Newport,179,56
Cardiff,31,56
Bangor,17,56
Cardiff,121,56
Cardiff,78,56
Cardiff,82,56
Cardiff,52,56
Swansea,106,56
Swansea,90,56
Newport,18,56
Cardiff,183,56
Bangor,68,56
Bangor,98,56
Bangor,69,56
Swansea,200,56
Newport,111,56
Cardiff,120,56
Newport,199,56
Cardiff,70,56
Swansea,1,56
Cardiff,110,56
Cardiff,82,56
Swansea,132,56
Newport,45,56
Swansea,18,56
Swansea,128,56
Newport,130,56
Swansea,63,56
Bangor,161,56
Bangor,46,56
Cardiff,7,56
Cardiff,144,56
Bangor,21,56
Newport,111,56
Newport,86,56
Newport,0,56
Swansea,131,56
Bangor,104,56
Cardiff,83,56
Cardiff,166,56
Newport,56,56
Cardiff,144,56
Bangor,100,56
Cardiff,5,56
Cardiff,7,56
Cardiff,38,56
Newport,180,56
Bangor,82,56
Bangor,159,56
Bangor,125,56
Bangor,130,56
Cardiff,39,56
Swansea,108,56
Swansea,188,56
Swansea,136,56
Cardiff,115,56
Bangor,151,56
Cardiff,133,56
Cardiff,31,56
Swansea,183,56
Swansea,141,56
Swansea,30,56
Newport,15,56
Cardiff,179,56
Bangor,64,56
Bangor,148,56
Bangor,173,56
Swansea,163,56
Newport,97,56
Cardiff,17,56
Newport,47,56
Swansea,81,56
Newport,24,56
Cardiff,73,56
Cardiff,173,56
Newport,10,56
Newport,146,56
Newport,59,56
Swansea,144,56
Bangor,107,56
Cardiff,77,56
Cardiff,135,56
Swansea,82,56
Newport,76,56
Bangor,170,56
Newport,152,56
Bangor,28,56
Cardiff,149,56
Swansea,112,56
Bangor,55,56
Bangor,131,56
Bangor,52,56
Swansea,71,56
Cardiff,17,56
Swansea,48,56
Cardiff,168,56
Swansea,25,56
Newport,183,56
Newport,70,56
Newport,99,56
Cardiff,174,56
Cardiff,190,56
Cardiff,109,56
Swansea,137,56
Swansea,190,56
Swansea,41,56
Swansea,108,56
Swansea,40,56
Swansea,66,56
Cardiff,11,56
Cardiff,140,56
Bangor,85,56
Cardiff,48,56
Bangor,9,56
Bangor,198,56
Swansea,11,56
Cardiff,79,56
Cardiff,122,56
Swansea,46,56
Bangor,63,56
Cardiff,27,56
Cardiff,106,56
Cardiff,65,56
Swansea,145,56
Bangor,47,56
Cardiff,57,56
Cardiff,108,56
Swansea,29,56
Newport,53,56
Newport,8,56
Swansea,92,56
Newport,19,56
Bangor,101,56
Bangor,115,56
Newport,170,56
Cardiff,181,56
Swansea,66,56
Newport,197,56
Swansea,152,56
Newport,58,56
Bangor,197,56
Swansea,180,56
Bangor,181,56
Cardiff,87,56
Swansea,5,56
Cardiff,22,56
Cardiff,6,56
Cardiff,149,56
Swansea,149,56
Newport,73,56
Newport,169,56
Cardiff,190,56
Bangor,67,56
Cardiff,107,56
Bangor,12,56
Swansea,37,56
Newport,149,56
Swansea,88,56
Bangor,3,56
Bangor,16,56
Bangor,184,56
Newport,112,56
Bangor,32,56
Swansea,62,56
Bangor,72,56
Cardiff,104,56
Cardiff,136,56
Newport,106,56
Swansea,102,56
Bangor,137,56
Cardiff,76,56
Cardiff,63,56
Cardiff,67,56
