City,Quantity,Product_Code
Swansea,127,71
Newport,146,71
Bangor,132,71
Cardiff,67,71
Newport,106,71
Newport,12,71
Newport,192,71
Bangor,101,71
Cardiff,194,71
Cardiff,125,71
Newport,8,71
Bangor,178,71
Newport,43,71
Bangor,1,71
Newport,3,71
Bangor,153,71
Bangor,78,71
Bangor,149,71
Swansea,16,71
Cardiff,125,71
Cardiff,76,71
Bangor,116,71
Bangor,187,71
Newport,33,71
Swansea,62,71
Swansea,20,71
Swansea,54,71
Bangor,157,71
Swansea,3,71
Cardiff,70,71
Cardiff,91,71
Bangor,7,71
Newport,96,71
Bangor,126,71
Swansea,174,71
Swansea,188,71
Newport,164,71
Swansea,194,71
Newport,171,71
Newport,137,71
Cardiff,159,71
Newport,192,71
Cardiff,180,71
Bangor,151,71
Cardiff,44,71
Cardiff,168,71
Newport,145,71
Newport,74,71
Bangor,179,71
Bangor,100,71
Cardiff,186,71
Swansea,120,71
Swansea,137,71
Swansea,149,71
Newport,172,71
Swansea,66,71
Swansea,194,71
Cardiff,162,71
Bangor,106,71
Cardiff,11,71
Bangor,157,71
Bangor,36,71
Swansea,100,71
Newport,180,71
Cardiff,112,71
Swansea,45,71
Newport,105,71
Newport,105,71
Bangor,141,71
Cardiff,109,71
Newport,33,71
Swansea,179,71
Bangor,56,71
Bangor,57,71
Bangor,188,71
Bangor,189,71
Cardiff,117,71
Bangor,44,71
Newport,122,71
Cardiff,66,71
Cardiff,158,71
Newport,187,71
Swansea,101,71
Newport,89,71
Swansea,176,71
Swansea,33,71
Bangor,179,71
Swansea,96,71
Newport,89,71
Newport,131,71
Bangor,128,71
Newport,143,71
Newport,21,71
Bangor,199,71
Swansea,168,71
Swansea,68,71
Swansea,198,71
Bangor,27,71
Newport,39,71
Swansea,50,71
Newport,23,71
Newport,88,71
Bangor,13,71
Swansea,3,71
Bangor,54,71
Newport,114,71
Swansea,154,71
Cardiff,169,71
Cardiff,21,71
Newport,15,71
Newport,54,71
Newport,144,71
Swansea,116,71
Swansea,137,71
Cardiff,116,71
Bangor,184,71
Swansea,132,71
Swansea,145,71
Newport,94,71
Swansea,178,71
Bangor,31,71
Swansea,51,71
Cardiff,63,71
Bangor,110,71
Newport,41,71
Cardiff,101,71
Newport,17,71
Swansea,137,71
Cardiff,183,71
Swansea,140,71
Cardiff,60,71
Bangor,142,71
Newport,143,71
Newport,171,71
Bangor,133,71
Swansea,122,71
Newport,129,71
Newport,72,71
Newport,64,71
Cardiff,9,71
Bangor,154,71
Newport,51,71
Newport,57,71
Newport,146,71
Bangor,96,71
Newport,46,71
Swansea,171,71
Newport,23,71
Newport,92,71
Cardiff,18,71
Newport,12,71
Cardiff,176,71
Bangor,162,71
Bangor,47,71
Swansea,179,71
Newport,189,71
Cardiff,193,71
Bangor,37,71
Swansea,36,71
Cardiff,0,71
Bangor,192,71
Newport,22,71
Bangor,137,71
Newport,69,71
Swansea,174,71
Bangor,94,71
Cardiff,169,71
Newport,17,71
Cardiff,74,71
Newport,179,71
Newport,189,71
Bangor,156,71
Swansea,127,71
Bangor,143,71
Newport,41,71
Cardiff,104,71
Newport,7,71
Swansea,192,71
Newport,179,71
Cardiff,63,71
Bangor,129,71
Cardiff,76,71
Bangor,146,71
Newport,145,71
Cardiff,158,71
Bangor,66,71
Swansea,128,71
Bangor,120,71
Newport,27,71
Bangor,105,71
Swansea,64,71
Newport,56,71
Swansea,0,71
Swansea,44,71
Cardiff,36,71
Swansea,89,71
Swansea,114,71
Cardiff,48,71
Swansea,166,71
Swansea,118,71
Swansea,105,71
Cardiff,75,71
Bangor,35,71
Bangor,30,71
Bangor,182,71
Swansea,49,71
Cardiff,136,71
Cardiff,69,71
Cardiff,104,71
Cardiff,197,71
Cardiff,67,71
Newport,14,71
Bangor,74,71
Newport,14,71
Bangor,41,71
Swansea,71,71
Newport,177,71
Bangor,9,71
Cardiff,147,71
Swansea,63,71
Bangor,67,71
Swansea,38,71
Cardiff,51,71
Cardiff,72,71
Bangor,144,71
Bangor,59,71
Cardiff,90,71
Newport,150,71
Cardiff,4,71
Newport,52,71
Newport,199,71
Cardiff,181,71
Swansea,191,71
Newport,147,71
Newport,1,71
Newport,12,71
Bangor,116,71
Swansea,181,71
Swansea,77,71
Swansea,157,71
Bangor,40,71
Bangor,195,71
Bangor,47,71
Swansea,89,71
Bangor,155,71
Newport,171,71
Bangor,136,71
Swansea,179,71
Cardiff,178,71
Cardiff,47,71
Bangor,195,71
