City,Quantity,Product_Code
Newport,136,85
Cardiff,13,85
Swansea,160,85
Swansea,48,85
Bangor,154,85
Cardiff,34,85
Bangor,84,85
Newport,126,85
Swansea,3,85
Newport,159,85
Bangor,177,85
Newport,108,85
Bangor,105,85
Bangor,158,85
Newport,112,85
Cardiff,29,85
Bangor,51,85
Cardiff,155,85
Bangor,154,85
Swansea,40,85
Cardiff,140,85
Bangor,41,85
Bangor,64,85
Bangor,170,85
Cardiff,44,85
Cardiff,79,85
Cardiff,103,85
Bangor,45,85
Swansea,67,85
Cardiff,79,85
Swansea,173,85
Cardiff,51,85
Cardiff,90,85
Swansea,79,85
Cardiff,121,85
Cardiff,163,85
Cardiff,133,85
Newport,163,85
Newport,26,85
Cardiff,32,85
Cardiff,57,85
Cardiff,183,85
Bangor,53,85
Cardiff,67,85
Swansea,100,85
Cardiff,79,85
Swansea,80,85
Cardiff,155,85
Swansea,144,85
Cardiff,66,85
Bangor,35,85
Bangor,118,85
Swansea,66,85
Bangor,98,85
Newport,78,85
Cardiff,193,85
Swansea,49,85
Newport,185,85
Swansea,46,85
Cardiff,27,85
Newport,94,85
Newport,3,85
Cardiff,141,85
Cardiff,173,85
Newport,72,85
Newport,168,85
Cardiff,127,85
Cardiff,107,85
Cardiff,76,85
Swansea,136,85
Swansea,82,85
Newport,28,85
Swansea,120,85
Cardiff,189,85
Newport,118,85
Bangor,166,85
Cardiff,118,85
Bangor,131,85
Swansea,12,85
Swansea,18,85
Bangor,148,85
Newport,173,85
Cardiff,57,85
Bangor,22,85
Cardiff,6,85
Newport,67,85
Swansea,2,85
Bangor,151,85
Newport,76,85
Bangor,179,85
Swansea,183,85
Cardiff,96,85
Bangor,108,85
Cardiff,6,85
Newport,187,85
Cardiff,72,85
Newport,8,85
Bangor,59,85
Cardiff,100,85
Swansea,145,85
Cardiff,73,85
Swansea,94,85
Cardiff,62,85
Newport,7,85
Cardiff,118,85
Swansea,143,85
Swansea,95,85
Swansea,104,85
Bangor,137,85
Newport,113,85
Bangor,135,85
Swansea,39,85
Cardiff,28,85
Swansea,119,85
Newport,7,85
Newport,92,85
Bangor,63,85
Cardiff,192,85
Swansea,144,85
Cardiff,92,85
Newport,177,85
Swansea,14,85
Newport,21,85
Swansea,77,85
Bangor,68,85
Cardiff,32,85
Cardiff,26,85
Bangor,106,85
Cardiff,139,85
Cardiff,125,85
Newport,76,85
Bangor,56,85
Bangor,113,85
Newport,97,85
Bangor,150,85
Swansea,147,85
Cardiff,21,85
Swansea,27,85
Newport,148,85
Bangor,90,85
Newport,16,85
Swansea,137,85
Newport,38,85
Newport,72,85
Swansea,36,85
Bangor,100,85
Bangor,123,85
Swansea,1,85
Swansea,68,85
Newport,143,85
Swansea,83,85
Swansea,165,85
Bangor,72,85
Swansea,168,85
Swansea,38,85
Newport,65,85
Swansea,0,85
Swansea,55,85
Cardiff,131,85
Swansea,40,85
Swansea,94,85
Swansea,79,85
Swansea,194,85
Bangor,194,85
Cardiff,163,85
Swansea,100,85
Newport,109,85
Swansea,11,85
Cardiff,109,85
Swansea,129,85
Bangor,199,85
Newport,200,85
Cardiff,182,85
Newport,194,85
Cardiff,184,85
Bangor,169,85
Cardiff,119,85
Bangor,136,85
Cardiff,157,85
Newport,13,85
Newport,143,85
Cardiff,161,85
Newport,29,85
Newport,49,85
Newport,195,85
Cardiff,69,85
Bangor,191,85
Cardiff,88,85
Newport,5,85
Swansea,69,85
Swansea,107,85
Newport,10,85
Newport,60,85
Cardiff,57,85
Bangor,16,85
Cardiff,7,85
Cardiff,15,85
Newport,120,85
Newport,122,85
Cardiff,83,85
Newport,200,85
Bangor,183,85
Bangor,51,85
Newport,138,85
Newport,37,85
Bangor,25,85
Newport,153,85
Bangor,32,85
Swansea,107,85
Swansea,158,85
Swansea,163,85
Newport,116,85
Bangor,79,85
Bangor,85,85
Cardiff,154,85
Swansea,10,85
Newport,73,85
Bangor,127,85
Bangor,118,85
Newport,154,85
Swansea,2,85
Cardiff,105,85
Newport,112,85
Swansea,198,85
Swansea,130,85
Bangor,79,85
Swansea,137,85
Bangor,122,85
Bangor,19,85
Newport,91,85
Newport,102,85
Newport,122,85
Swansea,121,85
Cardiff,1,85
Cardiff,140,85
Cardiff,10,85
Cardiff,28,85
Cardiff,59,85
Newport,14,85
Bangor,178,85
Swansea,13,85
Cardiff,41,85
Cardiff,60,85
Cardiff,189,85
Swansea,3,85
Cardiff,84,85
Swansea,171,85
Newport,16,85
Newport,185,85
Cardiff,161,85
Swansea,102,85
