City,Quantity,Product_Code
Swansea,5,115
Swansea,142,115
Newport,197,115
Cardiff,106,115
Bangor,171,115
Swansea,65,115
Cardiff,182,115
Swansea,42,115
Swansea,192,115
Newport,120,115
Cardiff,144,115
Bangor,57,115
Bangor,13,115
Bangor,117,115
Newport,129,115
Swansea,179,115
Cardiff,157,115
Swansea,152,115
Bangor,98,115
Cardiff,5,115
Swansea,172,115
Swansea,46,115
Cardiff,159,115
Cardiff,157,115
Cardiff,113,115
Cardiff,174,115
Newport,93,115
Newport,35,115
Bangor,181,115
Bangor,87,115
Bangor,2,115
Swansea,114,115
Swansea,149,115
Bangor,27,115
Cardiff,199,115
Cardiff,114,115
Newport,85,115
Bangor,70,115
Newport,173,115
Cardiff,79,115
Swansea,40,115
Bangor,41,115
Bangor,149,115
Cardiff,22,115
Bangor,121,115
Bangor,149,115
Swansea,24,115
Cardiff,43,115
Cardiff,38,115
Swansea,196,115
Newport,98,115
Newport,138,115
Cardiff,74,115
Cardiff,107,115
Bangor,112,115
Bangor,6,115
Newport,65,115
Swansea,82,115
Newport,85,115
Cardiff,147,115
Bangor,133,115
Cardiff,181,115
Swansea,114,115
Cardiff,178,115
Swansea,127,115
Newport,164,115
Swansea,78,115
Cardiff,84,115
Swansea,198,115
Newport,81,115
Newport,192,115
Newport,120,115
Bangor,28,115
Cardiff,126,115
Newport,104,115
Swansea,105,115
Newport,124,115
Swansea,198,115
Bangor,136,115
Cardiff,123,115
Cardiff,51,115
Newport,141,115
Newport,105,115
Newport,130,115
Swansea,52,115
Bangor,42,115
Swansea,120,115
Cardiff,81,115
Swansea,196,115
Newport,36,115
Cardiff,76,115
Newport,84,115
Swansea,22,115
Cardiff,191,115
Newport,104,115
Cardiff,11,115
Newport,47,115
Newport,90,115
Swansea,90,115
Newport,170,115
Swansea,95,115
Bangor,66,115
Bangor,187,115
Swansea,151,115
Newport,199,115
Swansea,169,115
Bangor,159,115
Newport,168,115
Swansea,29,115
Cardiff,1,115
Cardiff,105,115
Swansea,47,115
Swansea,169,115
Swansea,36,115
Swansea,99,115
Bangor,198,115
Swansea,20,115
Bangor,2,115
Bangor,143,115
Bangor,99,115
Cardiff,149,115
Bangor,140,115
Newport,51,115
Swansea,156,115
Cardiff,31,115
Newport,42,115
Swansea,84,115
Newport,46,115
Cardiff,19,115
Bangor,69,115
Swansea,104,115
Bangor,32,115
Cardiff,41,115
Newport,13,115
Bangor,82,115
Swansea,115,115
Newport,140,115
Newport,89,115
Newport,76,115
Bangor,127,115
Bangor,121,115
Swansea,77,115
Swansea,148,115
Bangor,86,115
Newport,120,115
Swansea,38,115
Bangor,161,115
Swansea,132,115
Newport,59,115
Cardiff,62,115
Newport,96,115
Newport,116,115
Swansea,26,115
Cardiff,160,115
Newport,147,115
Swansea,65,115
Newport,86,115
Cardiff,79,115
Swansea,67,115
Cardiff,181,115
Newport,4,115
Bangor,70,115
Swansea,138,115
Bangor,193,115
Bangor,154,115
Cardiff,10,115
Cardiff,178,115
Newport,193,115
Newport,102,115
Cardiff,96,115
Newport,174,115
Swansea,62,115
Bangor,105,115
Bangor,64,115
Cardiff,157,115
Swansea,73,115
Newport,137,115
Newport,14,115
Swansea,159,115
Bangor,38,115
Cardiff,170,115
Bangor,153,115
Swansea,80,115
Cardiff,68,115
Newport,157,115
Newport,133,115
Swansea,7,115
Swansea,120,115
Cardiff,172,115
Swansea,193,115
Bangor,178,115
Swansea,147,115
Swansea,121,115
Swansea,107,115
Newport,76,115
Cardiff,51,115
Bangor,138,115
Bangor,144,115
Swansea,171,115
Newport,26,115
Bangor,145,115
Newport,186,115
Bangor,104,115
Cardiff,148,115
Newport,111,115
Newport,82,115
Cardiff,0,115
Newport,116,115
Cardiff,186,115
Swansea,133,115
Newport,189,115
Swansea,121,115
Swansea,145,115
Cardiff,63,115
Swansea,56,115
Newport,146,115
Swansea,88,115
Cardiff,151,115
Newport,81,115
Cardiff,43,115
Swansea,13,115
Newport,74,115
Bangor,64,115
Cardiff,146,115
Bangor,83,115
Bangor,119,115
Swansea,193,115
Newport,95,115
Bangor,133,115
Bangor,5,115
Swansea,92,115
Swansea,91,115
Newport,51,115
Swansea,145,115
Swansea,34,115
Cardiff,96,115
Swansea,122,115
Bangor,131,115
Swansea,132,115
Bangor,95,115
Newport,66,115
Swansea,39,115
Bangor,110,115
Cardiff,112,115
Bangor,86,115
Cardiff,174,115
Bangor,119,115
Cardiff,111,115
Newport,26,115
Bangor,4,115
Cardiff,97,115
