City,Quantity,Product_Code
Cardiff,110,135
Bangor,33,135
Swansea,96,135
Cardiff,138,135
Bangor,179,135
Bangor,106,135
Swansea,170,135
Newport,67,135
Bangor,29,135
Newport,63,135
Bangor,55,135
Cardiff,15,135
Cardiff,100,135
Bangor,186,135
Cardiff,85,135
Cardiff,153,135
Cardiff,150,135
Newport,39,135
Swansea,120,135
Cardiff,25,135
Swansea,34,135
Bangor,64,135
Swansea,149,135
Newport,158,135
Swansea,185,135
Cardiff,130,135
Bangor,108,135
Bangor,108,135
Cardiff,9,135
Bangor,42,135
Swansea,66,135
Newport,156,135
Cardiff,111,135
Bangor,0,135
Newport,111,135
Newport,43,135
Newport,52,135
Swansea,81,135
Swansea,112,135
Newport,24,135
Newport,176,135
Swansea,140,135
Swansea,66,135
Cardiff,63,135
Bangor,147,135
Swansea,72,135
Cardiff,0,135
Bangor,0,135
Bangor,95,135
Cardiff,52,135
Bangor,70,135
Swansea,87,135
Newport,157,135
Cardiff,153,135
Swansea,193,135
Newport,74,135
Cardiff,156,135
Swansea,183,135
Swansea,48,135
Cardiff,67,135
Cardiff,69,135
Cardiff,162,135
Cardiff,184,135
Swansea,72,135
Bangor,118,135
Cardiff,198,135
Swansea,105,135
Bangor,149,135
Bangor,83,135
Bangor,15,135
Bangor,186,135
Swansea,165,135
Newport,65,135
Cardiff,36,135
Swansea,122,135
Bangor,52,135
Bangor,176,135
Swansea,195,135
Swansea,194,135
Newport,2,135
Cardiff,171,135
Newport,68,135
Swansea,145,135
Bangor,136,135
Cardiff,143,135
Cardiff,74,135
Cardiff,188,135
Newport,25,135
Swansea,107,135
Newport,198,135
Cardiff,73,135
Newport,157,135
Newport,124,135
Cardiff,61,135
Swansea,120,135
Cardiff,11,135
Swansea,17,135
Cardiff,50,135
Swansea,32,135
Cardiff,62,135
Cardiff,149,135
Cardiff,45,135
Swansea,172,135
Swansea,18,135
Cardiff,107,135
Bangor,172,135
Bangor,169,135
Swansea,61,135
Swansea,112,135
Cardiff,199,135
Bangor,141,135
Newport,14,135
Swansea,193,135
Newport,76,135
Cardiff,170,135
Cardiff,90,135
Bangor,159,135
Cardiff,125,135
Bangor,191,135
Cardiff,79,135
Bangor,18,135
Swansea,94,135
Newport,123,135
Bangor,97,135
Newport,35,135
Cardiff,50,135
Newport,95,135
Swansea,144,135
Cardiff,131,135
Bangor,28,135
Cardiff,97,135
Bangor,103,135
Bangor,14,135
Bangor,159,135
Cardiff,174,135
Bangor,108,135
Newport,114,135
Bangor,186,135
Newport,26,135
Newport,47,135
Bangor,60,135
Bangor,39,135
Cardiff,36,135
Swansea,106,135
Bangor,31,135
Bangor,136,135
Cardiff,170,135
Cardiff,144,135
Cardiff,57,135
Cardiff,58,135
Bangor,170,135
Bangor,116,135
Newport,30,135
Cardiff,186,135
Bangor,77,135
Bangor,133,135
Swansea,91,135
Bangor,9,135
Bangor,78,135
Bangor,77,135
Swansea,115,135
Swansea,105,135
Newport,129,135
Bangor,41,135
Bangor,39,135
Cardiff,30,135
Swansea,71,135
Newport,118,135
Swansea,169,135
Bangor,53,135
Cardiff,157,135
Cardiff,88,135
Cardiff,97,135
Newport,12,135
Cardiff,128,135
Bangor,86,135
Cardiff,37,135
Bangor,46,135
Cardiff,173,135
Bangor,83,135
Bangor,181,135
Bangor,174,135
Newport,94,135
Cardiff,59,135
Swansea,34,135
Bangor,160,135
Bangor,84,135
Newport,123,135
Newport,114,135
Cardiff,178,135
Cardiff,110,135
Swansea,31,135
Bangor,107,135
Cardiff,72,135
Cardiff,70,135
Swansea,88,135
Bangor,43,135
Cardiff,118,135
Swansea,47,135
Swansea,44,135
Newport,71,135
Newport,87,135
Cardiff,40,135
Cardiff,184,135
Newport,178,135
Cardiff,150,135
Cardiff,152,135
Bangor,162,135
Cardiff,142,135
Swansea,200,135
Bangor,89,135
Cardiff,144,135
Swansea,192,135
Swansea,42,135
Cardiff,4,135
Swansea,60,135
Swansea,98,135
Newport,89,135
Bangor,176,135
Newport,94,135
Cardiff,98,135
Cardiff,54,135
Cardiff,197,135
Bangor,188,135
Newport,191,135
Cardiff,81,135
Cardiff,29,135
Cardiff,169,135
Cardiff,86,135
Swansea,170,135
Bangor,70,135
Swansea,127,135
Bangor,130,135
Swansea,22,135
Newport,88,135
Bangor,69,135
Bangor,100,135
Swansea,20,135
Newport,38,135
Newport,7,135
Newport,161,135
Bangor,88,135
Newport,74,135
Newport,194,135
Cardiff,102,135
Newport,188,135
Newport,56,135
Cardiff,168,135
Bangor,98,135
Newport,119,135
Newport,91,135
