City,Quantity,Product_Code
Swansea,119,45
Newport,16,45
Cardiff,66,45
Cardiff,145,45
Swansea,59,45
Cardiff,58,45
Swansea,147,45
Cardiff,108,45
Cardiff,18,45
Swansea,164,45
Bangor,112,45
Cardiff,50,45
Bangor,187,45
Cardiff,160,45
Swansea,78,45
Newport,170,45
Newport,183,45
Swansea,167,45
Swansea,33,45
Cardiff,80,45
Cardiff,188,45
Cardiff,91,45
Swansea,48,45
Bangor,128,45
Swansea,166,45
Bangor,122,45
Newport,22,45
Cardiff,112,45
Cardiff,71,45
Bangor,105,45
Cardiff,1,45
Bangor,126,45
Newport,48,45
Swansea,56,45
Newport,195,45
Swansea,81,45
Newport,66,45
Newport,81,45
Swansea,198,45
Newport,14,45
Bangor,25,45
Swansea,174,45
Newport,85,45
Newport,156,45
Bangor,168,45
Cardiff,147,45
Cardiff,0,45
Newport,130,45
Cardiff,126,45
Bangor,115,45
Swansea,36,45
Swansea,89,45
Cardiff,21,45
Swansea,162,45
Bangor,68,45
Swansea,18,45
Swansea,10,45
Newport,194,45
Cardiff,67,45
Newport,4,45
Cardiff,161,45
Newport,48,45
Bangor,146,45
Newport,113,45
Bangor,23,45
Newport,12,45
Swansea,126,45
Newport,69,45
Bangor,66,45
Bangor,4,45
Swansea,80,45
Swansea,138,45
Bangor,22,45
Newport,70,45
Cardiff,190,45
Swansea,2,45
Newport,140,45
Cardiff,17,45
Bangor,30,45
Cardiff,181,45
Bangor,70,45
Swansea,174,45
Swansea,126,45
Cardiff,167,45
Newport,31,45
Cardiff,157,45
Newport,118,45
Bangor,98,45
Bangor,59,45
Cardiff,143,45
Newport,67,45
Swansea,174,45
Swansea,193,45
Cardiff,185,45
Newport,3,45
Cardiff,71,45
Swansea,39,45
Bangor,59,45
Swansea,177,45
Cardiff,103,45
Bangor,53,45
Cardiff,117,45
Cardiff,103,45
Swansea,6,45
Newport,79,45
Bangor,166,45
Newport,104,45
Cardiff,198,45
Bangor,165,45
Newport,65,45
Bangor,5,45
Newport,64,45
Cardiff,32,45
Cardiff,94,45
Newport,173,45
Newport,6,45
Bangor,168,45
Bangor,103,45
Newport,14,45
Cardiff,196,45
Swansea,36,45
Bangor,154,45
Newport,150,45
Bangor,104,45
Bangor,127,45
Cardiff,134,45
Swansea,104,45
Bangor,4,45
Newport,160,45
Swansea,143,45
Newport,75,45
Bangor,149,45
Swansea,59,45
Cardiff,185,45
Swansea,16,45
Swansea,81,45
Swansea,100,45
Bangor,135,45
Bangor,111,45
Cardiff,190,45
Cardiff,58,45
Bangor,66,45
Newport,160,45
Swansea,136,45
Newport,51,45
Newport,50,45
Cardiff,68,45
Bangor,58,45
Swansea,14,45
Newport,149,45
Bangor,95,45
Cardiff,128,45
Swansea,78,45
Swansea,81,45
Newport,110,45
Cardiff,116,45
Swansea,74,45
Newport,173,45
Swansea,192,45
Swansea,171,45
Swansea,113,45
Bangor,30,45
Bangor,88,45
Swansea,195,45
Bangor,125,45
Newport,72,45
Swansea,189,45
Bangor,135,45
Bangor,147,45
Cardiff,35,45
Cardiff,141,45
Bangor,185,45
Cardiff,149,45
Bangor,139,45
Bangor,113,45
Bangor,174,45
Cardiff,107,45
Swansea,160,45
Cardiff,123,45
Bangor,13,45
Swansea,4,45
Swansea,88,45
Cardiff,52,45
Bangor,45,45
Swansea,178,45
Swansea,6,45
Cardiff,97,45
Swansea,125,45
Swansea,91,45
Bangor,178,45
Bangor,18,45
Swansea,91,45
Swansea,123,45
Cardiff,17,45
Cardiff,86,45
Cardiff,145,45
Cardiff,98,45
Cardiff,37,45
Bangor,133,45
Swansea,122,45
Newport,13,45
Swansea,59,45
Newport,109,45
Newport,137,45
Newport,70,45
Newport,163,45
Bangor,139,45
Cardiff,54,45
Swansea,67,45
Swansea,148,45
Cardiff,70,45
Swansea,96,45
Cardiff,1,45
Cardiff,106,45
Swansea,49,45
Bangor,68,45
Bangor,28,45
Cardiff,181,45
Newport,62,45
Swansea,191,45
Newport,99,45
Cardiff,160,45
Newport,196,45
Cardiff,146,45
Newport,104,45
Newport,86,45
Bangor,140,45
Newport,114,45
Bangor,17,45
Swansea,89,45
Swansea,53,45
Bangor,58,45
Bangor,200,45
Cardiff,166,45
Bangor,40,45
Newport,27,45
Swansea,122,45
Newport,72,45
Bangor,138,45
Cardiff,124,45
Newport,137,45
Swansea,129,45
Bangor,85,45
Cardiff,191,45
Cardiff,9,45
Newport,192,45
Newport,141,45
Bangor,32,45
Newport,149,45
Newport,88,45
Bangor,82,45
