City,Quantity,Product_Code
Bangor,120,87
Cardiff,65,87
Newport,11,87
Newport,120,87
Cardiff,43,87
Swansea,80,87
Swansea,30,87
Bangor,133,87
Swansea,20,87
Cardiff,40,87
Bangor,105,87
Newport,121,87
Bangor,168,87
Swansea,86,87
Swansea,153,87
Newport,65,87
Swansea,164,87
Newport,30,87
Cardiff,192,87
Newport,11,87
Newport,70,87
Cardiff,83,87
Cardiff,110,87
Cardiff,103,87
Cardiff,150,87
Bangor,6,87
Bangor,106,87
Bangor,69,87
Swansea,194,87
Newport,152,87
Newport,151,87
Swansea,79,87
Bangor,125,87
Newport,189,87
Bangor,85,87
Cardiff,72,87
Bangor,67,87
Newport,29,87
Newport,100,87
Cardiff,30,87
Cardiff,80,87
Newport,82,87
Bangor,11,87
Newport,96,87
Swansea,43,87
Bangor,200,87
Cardiff,116,87
Swansea,145,87
Bangor,134,87
Newport,137,87
Newport,43,87
Bangor,106,87
Bangor,25,87
Bangor,163,87
Swansea,91,87
Swansea,129,87
Bangor,141,87
Bangor,128,87
Bangor,140,87
Newport,90,87
Swansea,144,87
Newport,0,87
Swansea,30,87
Cardiff,182,87
Bangor,48,87
Cardiff,176,87
Swansea,55,87
Swansea,109,87
Cardiff,125,87
Cardiff,53,87
Bangor,185,87
Cardiff,88,87
Bangor,176,87
Newport,180,87
Bangor,79,87
Newport,160,87
Swansea,53,87
Bangor,46,87
Cardiff,88,87
Cardiff,67,87
Cardiff,151,87
Bangor,199,87
Bangor,148,87
Cardiff,113,87
Cardiff,138,87
Swansea,64,87
Bangor,5,87
Bangor,174,87
Bangor,186,87
Swansea,36,87
Swansea,178,87
Swansea,137,87
Swansea,119,87
Bangor,33,87
Newport,118,87
Swansea,199,87
Swansea,189,87
Bangor,166,87
Bangor,145,87
Swansea,16,87
Bangor,161,87
Newport,59,87
Swansea,121,87
Bangor,167,87
Bangor,89,87
Swansea,157,87
Cardiff,112,87
Bangor,8,87
Bangor,184,87
Bangor,128,87
Newport,36,87
Swansea,69,87
Bangor,99,87
Cardiff,55,87
Cardiff,52,87
Cardiff,129,87
Cardiff,140,87
Swansea,129,87
Bangor,23,87
Bangor,154,87
Swansea,151,87
Swansea,67,87
Newport,87,87
Cardiff,45,87
Bangor,74,87
Cardiff,38,87
Newport,27,87
Newport,69,87
Cardiff,127,87
Swansea,118,87
Newport,178,87
Newport,130,87
Newport,100,87
Bangor,112,87
Newport,103,87
Newport,64,87
Newport,104,87
Newport,85,87
Swansea,95,87
Swansea,93,87
Newport,183,87
Swansea,46,87
Cardiff,129,87
Swansea,100,87
Cardiff,72,87
Swansea,109,87
Bangor,70,87
Newport,108,87
Newport,76,87
Cardiff,147,87
Newport,170,87
Cardiff,53,87
Cardiff,97,87
Swansea,164,87
Swansea,10,87
Swansea,72,87
Newport,35,87
Newport,51,87
Bangor,183,87
Swansea,116,87
Newport,86,87
Newport,64,87
Swansea,156,87
Newport,86,87
Bangor,121,87
Cardiff,46,87
Cardiff,26,87
Swansea,86,87
Bangor,20,87
Cardiff,91,87
Cardiff,50,87
Newport,24,87
Newport,102,87
Cardiff,127,87
Swansea,35,87
Swansea,72,87
Swansea,73,87
Swansea,198,87
Newport,14,87
Cardiff,112,87
Swansea,23,87
Cardiff,192,87
Newport,71,87
Cardiff,113,87
Bangor,23,87
Bangor,36,87
Swansea,72,87
Newport,85,87
Cardiff,47,87
Bangor,95,87
Bangor,185,87
Newport,70,87
Newport,192,87
Cardiff,145,87
Swansea,185,87
Cardiff,157,87
Cardiff,74,87
Cardiff,3,87
Swansea,40,87
Swansea,47,87
Newport,30,87
Cardiff,156,87
Newport,181,87
Bangor,67,87
Cardiff,60,87
Newport,182,87
Swansea,74,87
Cardiff,189,87
Swansea,127,87
Newport,38,87
Newport,151,87
Bangor,147,87
Newport,142,87
Bangor,152,87
Newport,50,87
Newport,13,87
Newport,119,87
Cardiff,124,87
Cardiff,11,87
Swansea,196,87
Bangor,199,87
Swansea,177,87
Swansea,157,87
Newport,174,87
Newport,79,87
Cardiff,180,87
Newport,22,87
Swansea,186,87
Cardiff,17,87
Cardiff,88,87
Newport,125,87
Bangor,187,87
Newport,161,87
Bangor,18,87
Newport,39,87
Newport,111,87
Newport,111,87
Newport,127,87
Newport,191,87
Newport,72,87
Swansea,78,87
Bangor,91,87
Newport,124,87
Newport,114,87
Newport,110,87
Swansea,26,87
Swansea,149,87
Bangor,62,87
Cardiff,164,87
Cardiff,53,87
Bangor,188,87
