City,Quantity,Product_Code
Swansea,52,141
Cardiff,29,141
Cardiff,140,141
Newport,193,141
Cardiff,142,141
Cardiff,126,141
Bangor,193,141
Newport,27,141
Cardiff,109,141
Newport,39,141
Cardiff,183,141
Cardiff,132,141
Newport,104,141
Newport,93,141
Bangor,137,141
Bangor,52,141
Swansea,13,141
Bangor,154,141
Cardiff,149,141
Cardiff,132,141
Swansea,196,141
Newport,144,141
Cardiff,188,141
Newport,151,141
Swansea,41,141
Newport,61,141
Swansea,33,141
Swansea,168,141
Newport,107,141
Swansea,191,141
Newport,49,141
Cardiff,192,141
Swansea,154,141
Bangor,144,141
Bangor,179,141
Newport,95,141
Bangor,179,141
Newport,122,141
Bangor,102,141
Swansea,165,141
Swansea,128,141
Cardiff,104,141
Bangor,196,141
Bangor,143,141
Newport,145,141
Cardiff,198,141
Cardiff,168,141
Cardiff,94,141
Newport,48,141
Swansea,113,141
Swansea,120,141
Newport,105,141
Bangor,68,141
Swansea,104,141
Bangor,82,141
Newport,120,141
Swansea,66,141
Swansea,132,141
Swansea,64,141
Cardiff,67,141
Newport,74,141
Newport,7,141
Cardiff,103,141
Bangor,2,141
Cardiff,189,141
Newport,16,141
Swansea,121,141
Newport,0,141
Bangor,74,141
Bangor,30,141
Newport,165,141
Bangor,69,141
Bangor,154,141
Newport,39,141
Cardiff,20,141
Cardiff,125,141
Newport,38,141
Bangor,168,141
Cardiff,189,141
Cardiff,136,141
Newport,51,141
Bangor,179,141
Swansea,59,141
Bangor,128,141
Bangor,188,141
Swansea,185,141
Newport,72,141
Newport,57,141
Newport,3,141
Cardiff,35,141
Swansea,138,141
Cardiff,171,141
Swansea,142,141
Bangor,148,141
Cardiff,156,141
Bangor,30,141
Swansea,186,141
Cardiff,115,141
Bangor,115,141
Bangor,53,141
Swansea,113,141
Bangor,180,141
Newport,101,141
Cardiff,13,141
Swansea,162,141
Bangor,129,141
Newport,68,141
Cardiff,176,141
Newport,194,141
Newport,63,141
Newport,163,141
Newport,149,141
Cardiff,42,141
Cardiff,107,141
Newport,196,141
Swansea,117,141
Newport,93,141
Swansea,82,141
Cardiff,148,141
Bangor,49,141
Swansea,163,141
Cardiff,140,141
Bangor,102,141
Bangor,122,141
Cardiff,77,141
Cardiff,141,141
Cardiff,99,141
Bangor,176,141
Newport,2,141
Cardiff,196,141
Bangor,79,141
Bangor,126,141
Cardiff,134,141
Swansea,94,141
Cardiff,148,141
Bangor,182,141
Swansea,117,141
Cardiff,146,141
Bangor,143,141
Swansea,66,141
Cardiff,68,141
Cardiff,88,141
Newport,170,141
Newport,105,141
Cardiff,121,141
Swansea,53,141
Bangor,92,141
Newport,175,141
Swansea,11,141
Cardiff,168,141
Swansea,8,141
Newport,48,141
Cardiff,184,141
Swansea,114,141
Swansea,143,141
Swansea,158,141
Newport,194,141
Swansea,132,141
Swansea,76,141
Swansea,85,141
Swansea,110,141
Swansea,125,141
Newport,119,141
Bangor,87,141
Cardiff,114,141
Swansea,174,141
Bangor,35,141
Bangor,150,141
Bangor,181,141
Swansea,187,141
Cardiff,147,141
Bangor,52,141
Cardiff,69,141
Newport,43,141
Newport,64,141
Cardiff,153,141
Cardiff,175,141
Swansea,39,141
Swansea,119,141
Swansea,103,141
Bangor,149,141
Bangor,198,141
Bangor,128,141
Newport,174,141
Swansea,54,141
Cardiff,54,141
Newport,25,141
Bangor,180,141
Swansea,26,141
Swansea,42,141
Newport,47,141
Swansea,171,141
Swansea,4,141
Bangor,110,141
Bangor,85,141
Swansea,44,141
Cardiff,37,141
Newport,48,141
Bangor,126,141
Swansea,177,141
Newport,67,141
Swansea,116,141
Swansea,163,141
Newport,15,141
Bangor,144,141
Bangor,196,141
Cardiff,18,141
Bangor,14,141
Cardiff,65,141
Swansea,93,141
Bangor,34,141
Cardiff,95,141
Newport,188,141
Newport,45,141
Newport,55,141
Newport,10,141
Newport,53,141
Swansea,136,141
Bangor,170,141
Bangor,43,141
Bangor,159,141
Bangor,45,141
Swansea,29,141
Cardiff,143,141
Newport,37,141
Newport,41,141
Bangor,162,141
Cardiff,116,141
Newport,43,141
Swansea,126,141
Bangor,148,141
Newport,173,141
Bangor,132,141
Newport,7,141
Newport,80,141
Swansea,198,141
Swansea,178,141
Cardiff,83,141
Swansea,60,141
Cardiff,157,141
Cardiff,103,141
Newport,12,141
Cardiff,40,141
Bangor,195,141
Newport,14,141
Bangor,106,141
Swansea,72,141
Bangor,109,141
Cardiff,189,141
Bangor,36,141
Bangor,138,141
