City,Quantity,Product_Code
Newport,145,6
Bangor,64,6
Cardiff,64,6
Bangor,2,6
Cardiff,158,6
Newport,160,6
Cardiff,39,6
Swansea,145,6
Bangor,173,6
Cardiff,34,6
Cardiff,140,6
Swansea,87,6
Swansea,106,6
Bangor,163,6
Newport,61,6
Newport,116,6
Cardiff,114,6
Newport,195,6
Newport,167,6
Cardiff,165,6
Cardiff,5,6
Bangor,27,6
Swansea,85,6
Cardiff,129,6
Newport,147,6
Newport,126,6
Bangor,200,6
Bangor,17,6
Newport,100,6
Cardiff,23,6
Swansea,72,6
Swansea,93,6
Newport,87,6
Cardiff,152,6
Bangor,69,6
Bangor,83,6
Bangor,187,6
Cardiff,112,6
Cardiff,84,6
Cardiff,190,6
Newport,45,6
Cardiff,28,6
Newport,18,6
Newport,144,6
Cardiff,28,6
Cardiff,44,6
Cardiff,76,6
Bangor,22,6
Bangor,21,6
Newport,101,6
Newport,0,6
Swansea,150,6
Newport,143,6
Swansea,44,6
Newport,63,6
Bangor,191,6
Newport,151,6
Swansea,134,6
Bangor,94,6
Newport,80,6
Swansea,108,6
Newport,123,6
Bangor,130,6
Cardiff,5,6
Newport,193,6
Cardiff,172,6
Swansea,130,6
Newport,200,6
Cardiff,27,6
Cardiff,164,6
Cardiff,34,6
Bangor,20,6
Cardiff,22,6
Bangor,97,6
Bangor,166,6
Bangor,66,6
Cardiff,62,6
Cardiff,112,6
Swansea,171,6
Cardiff,60,6
Bangor,174,6
Bangor,42,6
Bangor,106,6
Cardiff,89,6
Newport,12,6
Bangor,165,6
Newport,8,6
Bangor,184,6
Newport,139,6
Bangor,51,6
Cardiff,126,6
Bangor,177,6
Newport,16,6
Newport,30,6
Cardiff,114,6
Swansea,195,6
Cardiff,195,6
Newport,64,6
Swansea,82,6
Bangor,123,6
Cardiff,80,6
Bangor,21,6
Cardiff,22,6
Swansea,133,6
Cardiff,14,6
Bangor,132,6
Bangor,185,6
Cardiff,79,6
Newport,60,6
Cardiff,177,6
Swansea,192,6
Newport,46,6
Swansea,0,6
Newport,32,6
Bangor,169,6
Bangor,36,6
Swansea,157,6
Cardiff,169,6
Bangor,14,6
Cardiff,109,6
Newport,123,6
Swansea,119,6
Bangor,105,6
Newport,51,6
Bangor,90,6
Bangor,156,6
Swansea,166,6
Bangor,85,6
Newport,155,6
Bangor,161,6
Cardiff,120,6
Newport,80,6
Bangor,124,6
Swansea,75,6
Newport,151,6
Newport,44,6
Swansea,200,6
Bangor,12,6
Bangor,22,6
Swansea,23,6
Cardiff,27,6
Newport,142,6
Swansea,120,6
Bangor,184,6
Bangor,85,6
Newport,67,6
Cardiff,3,6
Swansea,63,6
Bangor,44,6
Swansea,166,6
Newport,110,6
Cardiff,114,6
Newport,106,6
Bangor,62,6
Newport,97,6
Swansea,182,6
Cardiff,60,6
Newport,113,6
Bangor,162,6
Swansea,111,6
Newport,189,6
Swansea,177,6
Cardiff,114,6
Swansea,122,6
Newport,20,6
Bangor,7,6
Bangor,52,6
Cardiff,22,6
Swansea,9,6
Swansea,32,6
Swansea,73,6
Bangor,159,6
Cardiff,107,6
Bangor,112,6
Cardiff,4,6
Newport,189,6
Cardiff,153,6
Swansea,134,6
Swansea,200,6
Swansea,155,6
Swansea,179,6
Newport,77,6
Bangor,173,6
Bangor,190,6
Newport,65,6
Newport,20,6
Swansea,87,6
Bangor,47,6
Bangor,22,6
Cardiff,13,6
Newport,11,6
Bangor,6,6
Swansea,69,6
Swansea,170,6
Bangor,21,6
Newport,20,6
Newport,80,6
Newport,108,6
Bangor,72,6
Bangor,65,6
Bangor,50,6
Newport,128,6
Cardiff,62,6
Newport,42,6
Swansea,36,6
Bangor,42,6
Bangor,166,6
Bangor,16,6
Bangor,149,6
Cardiff,189,6
Newport,149,6
Newport,100,6
Bangor,94,6
Bangor,69,6
Newport,45,6
Cardiff,120,6
Newport,142,6
Newport,80,6
Newport,153,6
Swansea,106,6
Newport,176,6
Cardiff,15,6
Cardiff,20,6
Newport,136,6
Cardiff,53,6
Swansea,68,6
Cardiff,37,6
Cardiff,176,6
Cardiff,1,6
Bangor,164,6
Newport,143,6
Cardiff,163,6
Cardiff,181,6
Bangor,58,6
Newport,147,6
Newport,72,6
Cardiff,139,6
Swansea,196,6
Swansea,195,6
Cardiff,10,6
Cardiff,46,6
Bangor,181,6
Newport,82,6
Bangor,115,6
Swansea,125,6
Bangor,54,6
Swansea,102,6
Swansea,41,6
Newport,50,6
Swansea,119,6
Swansea,62,6
