City,Quantity,Product_Code
Bangor,29,127
Cardiff,167,127
Bangor,6,127
Cardiff,183,127
Bangor,189,127
Cardiff,54,127
Cardiff,72,127
Swansea,159,127
Swansea,138,127
Swansea,90,127
Cardiff,53,127
Newport,41,127
Swansea,54,127
Swansea,75,127
Bangor,50,127
Newport,26,127
Cardiff,174,127
Cardiff,56,127
Swansea,75,127
Swansea,45,127
Newport,54,127
Swansea,150,127
Swansea,109,127
Swansea,165,127
Cardiff,195,127
Swansea,28,127
Swansea,51,127
Cardiff,198,127
Bangor,87,127
Swansea,123,127
Newport,176,127
Cardiff,42,127
Swansea,59,127
Bangor,90,127
Newport,171,127
Swansea,65,127
Cardiff,8,127
Swansea,70,127
Newport,92,127
Bangor,200,127
Swansea,13,127
Swansea,31,127
Swansea,112,127
Bangor,5,127
Swansea,20,127
Swansea,30,127
Bangor,126,127
Newport,14,127
Swansea,167,127
Bangor,194,127
Bangor,30,127
Cardiff,131,127
Cardiff,75,127
Swansea,63,127
Newport,166,127
Bangor,4,127
Cardiff,125,127
Bangor,40,127
Bangor,13,127
Bangor,164,127
Cardiff,199,127
Swansea,199,127
Bangor,101,127
Bangor,180,127
Newport,168,127
Newport,45,127
Cardiff,87,127
Swansea,120,127
Bangor,164,127
Cardiff,179,127
Swansea,181,127
Bangor,175,127
Newport,141,127
Bangor,56,127
Bangor,86,127
Swansea,12,127
Swansea,173,127
Swansea,125,127
Newport,92,127
Swansea,158,127
Newport,25,127
Swansea,83,127
Cardiff,92,127
Swansea,156,127
Swansea,174,127
Bangor,77,127
Cardiff,141,127
Newport,35,127
Bangor,18,127
Cardiff,183,127
Cardiff,167,127
Swansea,166,127
Newport,192,127
Cardiff,122,127
Newport,86,127
Newport,34,127
Newport,167,127
Bangor,199,127
Cardiff,187,127
Bangor,46,127
Newport,145,127
Swansea,111,127
Cardiff,200,127
Bangor,115,127
Bangor,187,127
Cardiff,63,127
Newport,82,127
Bangor,83,127
Newport,167,127
Bangor,91,127
Newport,58,127
Swansea,120,127
Newport,102,127
Bangor,96,127
Newport,28,127
Swansea,162,127
Swansea,194,127
Bangor,110,127
Cardiff,188,127
Newport,43,127
Cardiff,121,127
Swansea,62,127
Newport,102,127
Swansea,45,127
Bangor,67,127
Swansea,79,127
Newport,193,127
Newport,36,127
Newport,71,127
Cardiff,36,127
Bangor,149,127
Bangor,121,127
Cardiff,170,127
Bangor,188,127
Bangor,100,127
Newport,22,127
Swansea,58,127
Cardiff,69,127
Newport,136,127
Swansea,72,127
Newport,5,127
Cardiff,112,127
Newport,8,127
Swansea,172,127
Cardiff,199,127
Cardiff,195,127
Bangor,73,127
Swansea,96,127
Cardiff,142,127
Swansea,73,127
Newport,45,127
Swansea,111,127
Swansea,188,127
Bangor,68,127
Bangor,61,127
Swansea,19,127
Cardiff,39,127
Cardiff,192,127
Newport,174,127
Bangor,176,127
Bangor,10,127
Bangor,102,127
Newport,190,127
Swansea,38,127
Cardiff,179,127
Newport,170,127
Newport,185,127
Swansea,96,127
Newport,54,127
Swansea,32,127
Swansea,49,127
Newport,138,127
Swansea,176,127
Bangor,143,127
Cardiff,89,127
Bangor,73,127
Newport,142,127
Cardiff,152,127
Swansea,42,127
Cardiff,122,127
Newport,90,127
Bangor,146,127
Newport,30,127
Cardiff,64,127
Swansea,80,127
Cardiff,195,127
Cardiff,48,127
Bangor,153,127
Bangor,114,127
Cardiff,124,127
Cardiff,115,127
Newport,131,127
Swansea,140,127
Cardiff,140,127
Swansea,183,127
Swansea,23,127
Cardiff,105,127
Cardiff,111,127
Newport,169,127
Bangor,148,127
Newport,6,127
Newport,27,127
Swansea,58,127
Newport,199,127
Newport,32,127
Bangor,190,127
Cardiff,140,127
Bangor,98,127
Bangor,173,127
Bangor,198,127
Swansea,129,127
Cardiff,54,127
Bangor,93,127
Cardiff,51,127
Bangor,73,127
Cardiff,148,127
Cardiff,145,127
Cardiff,58,127
Bangor,197,127
Swansea,103,127
Bangor,137,127
Cardiff,1,127
Cardiff,26,127
Cardiff,105,127
Bangor,36,127
Cardiff,7,127
Newport,159,127
Swansea,21,127
Swansea,129,127
Swansea,78,127
Cardiff,90,127
Bangor,64,127
Swansea,178,127
Swansea,157,127
Cardiff,191,127
Cardiff,130,127
Swansea,26,127
Cardiff,115,127
Bangor,74,127
Cardiff,117,127
Newport,13,127
Bangor,113,127
Newport,169,127
Swansea,30,127
Newport,105,127
Bangor,130,127
Cardiff,152,127
Cardiff,172,127
Cardiff,154,127
Cardiff,145,127
Bangor,55,127
