City,Quantity,Product_Code
Newport,59,150
Bangor,71,150
Bangor,41,150
Cardiff,15,150
Swansea,114,150
Newport,194,150
Cardiff,53,150
Swansea,176,150
Bangor,0,150
Newport,58,150
Cardiff,173,150
Cardiff,124,150
Newport,181,150
Bangor,9,150
Bangor,102,150
Newport,63,150
Newport,190,150
Swansea,112,150
Swansea,145,150
Swansea,75,150
Swansea,107,150
Swansea,26,150
Cardiff,95,150
Newport,98,150
Cardiff,166,150
Bangor,24,150
Swansea,120,150
Newport,129,150
Bangor,81,150
Swansea,34,150
Cardiff,103,150
Newport,9,150
Swansea,161,150
Swansea,78,150
Newport,184,150
Swansea,193,150
Swansea,171,150
Newport,152,150
Bangor,193,150
Bangor,107,150
Cardiff,173,150
Swansea,144,150
Bangor,187,150
Newport,76,150
Swansea,58,150
Cardiff,40,150
Cardiff,153,150
Newport,79,150
Bangor,44,150
Bangor,126,150
Cardiff,176,150
Newport,56,150
Bangor,119,150
Bangor,76,150
Newport,3,150
Cardiff,48,150
Cardiff,39,150
Cardiff,154,150
Bangor,47,150
Newport,51,150
Newport,37,150
Newport,166,150
Swansea,21,150
Cardiff,60,150
Newport,37,150
Bangor,8,150
Cardiff,83,150
Cardiff,188,150
Bangor,162,150
Cardiff,177,150
Swansea,153,150
Newport,113,150
Newport,26,150
Cardiff,111,150
Newport,11,150
Bangor,186,150
Cardiff,157,150
Bangor,124,150
Cardiff,104,150
Bangor,131,150
Bangor,56,150
Cardiff,158,150
Newport,193,150
Newport,89,150
Swansea,97,150
Bangor,43,150
Swansea,68,150
Bangor,116,150
Cardiff,97,150
Bangor,183,150
Swansea,108,150
Bangor,19,150
Swansea,52,150
Swansea,47,150
Newport,184,150
Cardiff,34,150
Swansea,114,150
Newport,28,150
Newport,70,150
Bangor,37,150
Newport,124,150
Bangor,178,150
Newport,119,150
Bangor,12,150
Bangor,105,150
Bangor,109,150
Newport,172,150
Bangor,199,150
Bangor,168,150
Cardiff,41,150
Bangor,128,150
Bangor,72,150
Swansea,75,150
Newport,8,150
Cardiff,149,150
Bangor,197,150
Newport,171,150
Bangor,183,150
Bangor,101,150
Cardiff,174,150
Newport,109,150
Swansea,11,150
Bangor,153,150
Swansea,92,150
Cardiff,70,150
Newport,63,150
Newport,194,150
Swansea,194,150
Bangor,105,150
Bangor,179,150
Bangor,195,150
Bangor,108,150
Bangor,89,150
Bangor,8,150
Swansea,39,150
Newport,192,150
Swansea,23,150
Bangor,49,150
Swansea,189,150
Bangor,158,150
Bangor,76,150
Newport,178,150
Swansea,60,150
Cardiff,184,150
Cardiff,78,150
Bangor,54,150
Newport,154,150
Swansea,193,150
Bangor,15,150
Swansea,157,150
Newport,149,150
Bangor,102,150
Bangor,77,150
Swansea,145,150
Swansea,149,150
Cardiff,8,150
Cardiff,91,150
Swansea,94,150
Cardiff,90,150
Cardiff,168,150
Bangor,172,150
Newport,23,150
Swansea,35,150
Swansea,23,150
Bangor,95,150
Newport,128,150
Bangor,178,150
Bangor,108,150
Bangor,64,150
Newport,114,150
Newport,179,150
Cardiff,169,150
Bangor,125,150
Newport,12,150
Bangor,1,150
Bangor,26,150
Swansea,149,150
Swansea,115,150
Cardiff,95,150
Bangor,43,150
Swansea,197,150
Bangor,20,150
Cardiff,154,150
Cardiff,129,150
Swansea,129,150
Bangor,1,150
Cardiff,157,150
Bangor,24,150
Cardiff,83,150
Cardiff,109,150
Newport,173,150
Bangor,19,150
Swansea,91,150
Newport,50,150
Newport,70,150
Swansea,92,150
Bangor,24,150
Newport,151,150
Swansea,133,150
Bangor,124,150
Bangor,65,150
Cardiff,77,150
Swansea,138,150
Newport,175,150
Bangor,199,150
Bangor,100,150
Newport,39,150
Swansea,27,150
Swansea,100,150
Swansea,55,150
Bangor,32,150
Bangor,3,150
Swansea,182,150
Swansea,193,150
Bangor,166,150
Newport,112,150
Newport,114,150
Swansea,166,150
Cardiff,61,150
Cardiff,178,150
Swansea,125,150
Swansea,66,150
Newport,173,150
Newport,114,150
Newport,57,150
Cardiff,135,150
Cardiff,166,150
Swansea,85,150
Cardiff,10,150
Newport,159,150
Newport,164,150
Cardiff,180,150
Cardiff,164,150
Newport,0,150
Newport,55,150
Cardiff,134,150
Swansea,1,150
Newport,71,150
Newport,78,150
Bangor,113,150
Cardiff,91,150
Bangor,36,150
Newport,181,150
Swansea,83,150
Cardiff,143,150
Bangor,127,150
Bangor,117,150
Cardiff,99,150
Newport,74,150
Newport,115,150
Bangor,195,150
