City,Quantity,Product_Code
Bangor,126,171
Cardiff,99,171
Bangor,4,171
Bangor,125,171
Swansea,4,171
Bangor,118,171
Cardiff,52,171
Cardiff,109,171
Swansea,112,171
Bangor,8,171
Bangor,154,171
Bangor,148,171
Swansea,125,171
Bangor,122,171
Bangor,118,171
Cardiff,35,171
Cardiff,91,171
Bangor,77,171
Swansea,135,171
Bangor,153,171
Swansea,198,171
Bangor,191,171
Newport,127,171
Newport,148,171
Cardiff,69,171
Bangor,16,171
Cardiff,62,171
Bangor,139,171
Swansea,154,171
Cardiff,103,171
Cardiff,195,171
Bangor,89,171
Bangor,180,171
Cardiff,31,171
Swansea,43,171
Cardiff,38,171
Cardiff,194,171
Bangor,64,171
Swansea,33,171
Cardiff,140,171
Newport,198,171
Swansea,16,171
Bangor,31,171
Swansea,136,171
Cardiff,166,171
Cardiff,56,171
Bangor,142,171
Bangor,48,171
Swansea,196,171
Cardiff,152,171
Bangor,98,171
Cardiff,12,171
Swansea,121,171
Bangor,177,171
Swansea,71,171
Cardiff,156,171
Newport,61,171
Bangor,178,171
Swansea,195,171
Cardiff,75,171
Newport,100,171
Swansea,138,171
Cardiff,8,171
Bangor,34,171
Cardiff,27,171
Newport,66,171
Newport,187,171
Bangor,189,171
Swansea,122,171
Swansea,152,171
Newport,170,171
Newport,147,171
Bangor,131,171
Swansea,12,171
Newport,41,171
Newport,126,171
Swansea,4,171
Cardiff,200,171
Newport,65,171
Cardiff,116,171
Newport,157,171
Newport,5,171
Swansea,120,171
Cardiff,101,171
Bangor,114,171
Cardiff,36,171
Bangor,42,171
Swansea,99,171
Swansea,65,171
Bangor,128,171
Bangor,80,171
Bangor,190,171
Bangor,89,171
Newport,63,171
Bangor,183,171
Newport,198,171
Swansea,131,171
Newport,164,171
Newport,188,171
Bangor,188,171
Newport,112,171
Bangor,51,171
Bangor,143,171
Swansea,96,171
Swansea,121,171
Bangor,113,171
Bangor,187,171
Swansea,188,171
Cardiff,146,171
Swansea,149,171
Swansea,50,171
Cardiff,174,171
Bangor,177,171
Cardiff,62,171
Bangor,16,171
Cardiff,107,171
Newport,75,171
Cardiff,196,171
Swansea,117,171
Bangor,87,171
Bangor,163,171
Swansea,189,171
Newport,40,171
Cardiff,98,171
Newport,0,171
Swansea,108,171
Newport,188,171
Cardiff,84,171
Cardiff,94,171
Cardiff,111,171
Bangor,176,171
Swansea,71,171
Newport,92,171
Bangor,147,171
Swansea,184,171
Bangor,98,171
Bangor,165,171
Cardiff,169,171
Cardiff,61,171
Cardiff,166,171
Bangor,128,171
Cardiff,99,171
Swansea,65,171
Bangor,62,171
Bangor,127,171
Newport,53,171
Newport,128,171
Bangor,146,171
Swansea,100,171
Cardiff,159,171
Cardiff,39,171
Newport,164,171
Bangor,68,171
Bangor,161,171
Swansea,177,171
Cardiff,108,171
Bangor,94,171
Bangor,71,171
Cardiff,150,171
Swansea,52,171
Newport,63,171
Newport,99,171
Bangor,5,171
Swansea,63,171
Swansea,98,171
Bangor,18,171
Swansea,9,171
Swansea,5,171
Bangor,63,171
Cardiff,74,171
Bangor,96,171
Cardiff,163,171
Bangor,142,171
Newport,122,171
Cardiff,7,171
Swansea,22,171
Cardiff,174,171
Bangor,150,171
Newport,118,171
Newport,63,171
Cardiff,56,171
Newport,125,171
Cardiff,193,171
Newport,127,171
Swansea,169,171
Cardiff,53,171
Newport,8,171
Cardiff,65,171
Swansea,120,171
Swansea,97,171
Swansea,113,171
Cardiff,81,171
Bangor,77,171
Bangor,37,171
Swansea,151,171
Newport,123,171
Bangor,93,171
Swansea,144,171
Bangor,167,171
Bangor,177,171
Swansea,195,171
Swansea,46,171
Bangor,110,171
Newport,145,171
Bangor,135,171
Bangor,15,171
Bangor,196,171
Cardiff,45,171
Cardiff,144,171
Newport,86,171
Newport,80,171
Cardiff,126,171
Newport,18,171
Bangor,18,171
Swansea,28,171
Bangor,58,171
Bangor,15,171
Bangor,130,171
Bangor,25,171
Cardiff,62,171
Bangor,158,171
Cardiff,101,171
Newport,156,171
Bangor,4,171
Cardiff,53,171
Swansea,151,171
Cardiff,100,171
Newport,171,171
Swansea,200,171
Newport,153,171
Swansea,23,171
Swansea,91,171
Swansea,11,171
Cardiff,138,171
Cardiff,149,171
Swansea,177,171
Newport,46,171
Newport,17,171
Newport,196,171
Swansea,34,171
Newport,171,171
Bangor,45,171
Swansea,51,171
Bangor,156,171
Cardiff,130,171
Newport,0,171
Swansea,143,171
Swansea,160,171
Swansea,67,171
Cardiff,196,171
Swansea,80,171
