City,Quantity,Product_Code
Cardiff,35,147
Newport,71,147
Bangor,83,147
Swansea,21,147
Newport,120,147
Swansea,198,147
Swansea,179,147
Swansea,157,147
Newport,177,147
Bangor,104,147
Newport,37,147
Swansea,173,147
Bangor,150,147
Swansea,68,147
Cardiff,54,147
Cardiff,128,147
Cardiff,22,147
Swansea,189,147
Swansea,78,147
Newport,82,147
Newport,63,147
Swansea,103,147
Cardiff,68,147
Cardiff,122,147
Cardiff,110,147
Swansea,123,147
Cardiff,94,147
Newport,75,147
Newport,38,147
Swansea,114,147
Bangor,164,147
Bangor,87,147
Swansea,88,147
Newport,108,147
Bangor,53,147
Newport,135,147
Swansea,116,147
Newport,150,147
Newport,44,147
Cardiff,100,147
Bangor,74,147
Cardiff,11,147
Newport,147,147
Newport,69,147
Swansea,196,147
Bangor,99,147
Cardiff,70,147
Bangor,193,147
Swansea,189,147
Bangor,15,147
Cardiff,16,147
Newport,107,147
Bangor,174,147
Newport,168,147
Cardiff,75,147
Bangor,20,147
Cardiff,7,147
Newport,109,147
Swansea,50,147
Swansea,187,147
Newport,101,147
Cardiff,150,147
Newport,200,147
Swansea,157,147
Bangor,39,147
Newport,191,147
Cardiff,145,147
Bangor,73,147
Newport,151,147
Cardiff,20,147
Bangor,162,147
Cardiff,101,147
Bangor,153,147
Newport,194,147
Newport,103,147
Cardiff,49,147
Newport,1,147
Newport,46,147
Newport,193,147
Newport,9,147
Bangor,45,147
Bangor,69,147
Cardiff,49,147
Bangor,164,147
Swansea,132,147
Bangor,81,147
Bangor,95,147
Bangor,172,147
Bangor,78,147
Bangor,73,147
Bangor,41,147
Bangor,193,147
Swansea,182,147
Newport,138,147
Swansea,136,147
Bangor,97,147
Swansea,60,147
Swansea,116,147
Bangor,185,147
Cardiff,48,147
Swansea,91,147
Swansea,199,147
Cardiff,111,147
Swansea,109,147
Swansea,65,147
Bangor,14,147
Cardiff,63,147
Cardiff,70,147
Newport,199,147
Swansea,28,147
Cardiff,18,147
Swansea,126,147
Swansea,129,147
Bangor,171,147
Newport,116,147
Swansea,125,147
Cardiff,24,147
Newport,42,147
Cardiff,110,147
Bangor,3,147
Swansea,38,147
Cardiff,200,147
Swansea,121,147
Newport,53,147
Cardiff,151,147
Bangor,41,147
Swansea,1,147
Cardiff,49,147
Cardiff,84,147
Swansea,160,147
Swansea,114,147
Cardiff,166,147
Swansea,78,147
Swansea,147,147
Newport,191,147
Cardiff,104,147
Swansea,72,147
Bangor,55,147
Bangor,19,147
Newport,55,147
Swansea,72,147
Cardiff,15,147
Cardiff,38,147
Cardiff,64,147
Newport,131,147
Newport,98,147
Cardiff,54,147
Cardiff,185,147
Newport,26,147
Cardiff,15,147
Cardiff,108,147
Swansea,154,147
Swansea,112,147
Bangor,28,147
Bangor,194,147
Bangor,162,147
Swansea,182,147
Bangor,170,147
Bangor,26,147
Bangor,127,147
Bangor,183,147
Bangor,108,147
Newport,144,147
Bangor,17,147
Bangor,200,147
Bangor,183,147
Swansea,82,147
Bangor,99,147
Newport,165,147
Cardiff,11,147
Cardiff,123,147
Bangor,159,147
Cardiff,51,147
Newport,154,147
Newport,123,147
Newport,58,147
Cardiff,172,147
Newport,200,147
Newport,30,147
Cardiff,20,147
Swansea,82,147
Swansea,27,147
Cardiff,110,147
Cardiff,7,147
Swansea,103,147
Swansea,14,147
Bangor,186,147
Bangor,12,147
Newport,109,147
Newport,185,147
Cardiff,144,147
Cardiff,88,147
Swansea,92,147
Cardiff,149,147
Cardiff,55,147
Swansea,46,147
Swansea,136,147
Newport,162,147
Newport,23,147
Cardiff,81,147
Swansea,116,147
Swansea,39,147
Bangor,36,147
Swansea,184,147
Swansea,54,147
Swansea,117,147
Newport,159,147
Cardiff,16,147
Bangor,145,147
Newport,49,147
Bangor,13,147
Cardiff,147,147
Bangor,124,147
Cardiff,171,147
Swansea,122,147
Newport,82,147
Bangor,126,147
Swansea,27,147
Swansea,42,147
Bangor,107,147
Swansea,49,147
Bangor,15,147
Newport,23,147
Bangor,177,147
Bangor,1,147
Newport,21,147
Cardiff,93,147
Bangor,180,147
Newport,193,147
Swansea,49,147
Bangor,129,147
Swansea,152,147
Cardiff,89,147
Cardiff,38,147
Cardiff,160,147
Swansea,157,147
Bangor,197,147
Swansea,99,147
Cardiff,67,147
Bangor,129,147
Cardiff,153,147
Cardiff,110,147
Swansea,63,147
Cardiff,89,147
Newport,164,147
Cardiff,25,147
Cardiff,10,147
Newport,150,147
Newport,127,147
Cardiff,96,147
Swansea,122,147
