City,Quantity,Product_Code
Bangor,108,68
Cardiff,130,68
Bangor,138,68
Bangor,181,68
Cardiff,172,68
Newport,133,68
Bangor,75,68
Bangor,187,68
Bangor,183,68
Bangor,118,68
Cardiff,95,68
Cardiff,2,68
Swansea,5,68
Cardiff,68,68
Newport,157,68
Bangor,147,68
Bangor,46,68
Swansea,140,68
Cardiff,188,68
Cardiff,194,68
Cardiff,184,68
Bangor,47,68
Cardiff,105,68
Newport,124,68
Swansea,141,68
Swansea,106,68
Newport,79,68
Newport,149,68
Bangor,28,68
Swansea,76,68
Newport,68,68
Swansea,177,68
Newport,81,68
Cardiff,53,68
Bangor,161,68
Swansea,28,68
Swansea,160,68
Cardiff,4,68
Bangor,13,68
Newport,128,68
Bangor,2,68
Cardiff,143,68
Newport,20,68
Bangor,186,68
Bangor,93,68
Cardiff,166,68
Newport,66,68
Cardiff,60,68
Cardiff,156,68
Bangor,176,68
Newport,197,68
Cardiff,59,68
Cardiff,86,68
Bangor,24,68
Swansea,173,68
Bangor,91,68
Swansea,156,68
Newport,163,68
Bangor,139,68
Swansea,142,68
Swansea,179,68
Swansea,58,68
Bangor,8,68
Newport,187,68
Bangor,154,68
Swansea,165,68
Cardiff,37,68
Bangor,9,68
Swansea,118,68
Cardiff,99,68
Bangor,88,68
Bangor,16,68
Swansea,163,68
Newport,24,68
Cardiff,79,68
Bangor,66,68
Bangor,16,68
Newport,113,68
Bangor,24,68
Bangor,85,68
Swansea,43,68
Bangor,26,68
Bangor,96,68
Swansea,100,68
Bangor,136,68
Bangor,179,68
Bangor,38,68
Swansea,186,68
Bangor,198,68
Cardiff,173,68
Bangor,106,68
Bangor,24,68
Newport,56,68
Bangor,171,68
Cardiff,7,68
Bangor,46,68
Swansea,56,68
Newport,52,68
Cardiff,81,68
Cardiff,117,68
Bangor,83,68
Newport,151,68
Bangor,132,68
Bangor,155,68
Newport,135,68
Cardiff,177,68
Newport,139,68
Swansea,19,68
Cardiff,91,68
Swansea,85,68
Swansea,85,68
Cardiff,42,68
Swansea,156,68
Newport,174,68
Cardiff,190,68
Bangor,192,68
Swansea,134,68
Newport,92,68
Cardiff,10,68
Swansea,24,68
Swansea,169,68
Cardiff,26,68
Cardiff,74,68
Bangor,27,68
Bangor,198,68
Swansea,135,68
Cardiff,142,68
Swansea,34,68
Bangor,67,68
Cardiff,156,68
Swansea,160,68
Swansea,135,68
Swansea,38,68
Cardiff,180,68
Newport,80,68
Swansea,167,68
Swansea,32,68
Bangor,166,68
Swansea,167,68
Cardiff,171,68
Newport,172,68
Cardiff,183,68
Cardiff,122,68
Cardiff,152,68
Newport,182,68
Cardiff,133,68
Swansea,86,68
Swansea,74,68
Bangor,147,68
Bangor,130,68
Bangor,36,68
Newport,126,68
Newport,133,68
Newport,45,68
Cardiff,52,68
Swansea,160,68
Newport,199,68
Newport,163,68
Bangor,131,68
Cardiff,137,68
Newport,174,68
Newport,181,68
Swansea,8,68
Bangor,82,68
Bangor,188,68
Swansea,125,68
Cardiff,43,68
Newport,111,68
Bangor,196,68
Newport,42,68
Newport,13,68
Cardiff,97,68
Cardiff,193,68
Swansea,149,68
Bangor,31,68
Swansea,129,68
Cardiff,28,68
Newport,49,68
Swansea,130,68
Newport,70,68
Bangor,146,68
Bangor,177,68
Bangor,174,68
Bangor,96,68
Cardiff,44,68
Cardiff,143,68
Cardiff,65,68
Newport,95,68
Swansea,99,68
Bangor,60,68
Newport,121,68
Newport,24,68
Newport,125,68
Newport,87,68
Cardiff,136,68
Newport,26,68
Bangor,162,68
Cardiff,57,68
Bangor,123,68
Newport,128,68
Swansea,18,68
Bangor,156,68
Cardiff,157,68
Newport,52,68
Cardiff,75,68
Newport,139,68
Swansea,86,68
Swansea,156,68
Cardiff,148,68
Bangor,15,68
Swansea,98,68
Cardiff,129,68
Cardiff,191,68
Newport,24,68
Swansea,1,68
Newport,102,68
Bangor,176,68
Cardiff,133,68
Swansea,36,68
Newport,178,68
Swansea,12,68
Swansea,16,68
Swansea,187,68
Swansea,71,68
Swansea,26,68
Bangor,135,68
Bangor,25,68
Cardiff,26,68
Newport,35,68
Swansea,46,68
Bangor,70,68
Swansea,18,68
Swansea,41,68
Cardiff,70,68
Newport,165,68
Swansea,65,68
Cardiff,90,68
Newport,112,68
Bangor,33,68
Cardiff,78,68
Cardiff,159,68
Swansea,116,68
Bangor,143,68
Cardiff,122,68
Newport,165,68
Cardiff,120,68
Newport,157,68
Bangor,74,68
Cardiff,91,68
Newport,138,68
Newport,27,68
