City,Quantity,Product_Code
Newport,168,193
Swansea,24,193
Newport,7,193
Newport,81,193
Swansea,24,193
Cardiff,52,193
Swansea,91,193
Cardiff,137,193
Newport,136,193
Bangor,104,193
Cardiff,71,193
Bangor,70,193
Swansea,10,193
Cardiff,64,193
Newport,127,193
Newport,50,193
Cardiff,85,193
Bangor,84,193
Newport,122,193
Newport,194,193
Bangor,78,193
Swansea,99,193
Bangor,57,193
Swansea,132,193
Newport,62,193
Cardiff,181,193
Swansea,2,193
Newport,162,193
Bangor,153,193
Cardiff,106,193
Cardiff,93,193
Swansea,53,193
Bangor,183,193
Bangor,80,193
Newport,179,193
Swansea,121,193
Newport,153,193
Cardiff,182,193
Swansea,92,193
Bangor,96,193
Newport,129,193
Bangor,75,193
Bangor,187,193
Bangor,156,193
Bangor,187,193
Cardiff,97,193
Newport,151,193
Bangor,40,193
Bangor,166,193
Newport,139,193
Swansea,160,193
Cardiff,37,193
Newport,17,193
Bangor,50,193
Newport,21,193
Cardiff,131,193
Swansea,193,193
Bangor,170,193
Cardiff,107,193
Cardiff,1,193
Cardiff,172,193
Newport,35,193
Swansea,68,193
Newport,70,193
Cardiff,109,193
Swansea,30,193
Newport,24,193
Swansea,107,193
Cardiff,63,193
Bangor,119,193
Swansea,137,193
Newport,50,193
Newport,83,193
Cardiff,90,193
Newport,84,193
Newport,100,193
Newport,62,193
Newport,85,193
Bangor,159,193
Newport,136,193
Bangor,162,193
Bangor,59,193
Swansea,21,193
Swansea,98,193
Newport,154,193
Swansea,97,193
Newport,75,193
Swansea,1,193
Swansea,146,193
Newport,90,193
Cardiff,175,193
Bangor,110,193
Bangor,38,193
Newport,170,193
Bangor,35,193
Newport,178,193
Swansea,0,193
Cardiff,99,193
Swansea,188,193
Cardiff,191,193
Cardiff,2,193
Newport,65,193
Bangor,61,193
Swansea,147,193
Cardiff,16,193
Swansea,180,193
Bangor,41,193
Swansea,24,193
Swansea,143,193
Bangor,102,193
Bangor,162,193
Newport,68,193
Bangor,172,193
Newport,44,193
Newport,125,193
Swansea,81,193
Cardiff,191,193
Cardiff,125,193
Cardiff,69,193
Swansea,71,193
Bangor,135,193
Swansea,176,193
Cardiff,65,193
Newport,81,193
Cardiff,75,193
Newport,27,193
Bangor,125,193
Newport,155,193
Bangor,60,193
Swansea,184,193
Bangor,17,193
Newport,122,193
Newport,98,193
Newport,119,193
Swansea,141,193
Cardiff,160,193
Cardiff,18,193
Swansea,150,193
Newport,154,193
Newport,69,193
Newport,180,193
Newport,4,193
Cardiff,138,193
Swansea,150,193
Newport,61,193
Newport,145,193
Cardiff,47,193
Cardiff,171,193
Newport,165,193
Newport,68,193
Newport,6,193
Swansea,169,193
Cardiff,161,193
Cardiff,137,193
Cardiff,38,193
Bangor,99,193
Swansea,76,193
Swansea,31,193
Newport,106,193
Bangor,175,193
Swansea,129,193
Bangor,161,193
Bangor,98,193
Newport,97,193
Swansea,89,193
Cardiff,103,193
Newport,144,193
Newport,100,193
Newport,128,193
Cardiff,34,193
Bangor,168,193
Newport,42,193
Cardiff,16,193
Newport,152,193
Newport,182,193
Cardiff,86,193
Newport,56,193
Newport,4,193
Cardiff,47,193
Swansea,143,193
Newport,109,193
Bangor,183,193
Swansea,8,193
Swansea,31,193
Swansea,58,193
Newport,48,193
Swansea,193,193
Bangor,176,193
Bangor,191,193
Bangor,83,193
Bangor,164,193
Swansea,157,193
Swansea,126,193
Swansea,27,193
Newport,177,193
Newport,28,193
Bangor,12,193
Newport,23,193
Newport,42,193
Cardiff,36,193
Bangor,39,193
Newport,48,193
Newport,27,193
Cardiff,81,193
Bangor,130,193
Swansea,77,193
Cardiff,133,193
Bangor,20,193
Newport,149,193
Swansea,58,193
Bangor,139,193
Bangor,26,193
Bangor,167,193
Swansea,185,193
Bangor,35,193
Bangor,124,193
Swansea,93,193
Newport,115,193
Newport,151,193
Swansea,106,193
Cardiff,56,193
Newport,24,193
Newport,147,193
Bangor,125,193
Bangor,62,193
Bangor,126,193
Cardiff,70,193
Newport,27,193
Newport,150,193
Bangor,56,193
Bangor,97,193
Swansea,195,193
Swansea,156,193
Cardiff,3,193
Newport,33,193
Bangor,61,193
Cardiff,163,193
Newport,195,193
Swansea,39,193
Bangor,148,193
Cardiff,172,193
Newport,73,193
Bangor,60,193
Newport,93,193
Swansea,167,193
Swansea,128,193
Newport,118,193
Newport,105,193
Swansea,16,193
Newport,107,193
Cardiff,109,193
