City,Quantity,Product_Code
Cardiff,48,10
Bangor,145,10
Swansea,52,10
Bangor,143,10
Newport,152,10
Cardiff,1,10
Bangor,133,10
Bangor,121,10
Newport,11,10
Cardiff,12,10
Newport,39,10
Cardiff,113,10
Bangor,0,10
Swansea,170,10
Cardiff,92,10
Newport,115,10
Cardiff,108,10
Cardiff,69,10
Bangor,8,10
Newport,46,10
Newport,182,10
Swansea,157,10
Bangor,14,10
Bangor,80,10
Bangor,48,10
Newport,160,10
Cardiff,32,10
Swansea,36,10
Cardiff,86,10
Cardiff,194,10
Bangor,151,10
Newport,77,10
Bangor,109,10
Cardiff,33,10
Newport,113,10
Newport,43,10
Swansea,19,10
Cardiff,122,10
Swansea,28,10
Cardiff,14,10
Newport,112,10
Newport,63,10
Newport,10,10
Cardiff,186,10
Newport,156,10
Bangor,193,10
Swansea,176,10
Newport,137,10
Cardiff,152,10
Swansea,198,10
Cardiff,60,10
Cardiff,46,10
Newport,16,10
Bangor,75,10
Cardiff,19,10
Bangor,137,10
Newport,190,10
Newport,186,10
Bangor,89,10
Newport,114,10
Newport,123,10
Newport,152,10
Newport,195,10
Newport,137,10
Cardiff,103,10
Cardiff,43,10
Bangor,90,10
Cardiff,145,10
Newport,38,10
Swansea,53,10
Swansea,141,10
Newport,90,10
Swansea,125,10
Cardiff,124,10
Newport,122,10
Swansea,171,10
Newport,183,10
Newport,88,10
Cardiff,67,10
Swansea,106,10
Bangor,148,10
Bangor,119,10
Newport,75,10
Cardiff,167,10
Bangor,29,10
Cardiff,70,10
Bangor,37,10
Swansea,58,10
Newport,94,10
Cardiff,85,10
Newport,126,10
Cardiff,26,10
Cardiff,172,10
Swansea,148,10
Cardiff,101,10
Newport,76,10
Bangor,187,10
Cardiff,89,10
Bangor,31,10
Cardiff,34,10
Newport,152,10
Newport,148,10
Bangor,41,10
Swansea,116,10
Swansea,59,10
Cardiff,99,10
Bangor,39,10
Swansea,173,10
Newport,111,10
Bangor,23,10
Cardiff,129,10
Cardiff,165,10
Cardiff,138,10
Newport,0,10
Bangor,10,10
Swansea,27,10
Cardiff,152,10
Cardiff,61,10
Bangor,198,10
Bangor,169,10
Bangor,180,10
Newport,78,10
Bangor,127,10
Bangor,49,10
Swansea,170,10
Swansea,105,10
Newport,82,10
Newport,80,10
Cardiff,84,10
Cardiff,188,10
Swansea,49,10
Swansea,78,10
Swansea,35,10
Newport,112,10
Newport,0,10
Cardiff,150,10
Swansea,138,10
Swansea,37,10
Cardiff,30,10
Newport,74,10
Bangor,187,10
Swansea,150,10
Bangor,199,10
Cardiff,82,10
Cardiff,59,10
Cardiff,50,10
Newport,36,10
Newport,58,10
Bangor,60,10
Cardiff,48,10
Newport,9,10
Swansea,160,10
Newport,174,10
Swansea,35,10
Cardiff,132,10
Newport,18,10
Newport,137,10
Bangor,109,10
Newport,200,10
Swansea,46,10
Newport,43,10
Cardiff,98,10
Cardiff,57,10
Swansea,172,10
Bangor,53,10
Swansea,177,10
Newport,193,10
Cardiff,63,10
Swansea,169,10
Cardiff,101,10
Newport,78,10
Cardiff,64,10
Bangor,119,10
Newport,139,10
Cardiff,31,10
Swansea,151,10
Bangor,128,10
Bangor,192,10
Newport,62,10
Bangor,128,10
Swansea,112,10
Bangor,4,10
Swansea,178,10
Swansea,56,10
Cardiff,2,10
Newport,150,10
Swansea,55,10
Bangor,90,10
Newport,184,10
Newport,48,10
Swansea,192,10
Cardiff,113,10
Swansea,31,10
Newport,57,10
Cardiff,175,10
Bangor,147,10
Swansea,123,10
Newport,179,10
Swansea,44,10
Newport,49,10
Cardiff,63,10
Newport,63,10
Swansea,145,10
Swansea,26,10
Newport,189,10
Cardiff,101,10
Newport,73,10
Bangor,106,10
Newport,72,10
Bangor,50,10
Swansea,16,10
Bangor,51,10
Newport,40,10
Newport,160,10
Newport,54,10
Bangor,34,10
Cardiff,21,10
Newport,144,10
Newport,108,10
Cardiff,38,10
Swansea,157,10
Cardiff,54,10
Newport,14,10
Bangor,64,10
Newport,19,10
Newport,195,10
Swansea,80,10
Bangor,136,10
Cardiff,86,10
Bangor,146,10
Bangor,145,10
Swansea,58,10
Bangor,138,10
Newport,107,10
Swansea,4,10
Newport,25,10
Bangor,195,10
Swansea,56,10
Bangor,101,10
Bangor,166,10
Bangor,164,10
Bangor,36,10
Cardiff,106,10
Cardiff,2,10
Swansea,124,10
Swansea,14,10
Swansea,85,10
Cardiff,47,10
Newport,18,10
Swansea,82,10
Newport,189,10
