City,Quantity,Product_Code
Cardiff,83,142
Cardiff,108,142
Cardiff,115,142
Cardiff,38,142
Bangor,183,142
Cardiff,171,142
Cardiff,110,142
Cardiff,83,142
Cardiff,171,142
Cardiff,19,142
Cardiff,39,142
Bangor,150,142
Newport,66,142
Newport,170,142
Newport,171,142
Cardiff,54,142
Bangor,25,142
Bangor,170,142
Swansea,143,142
Newport,144,142
Newport,138,142
Swansea,5,142
Cardiff,174,142
Bangor,97,142
Newport,117,142
Swansea,5,142
Swansea,113,142
Newport,181,142
Swansea,6,142
Swansea,162,142
Newport,53,142
Newport,4,142
Cardiff,56,142
Newport,116,142
Swansea,82,142
Swansea,68,142
Newport,122,142
Newport,97,142
Bangor,75,142
Swansea,142,142
Swansea,110,142
Swansea,178,142
Newport,174,142
Swansea,119,142
Swansea,183,142
Bangor,24,142
Newport,174,142
Newport,140,142
Newport,32,142
Cardiff,143,142
Bangor,176,142
Bangor,72,142
Cardiff,97,142
Cardiff,170,142
Newport,4,142
Bangor,140,142
Newport,132,142
Cardiff,106,142
Newport,71,142
Cardiff,101,142
Newport,35,142
Swansea,81,142
Swansea,105,142
Swansea,48,142
Cardiff,125,142
Swansea,78,142
Newport,133,142
Bangor,37,142
Bangor,76,142
Swansea,142,142
Newport,194,142
Newport,168,142
Newport,38,142
Bangor,144,142
Cardiff,195,142
Cardiff,47,142
Bangor,161,142
Cardiff,114,142
Cardiff,119,142
Swansea,77,142
Swansea,138,142
Bangor,166,142
Swansea,59,142
Bangor,132,142
Swansea,38,142
Newport,121,142
Newport,193,142
Cardiff,4,142
Swansea,97,142
Newport,125,142
Bangor,38,142
Bangor,171,142
Swansea,193,142
Swansea,166,142
Newport,110,142
Newport,147,142
Bangor,137,142
Bangor,157,142
Bangor,131,142
Swansea,50,142
Swansea,58,142
Bangor,156,142
Cardiff,194,142
Bangor,175,142
Newport,160,142
Bangor,26,142
Swansea,50,142
Swansea,191,142
Cardiff,142,142
Cardiff,20,142
Swansea,3,142
Cardiff,159,142
Swansea,185,142
Newport,24,142
Bangor,100,142
Swansea,3,142
Newport,47,142
Swansea,150,142
Bangor,74,142
Newport,37,142
Newport,49,142
Newport,195,142
Swansea,105,142
Bangor,50,142
Bangor,143,142
Cardiff,172,142
Bangor,113,142
Cardiff,161,142
Newport,102,142
Cardiff,23,142
Newport,19,142
Cardiff,177,142
Bangor,63,142
Cardiff,144,142
Bangor,167,142
Cardiff,121,142
Cardiff,94,142
Cardiff,175,142
Newport,81,142
Bangor,76,142
Cardiff,84,142
Newport,7,142
Newport,86,142
Swansea,143,142
Cardiff,66,142
Bangor,11,142
Swansea,57,142
Newport,133,142
Newport,127,142
Bangor,94,142
Bangor,69,142
Newport,102,142
Bangor,23,142
Bangor,177,142
Bangor,97,142
Newport,76,142
Newport,23,142
Bangor,199,142
Swansea,46,142
Cardiff,119,142
Swansea,3,142
Cardiff,117,142
Bangor,121,142
Newport,29,142
Bangor,169,142
Swansea,149,142
Newport,2,142
Swansea,78,142
Cardiff,166,142
Cardiff,7,142
Newport,47,142
Swansea,104,142
Swansea,17,142
Cardiff,129,142
Bangor,77,142
Newport,78,142
Newport,172,142
Bangor,28,142
Newport,95,142
Cardiff,41,142
Cardiff,53,142
Newport,35,142
Cardiff,100,142
Newport,129,142
Bangor,93,142
Swansea,105,142
Bangor,141,142
Cardiff,80,142
Cardiff,83,142
Bangor,154,142
Cardiff,140,142
Bangor,31,142
Newport,71,142
Bangor,167,142
Cardiff,164,142
Newport,172,142
Cardiff,134,142
Bangor,91,142
Newport,100,142
Newport,56,142
Bangor,159,142
Swansea,115,142
Swansea,190,142
Bangor,60,142
Newport,131,142
Cardiff,127,142
Bangor,61,142
Bangor,32,142
Newport,8,142
Swansea,117,142
Swansea,36,142
Bangor,196,142
Bangor,57,142
Swansea,52,142
Cardiff,143,142
Cardiff,166,142
Newport,114,142
Bangor,182,142
Newport,67,142
Swansea,3,142
Newport,32,142
Swansea,55,142
Newport,120,142
Cardiff,161,142
Bangor,144,142
Bangor,89,142
Newport,11,142
Bangor,164,142
Newport,29,142
Bangor,41,142
Bangor,128,142
Newport,89,142
Swansea,12,142
Bangor,121,142
Swansea,62,142
Bangor,85,142
Bangor,69,142
Cardiff,92,142
Bangor,116,142
Cardiff,173,142
Bangor,195,142
Newport,103,142
Bangor,189,142
Cardiff,111,142
Swansea,166,142
Newport,30,142
Bangor,13,142
Swansea,199,142
Cardiff,197,142
Bangor,131,142
Bangor,87,142
