City,Quantity,Product_Code
Bangor,198,172
Bangor,53,172
Swansea,171,172
Swansea,196,172
Bangor,139,172
Bangor,129,172
Bangor,26,172
Newport,96,172
Bangor,74,172
Newport,170,172
Bangor,10,172
Swansea,133,172
Bangor,37,172
Bangor,60,172
Bangor,140,172
Bangor,125,172
Cardiff,107,172
Cardiff,135,172
Bangor,167,172
Newport,195,172
Bangor,127,172
Cardiff,174,172
Swansea,92,172
Cardiff,28,172
Newport,193,172
Cardiff,192,172
Cardiff,197,172
Newport,147,172
Swansea,158,172
Cardiff,72,172
Cardiff,166,172
Newport,156,172
Newport,97,172
Newport,178,172
Swansea,99,172
Bangor,40,172
Swansea,6,172
Bangor,94,172
Swansea,74,172
Cardiff,79,172
Cardiff,178,172
Cardiff,39,172
Swansea,75,172
Bangor,77,172
Bangor,35,172
Bangor,49,172
Cardiff,14,172
Swansea,42,172
Bangor,165,172
Newport,126,172
Newport,64,172
Cardiff,61,172
Swansea,115,172
Swansea,107,172
Swansea,70,172
Bangor,38,172
Newport,168,172
Newport,63,172
Newport,104,172
Bangor,172,172
Bangor,188,172
Newport,82,172
Newport,161,172
Bangor,198,172
Bangor,47,172
Newport,131,172
Swansea,82,172
Swansea,130,172
Bangor,97,172
Newport,125,172
Bangor,47,172
Newport,186,172
Newport,101,172
Swansea,45,172
Swansea,100,172
Swansea,57,172
Swansea,183,172
Newport,98,172
Swansea,42,172
Newport,33,172
Cardiff,0,172
Swansea,107,172
Newport,62,172
Cardiff,123,172
Newport,196,172
Swansea,0,172
Bangor,132,172
Newport,5,172
Bangor,34,172
Newport,135,172
Bangor,107,172
Newport,146,172
Bangor,153,172
Cardiff,191,172
Cardiff,111,172
Swansea,29,172
Newport,124,172
Newport,169,172
Newport,111,172
Swansea,135,172
Newport,159,172
Swansea,88,172
Cardiff,192,172
Swansea,157,172
Newport,89,172
Newport,157,172
Bangor,24,172
Newport,120,172
Cardiff,40,172
Bangor,19,172
Swansea,56,172
Newport,168,172
Newport,113,172
Bangor,124,172
Swansea,182,172
Bangor,112,172
Bangor,164,172
Swansea,45,172
Swansea,79,172
Newport,136,172
Bangor,71,172
Cardiff,171,172
Newport,70,172
Cardiff,148,172
Swansea,80,172
Newport,92,172
Swansea,145,172
Cardiff,95,172
Swansea,67,172
Swansea,141,172
Swansea,5,172
Bangor,66,172
Bangor,40,172
Bangor,158,172
Newport,198,172
Swansea,134,172
Newport,142,172
Newport,113,172
Cardiff,5,172
Newport,196,172
Cardiff,5,172
Swansea,104,172
Bangor,98,172
Swansea,7,172
Bangor,57,172
Newport,199,172
Cardiff,76,172
Bangor,194,172
Newport,21,172
Newport,173,172
Swansea,140,172
Cardiff,21,172
Bangor,174,172
Swansea,90,172
Newport,144,172
Bangor,69,172
Cardiff,67,172
Cardiff,130,172
Cardiff,0,172
Newport,91,172
Cardiff,196,172
Newport,32,172
Swansea,146,172
Bangor,92,172
Swansea,52,172
Swansea,111,172
Cardiff,137,172
Newport,81,172
Swansea,51,172
Bangor,121,172
Newport,174,172
Bangor,136,172
Newport,94,172
Bangor,132,172
Cardiff,82,172
Bangor,44,172
Cardiff,0,172
Newport,64,172
Cardiff,76,172
Bangor,109,172
Newport,121,172
Bangor,127,172
Swansea,178,172
Newport,167,172
Bangor,181,172
Bangor,155,172
Bangor,86,172
Swansea,43,172
Cardiff,169,172
Newport,115,172
Bangor,94,172
Bangor,4,172
Cardiff,162,172
Swansea,14,172
Newport,22,172
Bangor,25,172
Bangor,38,172
Swansea,41,172
Swansea,134,172
Swansea,175,172
Bangor,33,172
Cardiff,33,172
Bangor,184,172
Cardiff,173,172
Cardiff,104,172
Cardiff,126,172
Newport,74,172
Swansea,80,172
Swansea,1,172
Swansea,104,172
Newport,104,172
Cardiff,175,172
Cardiff,79,172
Cardiff,34,172
Swansea,96,172
Newport,153,172
Cardiff,131,172
Newport,76,172
Bangor,71,172
Bangor,189,172
Cardiff,52,172
Cardiff,23,172
Newport,25,172
Swansea,26,172
Newport,152,172
Newport,113,172
Bangor,160,172
Newport,68,172
Cardiff,57,172
Swansea,49,172
Cardiff,80,172
Cardiff,163,172
Newport,8,172
Bangor,136,172
Cardiff,36,172
Newport,159,172
Bangor,139,172
Newport,40,172
Newport,148,172
Newport,25,172
Swansea,79,172
Cardiff,32,172
Cardiff,43,172
Bangor,162,172
Cardiff,117,172
Bangor,134,172
Cardiff,59,172
Swansea,128,172
Newport,126,172
Newport,143,172
Bangor,135,172
