City,Quantity,Product_Code
Swansea,63,157
Swansea,13,157
Bangor,103,157
Bangor,102,157
Newport,40,157
Cardiff,80,157
Bangor,153,157
Swansea,149,157
Bangor,145,157
Swansea,127,157
Newport,84,157
Cardiff,51,157
Swansea,30,157
Newport,101,157
Bangor,3,157
Newport,142,157
Cardiff,18,157
Bangor,161,157
Newport,132,157
Cardiff,28,157
Swansea,108,157
Cardiff,149,157
Newport,115,157
Swansea,137,157
Bangor,61,157
Bangor,84,157
Cardiff,144,157
Newport,192,157
Bangor,173,157
Bangor,53,157
Cardiff,154,157
Newport,8,157
Bangor,6,157
Newport,190,157
Cardiff,161,157
Newport,193,157
Swansea,174,157
Newport,35,157
Newport,36,157
Swansea,6,157
Cardiff,31,157
Swansea,151,157
Cardiff,181,157
Swansea,23,157
Swansea,200,157
Cardiff,38,157
Cardiff,18,157
Swansea,194,157
Swansea,125,157
Cardiff,55,157
Newport,59,157
Cardiff,86,157
Cardiff,15,157
Bangor,194,157
Bangor,80,157
Newport,42,157
Swansea,33,157
Cardiff,174,157
Cardiff,194,157
Newport,116,157
Swansea,79,157
Newport,75,157
Swansea,173,157
Cardiff,42,157
Newport,62,157
Newport,146,157
Cardiff,1,157
Newport,150,157
Cardiff,173,157
Newport,117,157
Newport,14,157
Cardiff,53,157
Bangor,154,157
Swansea,121,157
Cardiff,167,157
Bangor,50,157
Cardiff,134,157
Newport,177,157
Swansea,64,157
Cardiff,190,157
Cardiff,51,157
Swansea,31,157
Newport,89,157
Cardiff,3,157
Swansea,34,157
Cardiff,166,157
Swansea,76,157
Bangor,172,157
Newport,50,157
Newport,133,157
Bangor,22,157
Cardiff,26,157
Swansea,165,157
Cardiff,102,157
Newport,132,157
Swansea,76,157
Bangor,117,157
Cardiff,55,157
Cardiff,100,157
Bangor,99,157
Bangor,79,157
Cardiff,140,157
Cardiff,164,157
Newport,59,157
Bangor,58,157
Swansea,196,157
Cardiff,103,157
Cardiff,48,157
Swansea,93,157
Bangor,153,157
Newport,72,157
Swansea,18,157
Bangor,37,157
Bangor,104,157
Newport,191,157
Newport,196,157
Swansea,23,157
Newport,195,157
Bangor,37,157
Newport,133,157
Bangor,171,157
Bangor,112,157
Bangor,114,157
Bangor,114,157
Newport,128,157
Bangor,5,157
Bangor,148,157
Newport,3,157
Bangor,141,157
Swansea,112,157
Newport,151,157
Newport,161,157
Swansea,196,157
Bangor,108,157
Cardiff,9,157
Bangor,20,157
Cardiff,23,157
Swansea,102,157
Newport,137,157
Bangor,47,157
Cardiff,98,157
Swansea,58,157
Newport,80,157
Newport,140,157
Bangor,13,157
Swansea,57,157
Swansea,93,157
Bangor,118,157
Cardiff,98,157
Cardiff,65,157
Newport,164,157
Bangor,146,157
Cardiff,56,157
Bangor,32,157
Newport,111,157
Bangor,196,157
Newport,168,157
Newport,33,157
Newport,0,157
Bangor,189,157
Bangor,121,157
Bangor,6,157
Cardiff,184,157
Newport,11,157
Cardiff,26,157
Bangor,63,157
Bangor,30,157
Swansea,172,157
Cardiff,27,157
Bangor,106,157
Cardiff,164,157
Cardiff,152,157
Cardiff,168,157
Newport,103,157
Swansea,54,157
Newport,116,157
Newport,50,157
Bangor,56,157
Swansea,61,157
Cardiff,54,157
Cardiff,21,157
Bangor,88,157
Newport,158,157
Bangor,199,157
Swansea,169,157
Cardiff,113,157
Newport,47,157
Bangor,77,157
Cardiff,43,157
Newport,142,157
Newport,39,157
Swansea,152,157
Bangor,151,157
Swansea,193,157
Swansea,0,157
Swansea,66,157
Cardiff,26,157
Cardiff,74,157
Bangor,159,157
Swansea,148,157
Bangor,67,157
Swansea,32,157
Swansea,61,157
Bangor,31,157
Bangor,145,157
Cardiff,150,157
Bangor,28,157
Bangor,2,157
Cardiff,47,157
Newport,163,157
Swansea,153,157
Newport,98,157
Cardiff,158,157
Cardiff,124,157
Cardiff,73,157
Swansea,162,157
Swansea,193,157
Bangor,157,157
Cardiff,132,157
Bangor,125,157
Swansea,197,157
Swansea,28,157
Cardiff,73,157
Newport,148,157
Bangor,194,157
Swansea,113,157
Bangor,102,157
Cardiff,140,157
Cardiff,57,157
Cardiff,110,157
Cardiff,80,157
Newport,62,157
Bangor,144,157
Newport,141,157
Newport,90,157
Newport,38,157
Swansea,25,157
Cardiff,4,157
Swansea,179,157
Newport,89,157
Cardiff,127,157
Bangor,64,157
Bangor,161,157
Swansea,163,157
Newport,60,157
Cardiff,76,157
Swansea,179,157
Newport,197,157
Newport,14,157
Newport,144,157
Newport,118,157
