City,Quantity,Product_Code
Cardiff,104,192
Bangor,28,192
Cardiff,187,192
Bangor,81,192
Swansea,199,192
Swansea,184,192
Swansea,67,192
Bangor,175,192
Newport,32,192
Bangor,120,192
Newport,77,192
Newport,90,192
Bangor,173,192
Bangor,92,192
Cardiff,90,192
Swansea,95,192
Swansea,169,192
Swansea,43,192
Newport,41,192
Newport,144,192
Newport,92,192
Swansea,147,192
Newport,12,192
Swansea,116,192
Swansea,180,192
Newport,20,192
Bangor,77,192
Cardiff,83,192
Newport,13,192
Newport,161,192
Cardiff,113,192
Newport,78,192
Newport,68,192
Cardiff,125,192
Cardiff,171,192
Cardiff,98,192
Swansea,53,192
Cardiff,96,192
Newport,167,192
Swansea,99,192
Bangor,19,192
Cardiff,196,192
Swansea,126,192
Swansea,60,192
Bangor,143,192
Newport,48,192
Newport,155,192
Cardiff,4,192
Newport,141,192
Bangor,85,192
Bangor,101,192
Newport,181,192
Newport,181,192
Newport,103,192
Swansea,76,192
Cardiff,178,192
Newport,190,192
Cardiff,159,192
Swansea,98,192
Newport,58,192
Newport,40,192
Cardiff,114,192
Swansea,83,192
Bangor,87,192
Bangor,10,192
Newport,134,192
Swansea,129,192
Newport,124,192
Cardiff,168,192
Cardiff,50,192
Bangor,110,192
Swansea,26,192
Cardiff,117,192
Bangor,90,192
Cardiff,116,192
Cardiff,187,192
Swansea,46,192
Newport,16,192
Newport,168,192
Bangor,141,192
Newport,55,192
Cardiff,14,192
Swansea,161,192
Newport,70,192
Bangor,57,192
Cardiff,0,192
Bangor,60,192
Cardiff,91,192
Bangor,42,192
Cardiff,97,192
Bangor,93,192
Swansea,39,192
Newport,96,192
Cardiff,34,192
Newport,112,192
Bangor,55,192
Bangor,55,192
Cardiff,199,192
Newport,152,192
Bangor,187,192
Bangor,63,192
Newport,43,192
Swansea,134,192
Newport,57,192
Newport,66,192
Newport,198,192
Cardiff,192,192
Bangor,175,192
Swansea,115,192
Newport,76,192
Newport,160,192
Bangor,177,192
Newport,117,192
Newport,18,192
Swansea,157,192
Newport,8,192
Newport,23,192
Cardiff,51,192
Cardiff,43,192
Newport,137,192
Bangor,17,192
Swansea,22,192
Bangor,61,192
Cardiff,72,192
Swansea,34,192
Bangor,0,192
Bangor,140,192
Cardiff,125,192
Swansea,51,192
Bangor,66,192
Bangor,11,192
Cardiff,58,192
Newport,146,192
Newport,125,192
Swansea,184,192
Newport,182,192
Bangor,116,192
Swansea,57,192
Cardiff,88,192
Swansea,98,192
Newport,138,192
Cardiff,64,192
Swansea,6,192
Newport,174,192
Cardiff,115,192
Bangor,69,192
Cardiff,3,192
Cardiff,171,192
Newport,43,192
Newport,129,192
Bangor,129,192
Cardiff,106,192
Newport,85,192
Bangor,197,192
Swansea,142,192
Cardiff,50,192
Cardiff,30,192
Newport,94,192
Newport,82,192
Cardiff,141,192
Bangor,113,192
Bangor,109,192
Bangor,74,192
Cardiff,146,192
Newport,59,192
Swansea,53,192
Newport,37,192
Cardiff,125,192
Swansea,32,192
Bangor,19,192
Bangor,195,192
Bangor,43,192
Newport,31,192
Newport,115,192
Swansea,0,192
Bangor,45,192
Newport,165,192
Newport,79,192
Cardiff,110,192
Swansea,184,192
Cardiff,71,192
Swansea,175,192
Cardiff,168,192
Swansea,169,192
Newport,161,192
Newport,19,192
Cardiff,69,192
Bangor,25,192
Newport,194,192
Newport,190,192
Bangor,59,192
Cardiff,86,192
Swansea,188,192
Cardiff,168,192
Bangor,87,192
Swansea,197,192
Bangor,131,192
Swansea,51,192
Swansea,112,192
Swansea,76,192
Bangor,138,192
Cardiff,53,192
Bangor,164,192
Cardiff,181,192
Bangor,192,192
Swansea,176,192
Cardiff,129,192
Swansea,15,192
Newport,137,192
Cardiff,39,192
Newport,156,192
Bangor,187,192
Cardiff,111,192
Swansea,167,192
Cardiff,136,192
Bangor,192,192
Cardiff,51,192
Swansea,12,192
Cardiff,187,192
Cardiff,44,192
Cardiff,33,192
Swansea,137,192
Swansea,95,192
Swansea,54,192
Newport,128,192
Newport,51,192
Cardiff,96,192
Swansea,12,192
Swansea,28,192
Cardiff,117,192
Swansea,76,192
Bangor,80,192
Bangor,179,192
Cardiff,87,192
Newport,43,192
Newport,128,192
Swansea,148,192
Bangor,150,192
Newport,33,192
Bangor,15,192
Bangor,20,192
Cardiff,187,192
Newport,73,192
Newport,61,192
Bangor,44,192
Newport,73,192
Bangor,20,192
Cardiff,99,192
Swansea,163,192
Bangor,82,192
Cardiff,36,192
