City,Quantity,Product_Code
Newport,78,88
Cardiff,198,88
Swansea,62,88
Bangor,79,88
Bangor,35,88
Newport,121,88
Cardiff,66,88
Newport,109,88
Swansea,39,88
Newport,157,88
Bangor,137,88
Swansea,5,88
Swansea,109,88
Bangor,158,88
Bangor,54,88
Bangor,61,88
Bangor,163,88
Swansea,200,88
Bangor,196,88
Swansea,59,88
Cardiff,51,88
Cardiff,21,88
Bangor,134,88
Cardiff,189,88
Swansea,147,88
Newport,157,88
Swansea,12,88
Bangor,49,88
Newport,9,88
Bangor,17,88
Swansea,184,88
Swansea,197,88
Cardiff,17,88
Bangor,118,88
Bangor,52,88
Cardiff,107,88
Cardiff,37,88
Cardiff,186,88
Cardiff,116,88
Cardiff,8,88
Swansea,198,88
Newport,196,88
Bangor,110,88
Bangor,49,88
Newport,195,88
Cardiff,72,88
Cardiff,74,88
Bangor,94,88
Newport,188,88
Bangor,6,88
Newport,109,88
Newport,99,88
Newport,4,88
Newport,46,88
Newport,11,88
Swansea,168,88
Cardiff,103,88
Cardiff,158,88
Bangor,132,88
Swansea,162,88
Newport,0,88
Bangor,123,88
Bangor,147,88
Cardiff,123,88
Newport,7,88
Swansea,46,88
Cardiff,34,88
Cardiff,19,88
Swansea,160,88
Newport,106,88
Newport,111,88
Cardiff,121,88
Newport,80,88
Bangor,62,88
Cardiff,0,88
Newport,38,88
Cardiff,91,88
Newport,4,88
Bangor,5,88
Newport,127,88
Cardiff,101,88
Newport,116,88
Swansea,126,88
Cardiff,48,88
Swansea,133,88
Newport,126,88
Bangor,43,88
Cardiff,121,88
Newport,194,88
Cardiff,103,88
Swansea,194,88
Bangor,80,88
Newport,114,88
Newport,4,88
Bangor,153,88
Swansea,38,88
Cardiff,105,88
Newport,164,88
Swansea,185,88
Cardiff,92,88
Bangor,57,88
Newport,43,88
Bangor,178,88
Newport,61,88
Cardiff,195,88
Newport,171,88
Newport,111,88
Swansea,92,88
Swansea,30,88
Cardiff,9,88
Swansea,64,88
Swansea,124,88
Swansea,79,88
Cardiff,53,88
Bangor,123,88
Newport,53,88
Bangor,89,88
Swansea,90,88
Swansea,150,88
Newport,146,88
Swansea,58,88
Newport,11,88
Newport,173,88
Cardiff,169,88
Bangor,200,88
Cardiff,106,88
Newport,192,88
Bangor,196,88
Cardiff,60,88
Swansea,161,88
Swansea,138,88
Bangor,54,88
Cardiff,188,88
Cardiff,163,88
Newport,84,88
Bangor,160,88
Swansea,29,88
Swansea,168,88
Cardiff,7,88
Newport,149,88
Swansea,112,88
Swansea,60,88
Newport,154,88
Newport,8,88
Bangor,77,88
Bangor,51,88
Swansea,3,88
Newport,41,88
Cardiff,169,88
Swansea,9,88
Bangor,173,88
Newport,159,88
Swansea,142,88
Bangor,104,88
Cardiff,35,88
Cardiff,13,88
Bangor,30,88
Newport,157,88
Bangor,16,88
Bangor,70,88
Cardiff,196,88
Newport,13,88
Cardiff,49,88
Swansea,157,88
Newport,195,88
Newport,55,88
Swansea,52,88
Bangor,149,88
Cardiff,150,88
Cardiff,123,88
Bangor,7,88
Bangor,172,88
Newport,29,88
Cardiff,119,88
Cardiff,33,88
Swansea,126,88
Swansea,125,88
Swansea,166,88
Newport,85,88
Swansea,98,88
Swansea,11,88
Swansea,42,88
Bangor,125,88
Newport,19,88
Swansea,69,88
Bangor,56,88
Newport,64,88
Newport,192,88
Swansea,168,88
Bangor,30,88
Bangor,121,88
Swansea,46,88
Bangor,122,88
Cardiff,146,88
Swansea,161,88
Bangor,82,88
Bangor,129,88
Cardiff,76,88
Newport,190,88
Swansea,114,88
Swansea,168,88
Bangor,20,88
Bangor,22,88
Swansea,100,88
Bangor,156,88
Cardiff,186,88
Cardiff,149,88
Swansea,111,88
Swansea,183,88
Cardiff,114,88
Bangor,176,88
Bangor,169,88
Cardiff,150,88
Newport,194,88
Bangor,179,88
Cardiff,135,88
Newport,17,88
Cardiff,198,88
Swansea,99,88
Bangor,40,88
Cardiff,186,88
Swansea,198,88
Bangor,84,88
Swansea,106,88
Swansea,168,88
Newport,41,88
Cardiff,195,88
Cardiff,121,88
Newport,68,88
Cardiff,87,88
Cardiff,150,88
Swansea,174,88
Newport,200,88
Newport,139,88
Newport,6,88
Swansea,177,88
Cardiff,188,88
Cardiff,112,88
Bangor,6,88
Newport,120,88
Newport,101,88
Bangor,134,88
Swansea,47,88
Swansea,96,88
Bangor,135,88
Bangor,107,88
Bangor,45,88
Swansea,109,88
Swansea,20,88
Swansea,12,88
Cardiff,158,88
