City,Quantity,Product_Code
Bangor,160,133
Bangor,53,133
Bangor,43,133
Swansea,86,133
Cardiff,190,133
Swansea,66,133
Cardiff,36,133
Bangor,137,133
Newport,78,133
Bangor,103,133
Cardiff,52,133
Newport,150,133
Bangor,101,133
Newport,137,133
Bangor,71,133
Bangor,17,133
Swansea,181,133
Bangor,107,133
Swansea,102,133
Bangor,145,133
Cardiff,159,133
Cardiff,83,133
Cardiff,152,133
Cardiff,156,133
Bangor,10,133
Newport,141,133
Newport,129,133
Swansea,164,133
Cardiff,51,133
Newport,69,133
Swansea,153,133
Swansea,94,133
Bangor,72,133
Swansea,198,133
Newport,136,133
Cardiff,39,133
Bangor,44,133
Cardiff,148,133
Bangor,170,133
Swansea,126,133
Bangor,83,133
Cardiff,173,133
Bangor,121,133
Bangor,36,133
Bangor,70,133
Cardiff,42,133
Cardiff,9,133
Newport,49,133
Newport,116,133
Newport,117,133
Swansea,10,133
Cardiff,55,133
Cardiff,147,133
Bangor,3,133
Newport,66,133
Bangor,46,133
Newport,27,133
Newport,16,133
Cardiff,3,133
Newport,150,133
Newport,127,133
Bangor,2,133
Swansea,163,133
Bangor,93,133
Cardiff,71,133
Cardiff,48,133
Cardiff,67,133
Swansea,23,133
Cardiff,181,133
Bangor,193,133
Swansea,191,133
Newport,108,133
Cardiff,89,133
Swansea,88,133
Cardiff,140,133
Bangor,13,133
Bangor,156,133
Swansea,108,133
Swansea,7,133
Cardiff,124,133
Swansea,135,133
Bangor,133,133
Bangor,19,133
Cardiff,21,133
Bangor,79,133
Cardiff,88,133
Newport,101,133
Cardiff,93,133
Bangor,133,133
Swansea,141,133
Swansea,26,133
Bangor,6,133
Cardiff,22,133
Bangor,179,133
Newport,178,133
Swansea,123,133
Newport,31,133
Newport,153,133
Swansea,133,133
Bangor,30,133
Newport,126,133
Cardiff,92,133
Newport,185,133
Cardiff,193,133
Newport,149,133
Cardiff,6,133
Cardiff,136,133
Bangor,51,133
Cardiff,73,133
Bangor,27,133
Newport,18,133
Newport,15,133
Swansea,171,133
Swansea,180,133
Cardiff,87,133
Swansea,13,133
Cardiff,45,133
Cardiff,61,133
Swansea,19,133
Newport,37,133
Swansea,47,133
Bangor,75,133
Bangor,190,133
Newport,192,133
Bangor,183,133
Bangor,63,133
Swansea,153,133
Swansea,107,133
Newport,145,133
Bangor,85,133
Cardiff,170,133
Cardiff,76,133
Swansea,10,133
Cardiff,172,133
Bangor,166,133
Swansea,7,133
Swansea,119,133
Newport,102,133
Bangor,24,133
Swansea,98,133
Bangor,1,133
Newport,170,133
Swansea,128,133
Bangor,131,133
Newport,60,133
Cardiff,40,133
Cardiff,171,133
Bangor,182,133
Cardiff,174,133
Swansea,59,133
Bangor,198,133
Newport,19,133
Newport,130,133
Cardiff,67,133
Cardiff,81,133
Bangor,79,133
Swansea,169,133
Bangor,36,133
Swansea,90,133
Swansea,194,133
Cardiff,153,133
Cardiff,9,133
Newport,22,133
Bangor,183,133
Newport,93,133
Newport,8,133
Cardiff,101,133
Newport,112,133
Swansea,22,133
Cardiff,0,133
Newport,46,133
Swansea,101,133
Bangor,152,133
Bangor,62,133
Cardiff,125,133
Newport,65,133
Newport,169,133
Swansea,44,133
Swansea,25,133
Swansea,61,133
Cardiff,8,133
Newport,73,133
Swansea,120,133
Swansea,167,133
Bangor,97,133
Newport,37,133
Cardiff,47,133
Cardiff,180,133
Newport,194,133
Newport,98,133
Cardiff,21,133
Bangor,156,133
Cardiff,91,133
Cardiff,125,133
Bangor,138,133
Newport,20,133
Newport,125,133
Newport,112,133
Newport,148,133
Cardiff,180,133
Bangor,154,133
Cardiff,29,133
Newport,165,133
Cardiff,57,133
Bangor,133,133
Cardiff,189,133
Newport,173,133
Bangor,177,133
Swansea,112,133
Bangor,13,133
Bangor,59,133
Swansea,126,133
Bangor,120,133
Newport,54,133
Swansea,157,133
Newport,132,133
Bangor,138,133
Newport,73,133
Bangor,60,133
Newport,116,133
Cardiff,51,133
Cardiff,117,133
Newport,179,133
Cardiff,31,133
Cardiff,148,133
Swansea,102,133
Swansea,82,133
Newport,118,133
Swansea,34,133
Cardiff,100,133
Swansea,78,133
Newport,124,133
Newport,135,133
Cardiff,174,133
Newport,116,133
Swansea,111,133
Newport,127,133
Cardiff,5,133
Swansea,37,133
Swansea,22,133
Newport,188,133
Newport,12,133
Cardiff,129,133
Swansea,170,133
Bangor,153,133
Bangor,86,133
Swansea,101,133
Cardiff,145,133
Bangor,19,133
Bangor,43,133
Newport,79,133
