City,Quantity,Product_Code
Newport,178,195
Swansea,145,195
Bangor,59,195
Newport,103,195
Newport,163,195
Newport,126,195
Newport,155,195
Bangor,131,195
Cardiff,157,195
Cardiff,37,195
Cardiff,175,195
Bangor,101,195
Cardiff,114,195
Swansea,187,195
Cardiff,73,195
Swansea,108,195
Cardiff,187,195
Cardiff,75,195
Bangor,3,195
Bangor,48,195
Cardiff,154,195
Newport,197,195
Cardiff,92,195
Cardiff,194,195
Newport,169,195
Newport,98,195
Cardiff,20,195
Bangor,150,195
Newport,78,195
Newport,156,195
Swansea,154,195
Swansea,95,195
Swansea,32,195
Cardiff,49,195
Swansea,168,195
Cardiff,56,195
Swansea,147,195
Bangor,21,195
Swansea,31,195
Swansea,5,195
Newport,9,195
Cardiff,143,195
Swansea,85,195
Swansea,144,195
Swansea,145,195
Cardiff,114,195
Bangor,70,195
Swansea,191,195
Newport,121,195
Newport,75,195
Bangor,61,195
Cardiff,130,195
Newport,121,195
Swansea,120,195
Cardiff,146,195
Swansea,143,195
Newport,32,195
Bangor,149,195
Bangor,144,195
Swansea,28,195
Bangor,13,195
Bangor,164,195
Cardiff,161,195
Cardiff,170,195
Bangor,146,195
Cardiff,106,195
Newport,193,195
Newport,152,195
Newport,173,195
Bangor,45,195
Swansea,177,195
Swansea,84,195
Newport,54,195
Cardiff,53,195
Swansea,167,195
Newport,2,195
Swansea,191,195
Bangor,113,195
Newport,115,195
Swansea,90,195
Newport,9,195
Bangor,57,195
Newport,75,195
Cardiff,159,195
Bangor,124,195
Cardiff,104,195
Bangor,137,195
Bangor,171,195
Cardiff,169,195
Newport,21,195
Cardiff,135,195
Swansea,47,195
Bangor,3,195
Newport,76,195
Bangor,81,195
Bangor,109,195
Swansea,88,195
Newport,38,195
Cardiff,69,195
Cardiff,57,195
Swansea,6,195
Cardiff,109,195
Bangor,43,195
Bangor,200,195
Cardiff,24,195
Cardiff,110,195
Newport,45,195
Bangor,16,195
Cardiff,98,195
Swansea,135,195
Cardiff,173,195
Newport,117,195
Swansea,36,195
Cardiff,113,195
Newport,82,195
Cardiff,56,195
Newport,179,195
Bangor,195,195
Bangor,167,195
Newport,29,195
Bangor,137,195
Swansea,105,195
Bangor,90,195
Newport,161,195
Swansea,70,195
Bangor,27,195
Newport,174,195
Cardiff,71,195
Cardiff,137,195
Swansea,25,195
Cardiff,133,195
Newport,120,195
Bangor,166,195
Cardiff,87,195
Cardiff,28,195
Newport,121,195
Bangor,148,195
Newport,196,195
Cardiff,129,195
Bangor,97,195
Swansea,7,195
Swansea,55,195
Bangor,176,195
Swansea,158,195
Newport,79,195
Swansea,38,195
Swansea,180,195
Swansea,122,195
Bangor,66,195
Swansea,173,195
Swansea,41,195
Swansea,132,195
Cardiff,82,195
Newport,155,195
Newport,132,195
Newport,117,195
Newport,129,195
Bangor,80,195
Cardiff,1,195
Swansea,150,195
Newport,185,195
Bangor,152,195
Newport,30,195
Bangor,131,195
Cardiff,86,195
Newport,11,195
Bangor,188,195
Swansea,127,195
Cardiff,104,195
Cardiff,77,195
Bangor,83,195
Newport,74,195
Cardiff,7,195
Cardiff,154,195
Swansea,53,195
Cardiff,119,195
Swansea,9,195
Cardiff,31,195
Cardiff,172,195
Cardiff,186,195
Swansea,75,195
Bangor,162,195
Newport,102,195
Newport,78,195
Newport,145,195
Swansea,161,195
Newport,137,195
Bangor,84,195
Swansea,110,195
Swansea,49,195
Swansea,95,195
Bangor,45,195
Newport,102,195
Bangor,75,195
Newport,19,195
Cardiff,183,195
Bangor,79,195
Cardiff,35,195
Swansea,83,195
Newport,31,195
Bangor,41,195
Swansea,11,195
Bangor,144,195
Cardiff,45,195
Bangor,102,195
Newport,40,195
Cardiff,14,195
Swansea,20,195
Bangor,92,195
Cardiff,108,195
Bangor,196,195
Cardiff,85,195
Bangor,27,195
Newport,145,195
Newport,86,195
Bangor,167,195
Swansea,69,195
Bangor,14,195
Newport,37,195
Cardiff,81,195
Newport,196,195
Newport,118,195
Newport,75,195
Newport,101,195
Newport,196,195
Bangor,85,195
Bangor,158,195
Cardiff,75,195
Newport,67,195
Swansea,183,195
Cardiff,140,195
Bangor,39,195
Bangor,85,195
Newport,153,195
Newport,67,195
Newport,145,195
Swansea,84,195
Cardiff,165,195
Bangor,147,195
Swansea,33,195
Newport,35,195
Cardiff,1,195
Cardiff,155,195
Newport,149,195
Swansea,102,195
Swansea,175,195
Newport,42,195
Cardiff,116,195
Bangor,167,195
Newport,27,195
Newport,87,195
