City,Quantity,Product_Code
Bangor,109,166
Newport,190,166
Cardiff,190,166
Swansea,17,166
Bangor,11,166
Cardiff,144,166
Cardiff,35,166
Bangor,199,166
Bangor,155,166
Bangor,121,166
Bangor,30,166
Bangor,133,166
Newport,92,166
Newport,141,166
Newport,118,166
Bangor,141,166
Newport,67,166
Cardiff,41,166
Bangor,67,166
Newport,37,166
Newport,47,166
Swansea,86,166
Cardiff,130,166
Swansea,109,166
Swansea,59,166
Swansea,78,166
Swansea,180,166
Bangor,117,166
Newport,60,166
Bangor,147,166
Bangor,51,166
Newport,151,166
Newport,100,166
Swansea,153,166
Cardiff,140,166
Newport,139,166
Cardiff,151,166
Bangor,122,166
Bangor,129,166
Newport,144,166
Bangor,162,166
Swansea,44,166
Swansea,131,166
Newport,115,166
Cardiff,146,166
Newport,189,166
Newport,176,166
Newport,136,166
Bangor,109,166
Cardiff,113,166
Newport,192,166
Bangor,13,166
Cardiff,12,166
Swansea,87,166
Cardiff,172,166
Swansea,99,166
Bangor,62,166
Newport,39,166
Newport,115,166
Newport,48,166
Bangor,103,166
Newport,182,166
Bangor,111,166
Swansea,32,166
Cardiff,196,166
Newport,0,166
Swansea,56,166
Cardiff,193,166
Bangor,129,166
Bangor,191,166
Cardiff,171,166
Cardiff,37,166
Newport,126,166
Swansea,86,166
Cardiff,46,166
Newport,72,166
Bangor,60,166
Newport,34,166
Cardiff,50,166
Newport,135,166
Cardiff,38,166
Swansea,21,166
Cardiff,74,166
Newport,94,166
Newport,18,166
Newport,70,166
Cardiff,200,166
Bangor,3,166
Bangor,75,166
Bangor,191,166
Newport,22,166
Bangor,54,166
Bangor,42,166
Newport,16,166
Bangor,95,166
Bangor,197,166
Cardiff,11,166
Cardiff,184,166
Swansea,88,166
Bangor,83,166
Bangor,53,166
Cardiff,93,166
Cardiff,170,166
Swansea,194,166
Newport,12,166
Cardiff,63,166
Cardiff,1,166
Swansea,139,166
Swansea,50,166
Cardiff,0,166
Bangor,92,166
Cardiff,137,166
Swansea,115,166
Cardiff,47,166
Bangor,108,166
Bangor,164,166
Newport,196,166
Bangor,115,166
Cardiff,185,166
Swansea,46,166
Swansea,132,166
Cardiff,188,166
Newport,11,166
Cardiff,152,166
Newport,73,166
Newport,106,166
Bangor,149,166
Newport,186,166
Cardiff,170,166
Swansea,140,166
Swansea,89,166
Bangor,170,166
Swansea,112,166
Bangor,197,166
Newport,126,166
Swansea,29,166
Swansea,124,166
Bangor,149,166
Swansea,22,166
Cardiff,187,166
Bangor,131,166
Swansea,168,166
Newport,56,166
Bangor,5,166
Newport,90,166
Cardiff,194,166
Swansea,178,166
Cardiff,69,166
Cardiff,137,166
Swansea,111,166
Swansea,60,166
Cardiff,53,166
Newport,31,166
Swansea,46,166
Cardiff,117,166
Cardiff,34,166
Cardiff,193,166
Swansea,93,166
Swansea,103,166
Newport,175,166
Swansea,26,166
Newport,78,166
Bangor,35,166
Bangor,88,166
Bangor,0,166
Swansea,200,166
Cardiff,132,166
Newport,128,166
Cardiff,162,166
Newport,67,166
Bangor,149,166
Swansea,154,166
Cardiff,7,166
Newport,80,166
Cardiff,177,166
Swansea,40,166
Newport,77,166
Newport,67,166
Bangor,190,166
Newport,45,166
Cardiff,139,166
Swansea,147,166
Bangor,55,166
Newport,189,166
Bangor,166,166
Cardiff,96,166
Swansea,98,166
Bangor,164,166
Newport,81,166
Cardiff,92,166
Cardiff,193,166
Bangor,126,166
Swansea,146,166
Bangor,103,166
Newport,164,166
Newport,12,166
Cardiff,33,166
Bangor,64,166
Newport,105,166
Newport,49,166
Newport,131,166
Newport,26,166
Cardiff,187,166
Bangor,188,166
Cardiff,111,166
Swansea,200,166
Swansea,13,166
Newport,38,166
Cardiff,33,166
Newport,0,166
Cardiff,66,166
Bangor,61,166
Newport,34,166
Swansea,10,166
Cardiff,99,166
Cardiff,159,166
Newport,23,166
Newport,82,166
Swansea,29,166
Swansea,122,166
Newport,178,166
Bangor,132,166
Newport,93,166
Swansea,116,166
Swansea,100,166
Newport,73,166
Cardiff,176,166
Swansea,144,166
Newport,59,166
Bangor,193,166
Cardiff,100,166
Cardiff,176,166
Newport,98,166
Swansea,159,166
Newport,87,166
Newport,92,166
Bangor,86,166
Swansea,57,166
Swansea,191,166
Cardiff,118,166
Cardiff,64,166
Cardiff,85,166
Bangor,11,166
Newport,67,166
Swansea,52,166
Newport,19,166
Cardiff,25,166
Swansea,37,166
Bangor,83,166
Newport,131,166
Newport,98,166
