City,Quantity,Product_Code
Bangor,72,57
Cardiff,107,57
Bangor,99,57
Swansea,195,57
Swansea,40,57
Newport,139,57
Cardiff,44,57
Cardiff,1,57
Newport,42,57
Cardiff,63,57
Cardiff,42,57
Swansea,175,57
Bangor,101,57
Newport,154,57
Newport,133,57
Bangor,164,57
Cardiff,104,57
Cardiff,137,57
Swansea,141,57
Cardiff,30,57
Swansea,59,57
Newport,147,57
Bangor,147,57
Newport,1,57
Cardiff,159,57
Swansea,169,57
Cardiff,148,57
Swansea,6,57
Cardiff,199,57
Newport,35,57
Bangor,51,57
Newport,36,57
Bangor,134,57
Swansea,140,57
Cardiff,111,57
Newport,42,57
Swansea,40,57
Swansea,149,57
Bangor,121,57
Cardiff,182,57
Swansea,2,57
Swansea,12,57
Swansea,7,57
Bangor,67,57
Swansea,1,57
Bangor,41,57
Newport,159,57
Bangor,69,57
Bangor,149,57
Newport,62,57
Cardiff,49,57
Swansea,131,57
Bangor,70,57
Cardiff,41,57
Bangor,188,57
Newport,128,57
Swansea,139,57
Swansea,76,57
Newport,119,57
Newport,107,57
Newport,65,57
Newport,143,57
Swansea,30,57
Newport,98,57
Cardiff,23,57
Newport,18,57
Bangor,51,57
Cardiff,92,57
Cardiff,64,57
Cardiff,13,57
Bangor,2,57
Bangor,102,57
Swansea,56,57
Bangor,123,57
Newport,103,57
Bangor,185,57
Bangor,134,57
Cardiff,86,57
Newport,151,57
Bangor,110,57
Bangor,172,57
Swansea,142,57
Bangor,191,57
Cardiff,57,57
Bangor,160,57
Swansea,37,57
Newport,54,57
Swansea,85,57
Swansea,83,57
Cardiff,31,57
Cardiff,113,57
Newport,36,57
Bangor,129,57
Newport,111,57
Newport,155,57
Bangor,83,57
Cardiff,125,57
Swansea,87,57
Swansea,128,57
Swansea,77,57
Newport,150,57
Swansea,124,57
Cardiff,199,57
Cardiff,168,57
Newport,164,57
Bangor,195,57
Cardiff,172,57
Cardiff,58,57
Bangor,169,57
Swansea,198,57
Bangor,169,57
Swansea,19,57
Bangor,190,57
Swansea,160,57
Swansea,157,57
Bangor,136,57
Bangor,84,57
Cardiff,4,57
Bangor,147,57
Cardiff,147,57
Bangor,35,57
Bangor,90,57
Newport,38,57
Newport,104,57
Bangor,57,57
Cardiff,191,57
Bangor,188,57
Cardiff,91,57
Cardiff,125,57
Newport,21,57
Newport,178,57
Bangor,25,57
Bangor,43,57
Bangor,89,57
Swansea,158,57
Swansea,5,57
Cardiff,141,57
Newport,61,57
Newport,168,57
Swansea,175,57
Newport,61,57
Newport,68,57
Newport,81,57
Cardiff,94,57
Newport,179,57
Cardiff,97,57
Newport,123,57
Newport,144,57
Cardiff,160,57
Cardiff,71,57
Cardiff,96,57
Swansea,48,57
Swansea,176,57
Swansea,82,57
Bangor,83,57
Cardiff,98,57
Bangor,120,57
Newport,84,57
Cardiff,20,57
Cardiff,10,57
Swansea,27,57
Swansea,123,57
Swansea,160,57
Swansea,68,57
Swansea,26,57
Newport,166,57
Bangor,157,57
Swansea,138,57
Bangor,153,57
Cardiff,81,57
Newport,124,57
Swansea,15,57
Newport,116,57
Swansea,15,57
Cardiff,60,57
Newport,38,57
Bangor,156,57
Bangor,12,57
Cardiff,9,57
Newport,52,57
Newport,178,57
Newport,77,57
Swansea,117,57
Newport,6,57
Cardiff,8,57
Bangor,179,57
Swansea,71,57
Cardiff,155,57
Bangor,70,57
Bangor,198,57
Swansea,87,57
Bangor,69,57
Newport,25,57
Swansea,82,57
Cardiff,109,57
Bangor,187,57
Cardiff,46,57
Bangor,60,57
Bangor,48,57
Bangor,34,57
Swansea,131,57
Swansea,155,57
Bangor,47,57
Cardiff,99,57
Swansea,3,57
Swansea,9,57
Bangor,184,57
Swansea,60,57
Newport,152,57
Bangor,22,57
Cardiff,76,57
Newport,23,57
Bangor,0,57
Bangor,100,57
Bangor,152,57
Swansea,132,57
Cardiff,69,57
Bangor,190,57
Cardiff,25,57
Cardiff,7,57
Bangor,124,57
Swansea,70,57
Swansea,110,57
Bangor,68,57
Swansea,2,57
Swansea,65,57
Swansea,164,57
Cardiff,117,57
Newport,111,57
Cardiff,78,57
Newport,185,57
Cardiff,195,57
Swansea,95,57
Cardiff,171,57
Bangor,37,57
Newport,49,57
Bangor,108,57
Bangor,189,57
Bangor,37,57
Newport,34,57
Newport,197,57
Cardiff,167,57
Bangor,167,57
Cardiff,82,57
Cardiff,184,57
Cardiff,17,57
Cardiff,140,57
Bangor,188,57
Swansea,134,57
Cardiff,98,57
Cardiff,60,57
