City,Quantity,Product_Code
Bangor,180,91
Bangor,22,91
Cardiff,97,91
Newport,34,91
Cardiff,84,91
Cardiff,83,91
Bangor,49,91
Swansea,69,91
Newport,167,91
Newport,93,91
Bangor,33,91
Swansea,106,91
Bangor,128,91
Cardiff,42,91
Newport,104,91
Newport,102,91
Newport,79,91
Bangor,18,91
Swansea,159,91
Newport,141,91
Newport,134,91
Swansea,2,91
Bangor,151,91
Bangor,180,91
Bangor,38,91
Bangor,46,91
Newport,122,91
Bangor,98,91
Swansea,81,91
Newport,173,91
Cardiff,55,91
Newport,195,91
Newport,174,91
Swansea,71,91
Bangor,195,91
Bangor,189,91
Newport,158,91
Newport,43,91
Cardiff,55,91
Newport,50,91
Bangor,8,91
Swansea,154,91
Newport,117,91
Swansea,116,91
Cardiff,70,91
Swansea,141,91
Cardiff,155,91
Bangor,72,91
Swansea,9,91
Bangor,76,91
Newport,100,91
Swansea,113,91
Newport,24,91
Bangor,182,91
Swansea,72,91
Swansea,85,91
Bangor,15,91
Swansea,20,91
Newport,90,91
Bangor,188,91
Bangor,159,91
Newport,110,91
Newport,17,91
Newport,14,91
Cardiff,160,91
Cardiff,196,91
Cardiff,66,91
Swansea,159,91
Swansea,134,91
Bangor,60,91
Swansea,99,91
Cardiff,0,91
Newport,105,91
Newport,118,91
Cardiff,70,91
Swansea,153,91
Bangor,32,91
Swansea,191,91
Bangor,189,91
Swansea,159,91
Newport,47,91
Cardiff,91,91
Newport,13,91
Newport,81,91
Swansea,101,91
Newport,47,91
Bangor,90,91
Cardiff,55,91
Cardiff,116,91
Cardiff,98,91
Newport,140,91
Newport,5,91
Swansea,63,91
Swansea,81,91
Newport,164,91
Newport,151,91
Bangor,60,91
Bangor,102,91
Newport,115,91
Bangor,101,91
Cardiff,126,91
Bangor,99,91
Cardiff,174,91
Cardiff,158,91
Swansea,28,91
Swansea,198,91
Newport,97,91
Bangor,7,91
Swansea,11,91
Swansea,132,91
Bangor,132,91
Bangor,146,91
Cardiff,24,91
Swansea,162,91
Newport,105,91
Newport,174,91
Swansea,188,91
Newport,180,91
Swansea,148,91
Bangor,7,91
Cardiff,85,91
Swansea,128,91
Cardiff,32,91
Bangor,126,91
Newport,31,91
Cardiff,17,91
Newport,4,91
Newport,92,91
Bangor,187,91
Cardiff,197,91
Cardiff,66,91
Cardiff,101,91
Bangor,68,91
Swansea,43,91
Bangor,158,91
Bangor,91,91
Cardiff,10,91
Newport,124,91
Swansea,98,91
Bangor,48,91
Swansea,12,91
Swansea,6,91
Cardiff,68,91
Swansea,126,91
Newport,82,91
Cardiff,3,91
Swansea,189,91
Swansea,48,91
Bangor,112,91
Newport,58,91
Cardiff,20,91
Cardiff,127,91
Cardiff,118,91
Newport,70,91
Bangor,115,91
Bangor,145,91
Cardiff,199,91
Swansea,152,91
Swansea,143,91
Swansea,170,91
Cardiff,16,91
Swansea,85,91
Cardiff,182,91
Newport,40,91
Swansea,99,91
Bangor,127,91
Newport,168,91
Swansea,164,91
Cardiff,40,91
Swansea,51,91
Newport,108,91
Bangor,27,91
Cardiff,140,91
Bangor,63,91
Swansea,170,91
Bangor,64,91
Swansea,150,91
Swansea,96,91
Bangor,87,91
Newport,173,91
Swansea,0,91
Bangor,64,91
Bangor,166,91
Swansea,107,91
Bangor,200,91
Swansea,177,91
Bangor,173,91
Swansea,80,91
Bangor,97,91
Bangor,181,91
Swansea,102,91
Swansea,133,91
Newport,79,91
Cardiff,63,91
Swansea,41,91
Bangor,92,91
Swansea,59,91
Swansea,168,91
Bangor,3,91
Bangor,43,91
Cardiff,165,91
Swansea,120,91
Cardiff,146,91
Swansea,1,91
Newport,103,91
Bangor,49,91
Cardiff,65,91
Newport,159,91
Cardiff,106,91
Cardiff,163,91
Newport,69,91
Swansea,9,91
Swansea,15,91
Newport,193,91
Cardiff,94,91
Newport,10,91
Bangor,188,91
Cardiff,107,91
Swansea,24,91
Bangor,83,91
Newport,194,91
Bangor,187,91
Newport,167,91
Newport,175,91
Bangor,43,91
Bangor,136,91
Bangor,121,91
Bangor,185,91
Newport,119,91
Cardiff,83,91
Newport,142,91
Bangor,58,91
Bangor,181,91
Swansea,35,91
Bangor,130,91
Newport,83,91
Cardiff,127,91
Cardiff,166,91
Newport,138,91
Bangor,24,91
Cardiff,21,91
Cardiff,46,91
Bangor,5,91
Swansea,129,91
Newport,103,91
Newport,13,91
Swansea,113,91
Newport,35,91
Newport,104,91
Bangor,76,91
Swansea,153,91
