City,Quantity,Product_Code
Swansea,99,183
Bangor,127,183
Bangor,52,183
Bangor,185,183
Bangor,58,183
Bangor,124,183
Newport,97,183
Bangor,142,183
Cardiff,170,183
Newport,48,183
Swansea,50,183
Bangor,54,183
Cardiff,59,183
Newport,65,183
Bangor,94,183
Swansea,139,183
Newport,156,183
Swansea,48,183
Bangor,84,183
Swansea,121,183
Bangor,156,183
Bangor,61,183
Cardiff,0,183
Swansea,88,183
Newport,10,183
Bangor,162,183
Cardiff,24,183
Swansea,100,183
Newport,159,183
Swansea,41,183
Swansea,185,183
Bangor,1,183
Newport,125,183
Cardiff,5,183
Swansea,196,183
Swansea,31,183
Swansea,65,183
Newport,165,183
Newport,188,183
Swansea,183,183
Newport,155,183
Newport,108,183
Cardiff,147,183
Bangor,119,183
Bangor,120,183
Bangor,78,183
Newport,155,183
Bangor,4,183
Bangor,45,183
Swansea,23,183
Cardiff,79,183
Newport,186,183
Cardiff,120,183
Swansea,6,183
Newport,30,183
Cardiff,128,183
Newport,113,183
Bangor,114,183
Swansea,197,183
Bangor,22,183
Bangor,90,183
Newport,59,183
Swansea,59,183
Swansea,141,183
Newport,173,183
Newport,112,183
Swansea,89,183
Cardiff,75,183
Bangor,44,183
Swansea,90,183
Swansea,144,183
Bangor,168,183
Cardiff,56,183
Newport,120,183
Bangor,90,183
Newport,169,183
Bangor,174,183
Swansea,165,183
Bangor,78,183
Swansea,55,183
Bangor,49,183
Cardiff,107,183
Newport,108,183
Newport,145,183
Cardiff,127,183
Swansea,59,183
Swansea,142,183
Newport,120,183
Newport,106,183
Newport,158,183
Newport,110,183
Swansea,60,183
Bangor,168,183
Swansea,156,183
Cardiff,22,183
Bangor,20,183
Cardiff,88,183
Bangor,146,183
Bangor,66,183
Cardiff,22,183
Bangor,180,183
Bangor,121,183
Cardiff,147,183
Bangor,16,183
Bangor,102,183
Cardiff,107,183
Newport,109,183
Swansea,184,183
Swansea,196,183
Swansea,49,183
Bangor,70,183
Bangor,148,183
Bangor,72,183
Cardiff,83,183
Swansea,179,183
Cardiff,24,183
Newport,8,183
Cardiff,173,183
Cardiff,98,183
Cardiff,147,183
Newport,164,183
Bangor,190,183
Newport,46,183
Cardiff,47,183
Cardiff,78,183
Newport,24,183
Bangor,164,183
Bangor,68,183
Bangor,75,183
Swansea,51,183
Cardiff,43,183
Newport,128,183
Newport,174,183
Bangor,102,183
Newport,135,183
Swansea,145,183
Cardiff,107,183
Cardiff,171,183
Cardiff,156,183
Cardiff,151,183
Cardiff,6,183
Cardiff,159,183
Bangor,24,183
Newport,69,183
Bangor,73,183
Bangor,146,183
Newport,186,183
Cardiff,29,183
Cardiff,134,183
Bangor,182,183
Bangor,154,183
Cardiff,66,183
Cardiff,63,183
Bangor,24,183
Bangor,95,183
Swansea,50,183
Bangor,124,183
Bangor,136,183
Bangor,9,183
Bangor,141,183
Cardiff,79,183
Bangor,46,183
Bangor,121,183
Swansea,170,183
Bangor,71,183
Newport,77,183
Newport,60,183
Swansea,112,183
Swansea,47,183
Bangor,167,183
Bangor,18,183
Cardiff,192,183
Newport,51,183
Cardiff,74,183
Cardiff,44,183
Newport,44,183
Bangor,126,183
Cardiff,71,183
Cardiff,17,183
Swansea,179,183
Newport,77,183
Cardiff,127,183
Cardiff,179,183
Cardiff,61,183
Newport,181,183
Newport,66,183
Bangor,137,183
Bangor,90,183
Bangor,56,183
Cardiff,97,183
Swansea,116,183
Swansea,0,183
Swansea,94,183
Cardiff,131,183
Bangor,183,183
Bangor,178,183
Cardiff,136,183
Cardiff,10,183
Cardiff,164,183
Bangor,182,183
Newport,136,183
Newport,56,183
Newport,17,183
Newport,55,183
Cardiff,101,183
Cardiff,80,183
Bangor,132,183
Newport,40,183
Swansea,77,183
Cardiff,124,183
Newport,19,183
Cardiff,108,183
Cardiff,2,183
Newport,54,183
Newport,69,183
Swansea,17,183
Bangor,121,183
Swansea,90,183
Cardiff,66,183
Newport,116,183
Cardiff,104,183
Cardiff,119,183
Cardiff,22,183
Bangor,106,183
Cardiff,21,183
Bangor,84,183
Swansea,23,183
Swansea,198,183
Swansea,98,183
Bangor,44,183
Swansea,86,183
Cardiff,90,183
Cardiff,198,183
Newport,62,183
Newport,71,183
Bangor,102,183
Newport,70,183
Bangor,128,183
Swansea,59,183
Bangor,87,183
Swansea,54,183
Cardiff,10,183
Cardiff,75,183
Cardiff,130,183
Newport,168,183
Bangor,152,183
Cardiff,79,183
Bangor,44,183
Cardiff,64,183
Cardiff,129,183
Swansea,46,183
