City,Quantity,Product_Code
Swansea,24,16
Cardiff,198,16
Newport,172,16
Cardiff,11,16
Newport,125,16
Swansea,114,16
Swansea,58,16
Bangor,99,16
Swansea,196,16
Newport,190,16
Cardiff,71,16
Cardiff,2,16
Bangor,34,16
Cardiff,2,16
Newport,103,16
Newport,65,16
Newport,182,16
Bangor,126,16
Bangor,25,16
Cardiff,145,16
Bangor,15,16
Cardiff,26,16
Bangor,53,16
Cardiff,100,16
Bangor,58,16
Bangor,154,16
Cardiff,33,16
Cardiff,153,16
Swansea,23,16
Swansea,85,16
Newport,165,16
Cardiff,65,16
Swansea,53,16
Newport,80,16
Bangor,168,16
Newport,89,16
Cardiff,50,16
Swansea,194,16
Cardiff,162,16
Swansea,105,16
Swansea,117,16
Bangor,141,16
Newport,179,16
Bangor,55,16
Newport,67,16
Bangor,129,16
Newport,66,16
Swansea,100,16
Bangor,119,16
Newport,28,16
Cardiff,25,16
Cardiff,195,16
Newport,183,16
Cardiff,199,16
Bangor,28,16
Cardiff,70,16
Cardiff,125,16
Swansea,177,16
Swansea,145,16
Swansea,73,16
Newport,32,16
Bangor,187,16
Cardiff,112,16
Bangor,145,16
Newport,157,16
Bangor,134,16
Bangor,94,16
Newport,110,16
Cardiff,61,16
Bangor,123,16
Newport,28,16
Newport,68,16
Bangor,115,16
Cardiff,30,16
Bangor,63,16
Cardiff,141,16
Cardiff,46,16
Cardiff,86,16
Bangor,41,16
Bangor,19,16
Bangor,145,16
Newport,58,16
Newport,131,16
Swansea,73,16
Swansea,116,16
Newport,161,16
Newport,163,16
Newport,37,16
Newport,69,16
Bangor,7,16
Bangor,171,16
Newport,0,16
Newport,168,16
Cardiff,116,16
Newport,186,16
Cardiff,138,16
Bangor,167,16
Swansea,193,16
Newport,199,16
Swansea,19,16
Cardiff,67,16
Swansea,7,16
Cardiff,127,16
Swansea,18,16
Bangor,160,16
Swansea,47,16
Cardiff,87,16
Swansea,96,16
Swansea,24,16
Newport,0,16
Swansea,67,16
Newport,63,16
Swansea,20,16
Bangor,168,16
Newport,81,16
Bangor,31,16
Swansea,14,16
Cardiff,20,16
Bangor,85,16
Newport,59,16
Newport,40,16
Newport,58,16
Cardiff,19,16
Newport,43,16
Cardiff,194,16
Newport,125,16
Swansea,145,16
Newport,34,16
Swansea,149,16
Cardiff,88,16
Swansea,196,16
Swansea,21,16
Newport,153,16
Cardiff,111,16
Newport,169,16
Swansea,193,16
Swansea,123,16
Cardiff,113,16
Swansea,2,16
Swansea,192,16
Swansea,22,16
Bangor,103,16
Bangor,184,16
Cardiff,138,16
Newport,193,16
Newport,87,16
Swansea,19,16
Newport,150,16
Cardiff,86,16
Cardiff,0,16
Bangor,148,16
Newport,119,16
Newport,55,16
Swansea,15,16
Bangor,150,16
Bangor,38,16
Newport,30,16
Cardiff,1,16
Newport,169,16
Bangor,59,16
Newport,176,16
Cardiff,4,16
Bangor,9,16
Cardiff,96,16
Newport,34,16
Newport,129,16
Swansea,27,16
Cardiff,191,16
Newport,198,16
Newport,103,16
Swansea,51,16
Cardiff,182,16
Cardiff,124,16
Swansea,102,16
Newport,167,16
Newport,127,16
Newport,152,16
Swansea,175,16
Swansea,131,16
Cardiff,54,16
Bangor,78,16
Bangor,169,16
Bangor,60,16
Bangor,176,16
Cardiff,42,16
Cardiff,62,16
Cardiff,192,16
Swansea,195,16
Cardiff,28,16
Swansea,68,16
Swansea,131,16
Bangor,75,16
Newport,38,16
Cardiff,41,16
Bangor,90,16
Bangor,63,16
Swansea,175,16
Newport,99,16
Cardiff,28,16
Newport,62,16
Newport,119,16
Cardiff,170,16
Swansea,97,16
Newport,184,16
Swansea,40,16
Bangor,41,16
Cardiff,105,16
Cardiff,109,16
Swansea,25,16
Bangor,160,16
Cardiff,158,16
Newport,137,16
Swansea,93,16
Newport,12,16
Newport,125,16
Cardiff,4,16
Bangor,190,16
Newport,80,16
Newport,75,16
Newport,66,16
Cardiff,164,16
Newport,14,16
Cardiff,102,16
Bangor,86,16
Bangor,102,16
Newport,31,16
Cardiff,94,16
Swansea,73,16
Swansea,11,16
Bangor,113,16
Bangor,114,16
Swansea,48,16
Bangor,168,16
Newport,5,16
Bangor,44,16
Newport,167,16
Cardiff,18,16
Cardiff,40,16
Bangor,179,16
Newport,53,16
Cardiff,47,16
Bangor,167,16
Cardiff,64,16
Bangor,7,16
Cardiff,124,16
Cardiff,123,16
Newport,7,16
Cardiff,161,16
Newport,25,16
Bangor,45,16
Swansea,47,16
