City,Quantity,Product_Code
Cardiff,163,167
Newport,161,167
Newport,126,167
Bangor,87,167
Newport,105,167
Cardiff,181,167
Swansea,137,167
Newport,40,167
Newport,177,167
Newport,149,167
Swansea,102,167
Bangor,171,167
Bangor,175,167
Bangor,198,167
Newport,105,167
Bangor,139,167
Newport,1,167
Bangor,143,167
Newport,191,167
Cardiff,71,167
Newport,37,167
Newport,165,167
Bangor,186,167
Bangor,185,167
Swansea,197,167
Bangor,45,167
Newport,106,167
Cardiff,200,167
Newport,26,167
Bangor,54,167
Bangor,109,167
Newport,155,167
Newport,176,167
Newport,35,167
Bangor,23,167
Bangor,25,167
Newport,68,167
Swansea,117,167
Cardiff,172,167
Swansea,104,167
Cardiff,170,167
Newport,91,167
Newport,179,167
Cardiff,76,167
Newport,120,167
Bangor,157,167
Newport,73,167
Swansea,20,167
Newport,31,167
Cardiff,132,167
Cardiff,143,167
Swansea,119,167
Swansea,71,167
Bangor,104,167
Newport,36,167
Swansea,19,167
Bangor,122,167
Newport,58,167
Swansea,40,167
Cardiff,16,167
Bangor,178,167
Newport,193,167
Newport,136,167
Cardiff,37,167
Bangor,127,167
Cardiff,97,167
Newport,60,167
Bangor,73,167
Swansea,99,167
Swansea,155,167
Swansea,16,167
Cardiff,106,167
Newport,149,167
Cardiff,2,167
Swansea,109,167
Newport,85,167
Cardiff,76,167
Newport,189,167
Cardiff,73,167
Swansea,53,167
Swansea,118,167
Bangor,51,167
Cardiff,183,167
Cardiff,138,167
Bangor,127,167
Newport,195,167
Swansea,48,167
Bangor,171,167
Bangor,95,167
Newport,78,167
Cardiff,189,167
Bangor,40,167
Newport,152,167
Cardiff,39,167
Newport,92,167
Cardiff,1,167
Swansea,199,167
Swansea,193,167
Newport,89,167
Newport,188,167
Cardiff,62,167
Swansea,165,167
Cardiff,180,167
Bangor,145,167
Swansea,4,167
Cardiff,196,167
Cardiff,83,167
Swansea,59,167
Swansea,165,167
Bangor,37,167
Cardiff,87,167
Newport,24,167
Bangor,117,167
Newport,134,167
Newport,97,167
Cardiff,188,167
Bangor,197,167
Swansea,19,167
Cardiff,148,167
Swansea,160,167
Bangor,187,167
Newport,7,167
Newport,17,167
Bangor,140,167
Bangor,170,167
Swansea,65,167
Swansea,153,167
Bangor,84,167
Bangor,164,167
Swansea,62,167
Swansea,56,167
Newport,74,167
Newport,137,167
Cardiff,59,167
Newport,12,167
Swansea,4,167
Cardiff,74,167
Swansea,43,167
Cardiff,42,167
Cardiff,59,167
Swansea,123,167
Cardiff,56,167
Newport,191,167
Cardiff,142,167
Cardiff,18,167
Newport,142,167
Swansea,108,167
Newport,91,167
Cardiff,114,167
Cardiff,159,167
Bangor,14,167
Newport,71,167
Newport,16,167
Swansea,94,167
Bangor,150,167
Newport,69,167
Bangor,94,167
Cardiff,105,167
Bangor,74,167
Bangor,46,167
Newport,161,167
Cardiff,32,167
Cardiff,72,167
Newport,17,167
Newport,196,167
Bangor,88,167
Newport,64,167
Swansea,83,167
Newport,7,167
Cardiff,131,167
Cardiff,106,167
Cardiff,171,167
Bangor,144,167
Cardiff,33,167
Bangor,139,167
Bangor,22,167
Swansea,107,167
Cardiff,192,167
Newport,161,167
Swansea,63,167
Cardiff,148,167
Newport,191,167
Swansea,25,167
Cardiff,199,167
Bangor,176,167
Bangor,74,167
Bangor,82,167
Cardiff,29,167
Newport,141,167
Bangor,7,167
Newport,53,167
Cardiff,19,167
Newport,126,167
Swansea,50,167
Newport,163,167
Cardiff,172,167
Bangor,84,167
Cardiff,183,167
Newport,44,167
Newport,4,167
Swansea,93,167
Newport,200,167
Newport,40,167
Newport,82,167
Newport,57,167
Swansea,109,167
Swansea,29,167
Cardiff,185,167
Cardiff,27,167
Bangor,137,167
Cardiff,197,167
Newport,135,167
Swansea,79,167
Bangor,139,167
Cardiff,120,167
Swansea,193,167
Cardiff,178,167
Newport,100,167
Cardiff,4,167
Bangor,119,167
Swansea,30,167
Bangor,73,167
Newport,111,167
Swansea,134,167
Cardiff,77,167
Cardiff,74,167
Cardiff,15,167
Cardiff,49,167
Bangor,165,167
Swansea,33,167
Cardiff,38,167
Cardiff,28,167
Newport,73,167
Cardiff,93,167
Swansea,42,167
Swansea,45,167
Cardiff,176,167
Swansea,139,167
Newport,27,167
Bangor,48,167
Swansea,185,167
Bangor,84,167
Bangor,153,167
Newport,143,167
Bangor,80,167
Swansea,74,167
Swansea,20,167
Newport,121,167
Bangor,138,167
Cardiff,148,167
Newport,138,167
