City,Quantity,Product_Code
Newport,125,83
Newport,7,83
Newport,159,83
Cardiff,109,83
Bangor,42,83
Swansea,58,83
Cardiff,93,83
Cardiff,91,83
Bangor,145,83
Cardiff,163,83
Swansea,49,83
Swansea,153,83
Cardiff,49,83
Swansea,172,83
Newport,149,83
Cardiff,34,83
Bangor,10,83
Cardiff,82,83
Cardiff,96,83
Newport,147,83
Newport,89,83
Swansea,94,83
Cardiff,93,83
Cardiff,44,83
Newport,49,83
Swansea,174,83
Bangor,195,83
Swansea,60,83
Swansea,59,83
Cardiff,193,83
Swansea,129,83
Newport,141,83
Cardiff,162,83
Newport,128,83
Swansea,148,83
Newport,55,83
Cardiff,146,83
Cardiff,116,83
Newport,80,83
Swansea,131,83
Cardiff,163,83
Newport,138,83
Newport,162,83
Newport,182,83
Swansea,138,83
Bangor,77,83
Bangor,196,83
Newport,88,83
Cardiff,180,83
Swansea,159,83
Cardiff,133,83
Bangor,187,83
Cardiff,200,83
Newport,11,83
Bangor,101,83
Cardiff,56,83
Swansea,177,83
Newport,67,83
Swansea,18,83
Newport,193,83
Swansea,50,83
Bangor,170,83
Swansea,59,83
Swansea,10,83
Swansea,169,83
Cardiff,58,83
Bangor,50,83
Newport,138,83
Bangor,79,83
Bangor,51,83
Bangor,33,83
Cardiff,117,83
Newport,24,83
Bangor,169,83
Bangor,69,83
Cardiff,168,83
Newport,143,83
Bangor,56,83
Bangor,183,83
Swansea,113,83
Cardiff,74,83
Bangor,94,83
Cardiff,31,83
Swansea,86,83
Bangor,107,83
Cardiff,45,83
Newport,130,83
Cardiff,179,83
Bangor,152,83
Cardiff,19,83
Swansea,176,83
Swansea,62,83
Cardiff,148,83
Newport,91,83
Cardiff,158,83
Newport,158,83
Bangor,155,83
Cardiff,61,83
Cardiff,85,83
Newport,188,83
Cardiff,141,83
Cardiff,142,83
Newport,198,83
Cardiff,181,83
Swansea,50,83
Cardiff,188,83
Bangor,139,83
Bangor,131,83
Newport,80,83
Cardiff,31,83
Swansea,118,83
Newport,0,83
Cardiff,143,83
Newport,192,83
Swansea,18,83
Swansea,41,83
Bangor,102,83
Bangor,79,83
Swansea,149,83
Swansea,87,83
Bangor,63,83
Bangor,188,83
Newport,98,83
Cardiff,2,83
Cardiff,152,83
Newport,29,83
Newport,165,83
Bangor,53,83
Newport,92,83
Newport,106,83
Swansea,174,83
Bangor,129,83
Cardiff,101,83
Bangor,84,83
Swansea,18,83
Newport,1,83
Swansea,170,83
Bangor,73,83
Swansea,186,83
Cardiff,26,83
Bangor,73,83
Newport,95,83
Cardiff,27,83
Newport,99,83
Bangor,124,83
Newport,85,83
Swansea,187,83
Swansea,115,83
Newport,8,83
Bangor,188,83
Bangor,167,83
Swansea,74,83
Newport,112,83
Cardiff,92,83
Cardiff,19,83
Bangor,13,83
Cardiff,164,83
Swansea,189,83
Cardiff,35,83
Cardiff,101,83
Bangor,150,83
Bangor,57,83
Newport,3,83
Swansea,181,83
Newport,32,83
Newport,139,83
Bangor,140,83
Cardiff,6,83
Cardiff,161,83
Swansea,106,83
Cardiff,42,83
Bangor,109,83
Bangor,73,83
Newport,75,83
Cardiff,185,83
Cardiff,186,83
Bangor,132,83
Newport,62,83
Bangor,72,83
Bangor,6,83
Bangor,68,83
Bangor,136,83
Newport,76,83
Newport,118,83
Bangor,139,83
Newport,94,83
Newport,81,83
Cardiff,103,83
Swansea,104,83
Newport,86,83
Bangor,5,83
Swansea,90,83
Bangor,189,83
Newport,193,83
Newport,87,83
Cardiff,169,83
Newport,37,83
Swansea,104,83
Cardiff,4,83
Swansea,80,83
Swansea,82,83
Cardiff,157,83
Cardiff,88,83
Bangor,33,83
Newport,122,83
Cardiff,123,83
Cardiff,72,83
Bangor,165,83
Bangor,195,83
Newport,6,83
Newport,162,83
Cardiff,184,83
Swansea,110,83
Bangor,79,83
Cardiff,120,83
Bangor,86,83
Newport,197,83
Bangor,172,83
Cardiff,74,83
Newport,137,83
Cardiff,171,83
Swansea,147,83
Newport,42,83
Swansea,43,83
Newport,143,83
Newport,49,83
Newport,173,83
Swansea,12,83
Bangor,123,83
Newport,170,83
Swansea,183,83
Cardiff,167,83
Newport,103,83
Bangor,104,83
Newport,160,83
Swansea,194,83
Bangor,108,83
Swansea,169,83
Swansea,160,83
Cardiff,31,83
Cardiff,77,83
Newport,154,83
Newport,137,83
Cardiff,132,83
Bangor,84,83
Bangor,40,83
Cardiff,4,83
Cardiff,86,83
Cardiff,179,83
Bangor,96,83
Swansea,23,83
