City,Quantity,Product_Code
Newport,22,131
Newport,145,131
Cardiff,184,131
Swansea,23,131
Swansea,151,131
Swansea,60,131
Bangor,188,131
Newport,157,131
Cardiff,69,131
Newport,134,131
Bangor,135,131
Bangor,78,131
Newport,126,131
Cardiff,165,131
Bangor,100,131
Newport,178,131
Bangor,8,131
Bangor,187,131
Swansea,130,131
Newport,59,131
Cardiff,90,131
Swansea,103,131
Cardiff,22,131
Cardiff,157,131
Cardiff,195,131
Newport,88,131
Newport,38,131
Newport,31,131
Bangor,134,131
Swansea,74,131
Swansea,121,131
Bangor,131,131
Cardiff,45,131
Newport,67,131
Cardiff,76,131
Newport,77,131
Cardiff,127,131
Bangor,189,131
Swansea,99,131
Swansea,88,131
Cardiff,187,131
Cardiff,134,131
Bangor,1,131
Swansea,134,131
Swansea,177,131
Swansea,110,131
Swansea,78,131
Cardiff,174,131
Swansea,3,131
Newport,121,131
Swansea,11,131
Newport,195,131
Cardiff,158,131
Cardiff,86,131
Swansea,145,131
Bangor,66,131
Cardiff,65,131
Cardiff,8,131
Cardiff,147,131
Bangor,179,131
Bangor,150,131
Newport,7,131
Cardiff,117,131
Newport,102,131
Cardiff,106,131
Swansea,30,131
Cardiff,116,131
Newport,102,131
Newport,21,131
Cardiff,29,131
Bangor,61,131
Bangor,189,131
Bangor,182,131
Swansea,4,131
Newport,90,131
Cardiff,66,131
Bangor,150,131
Newport,161,131
Cardiff,14,131
Cardiff,68,131
Bangor,162,131
Swansea,78,131
Swansea,51,131
Bangor,29,131
Newport,41,131
Bangor,192,131
Swansea,26,131
Cardiff,132,131
Newport,99,131
Cardiff,51,131
Cardiff,156,131
Cardiff,70,131
Bangor,182,131
Newport,110,131
Swansea,71,131
Newport,115,131
Swansea,200,131
Bangor,105,131
Bangor,144,131
Cardiff,149,131
Swansea,170,131
Newport,152,131
Newport,69,131
Bangor,60,131
Swansea,46,131
Swansea,132,131
Cardiff,174,131
Bangor,115,131
Newport,44,131
Bangor,117,131
Bangor,45,131
Bangor,47,131
Newport,13,131
Swansea,196,131
Swansea,179,131
Swansea,147,131
Swansea,41,131
Newport,174,131
Newport,65,131
Newport,37,131
Newport,183,131
Bangor,76,131
Cardiff,169,131
Cardiff,51,131
Swansea,38,131
Bangor,71,131
Cardiff,103,131
Bangor,15,131
Swansea,52,131
Swansea,155,131
Bangor,193,131
Cardiff,171,131
Cardiff,130,131
Swansea,94,131
Cardiff,100,131
Newport,186,131
Newport,166,131
Newport,49,131
Newport,139,131
Cardiff,19,131
Swansea,88,131
Bangor,73,131
Bangor,164,131
Newport,6,131
Cardiff,189,131
Swansea,192,131
Newport,2,131
Newport,2,131
Cardiff,65,131
Cardiff,122,131
Newport,159,131
Newport,126,131
Newport,100,131
Bangor,93,131
Bangor,103,131
Newport,84,131
Swansea,186,131
Cardiff,37,131
Bangor,96,131
Newport,75,131
Cardiff,200,131
Swansea,67,131
Bangor,66,131
Swansea,112,131
Newport,170,131
Cardiff,151,131
Bangor,68,131
Swansea,147,131
Newport,186,131
Cardiff,67,131
Swansea,41,131
Cardiff,192,131
Newport,39,131
Newport,179,131
Cardiff,48,131
Swansea,85,131
Bangor,89,131
Cardiff,165,131
Newport,84,131
Newport,70,131
Newport,125,131
Swansea,57,131
Cardiff,174,131
Cardiff,103,131
Swansea,85,131
Newport,100,131
Bangor,189,131
Newport,158,131
Swansea,47,131
Swansea,149,131
Newport,195,131
Newport,197,131
Swansea,110,131
Swansea,171,131
Cardiff,124,131
Newport,118,131
Cardiff,85,131
Bangor,95,131
Cardiff,170,131
Cardiff,166,131
Cardiff,151,131
Cardiff,157,131
Newport,96,131
Cardiff,149,131
Bangor,39,131
Bangor,48,131
Bangor,80,131
Bangor,117,131
Newport,49,131
Swansea,182,131
Swansea,72,131
Swansea,140,131
Bangor,108,131
Cardiff,106,131
Bangor,196,131
Bangor,7,131
Bangor,172,131
Swansea,75,131
Cardiff,66,131
Newport,119,131
Bangor,115,131
Swansea,180,131
Swansea,113,131
Cardiff,16,131
Swansea,158,131
Swansea,159,131
Cardiff,86,131
Bangor,100,131
Cardiff,138,131
Bangor,151,131
Newport,194,131
Bangor,94,131
Newport,135,131
Swansea,183,131
Newport,183,131
Newport,103,131
Newport,21,131
Swansea,46,131
Newport,155,131
Cardiff,125,131
Swansea,71,131
Bangor,78,131
Bangor,157,131
Swansea,181,131
Newport,85,131
Bangor,71,131
Newport,170,131
Newport,163,131
Bangor,92,131
Cardiff,138,131
Cardiff,56,131
