City,Quantity,Product_Code
Swansea,151,39
Bangor,144,39
Swansea,1,39
Newport,47,39
Newport,154,39
Newport,66,39
Cardiff,41,39
Swansea,163,39
Newport,8,39
Bangor,34,39
Cardiff,67,39
Newport,48,39
Newport,104,39
Swansea,101,39
Cardiff,78,39
Swansea,143,39
Cardiff,68,39
Newport,91,39
Cardiff,31,39
Bangor,17,39
Swansea,98,39
Cardiff,41,39
Newport,3,39
Newport,105,39
Newport,107,39
Bangor,79,39
Newport,176,39
Cardiff,67,39
Cardiff,40,39
Swansea,69,39
Swansea,188,39
Bangor,44,39
Swansea,49,39
Bangor,16,39
Swansea,34,39
Swansea,72,39
Bangor,174,39
Swansea,110,39
Newport,154,39
Newport,127,39
Newport,76,39
Newport,172,39
Cardiff,143,39
Cardiff,114,39
Newport,128,39
Bangor,143,39
Swansea,91,39
Newport,161,39
Cardiff,99,39
Cardiff,63,39
Cardiff,167,39
Swansea,57,39
Cardiff,157,39
Cardiff,134,39
Newport,31,39
Newport,146,39
Cardiff,85,39
Swansea,79,39
Newport,86,39
Cardiff,38,39
Bangor,158,39
Bangor,56,39
Newport,38,39
Newport,199,39
Swansea,79,39
Swansea,79,39
Bangor,130,39
Bangor,169,39
Swansea,168,39
Cardiff,176,39
Bangor,49,39
Bangor,45,39
Swansea,91,39
Bangor,53,39
Newport,193,39
Bangor,135,39
Newport,171,39
Cardiff,28,39
Swansea,10,39
Swansea,107,39
Newport,98,39
Newport,2,39
Cardiff,144,39
Newport,8,39
Cardiff,138,39
Swansea,48,39
Bangor,177,39
Cardiff,172,39
Swansea,136,39
Swansea,117,39
Bangor,104,39
Bangor,111,39
Newport,140,39
Cardiff,119,39
Swansea,118,39
Newport,96,39
Bangor,163,39
Bangor,100,39
Cardiff,131,39
Cardiff,131,39
Bangor,97,39
Newport,41,39
Cardiff,47,39
Bangor,62,39
Bangor,188,39
Swansea,61,39
Bangor,173,39
Bangor,44,39
Swansea,147,39
Cardiff,90,39
Swansea,22,39
Bangor,56,39
Newport,56,39
Cardiff,135,39
Newport,16,39
Swansea,4,39
Swansea,87,39
Swansea,82,39
Bangor,98,39
Newport,184,39
Cardiff,175,39
Bangor,6,39
Newport,101,39
Cardiff,133,39
Bangor,154,39
Swansea,115,39
Swansea,112,39
Bangor,94,39
Newport,37,39
Bangor,78,39
Bangor,140,39
Newport,165,39
Bangor,74,39
Bangor,55,39
Bangor,90,39
Cardiff,73,39
Cardiff,143,39
Cardiff,96,39
Bangor,43,39
Newport,120,39
Newport,28,39
Bangor,23,39
Cardiff,71,39
Cardiff,86,39
Newport,89,39
Cardiff,136,39
Newport,109,39
Newport,14,39
Cardiff,199,39
Newport,74,39
Newport,83,39
Bangor,9,39
Cardiff,23,39
Swansea,123,39
Bangor,38,39
Newport,191,39
Bangor,130,39
Cardiff,41,39
Swansea,5,39
Newport,175,39
Newport,130,39
Swansea,137,39
Bangor,65,39
Swansea,85,39
Swansea,78,39
Bangor,82,39
Newport,117,39
Swansea,76,39
Cardiff,102,39
Bangor,19,39
Newport,136,39
Cardiff,12,39
Newport,3,39
Bangor,109,39
Bangor,185,39
Newport,36,39
Cardiff,155,39
Newport,198,39
Cardiff,173,39
Newport,15,39
Swansea,34,39
Bangor,57,39
Bangor,153,39
Bangor,156,39
Swansea,158,39
Swansea,12,39
Cardiff,115,39
Swansea,19,39
Bangor,152,39
Newport,13,39
Cardiff,0,39
Newport,4,39
Bangor,107,39
Swansea,172,39
Bangor,124,39
Cardiff,11,39
Swansea,135,39
Swansea,103,39
Newport,97,39
Newport,58,39
Cardiff,75,39
Cardiff,94,39
Swansea,144,39
Cardiff,42,39
Cardiff,67,39
Cardiff,132,39
Swansea,87,39
Newport,160,39
Bangor,86,39
Swansea,102,39
Newport,75,39
Swansea,181,39
Newport,49,39
Swansea,87,39
Swansea,1,39
Swansea,11,39
Swansea,192,39
Bangor,64,39
Newport,67,39
Bangor,16,39
Newport,44,39
Cardiff,3,39
Newport,99,39
Cardiff,112,39
Newport,24,39
Cardiff,35,39
Newport,38,39
Bangor,24,39
Cardiff,129,39
Newport,61,39
Swansea,11,39
Swansea,18,39
Swansea,58,39
Newport,69,39
Swansea,78,39
Bangor,176,39
Swansea,164,39
Cardiff,143,39
Cardiff,147,39
Bangor,120,39
Newport,199,39
Bangor,46,39
Cardiff,38,39
Swansea,100,39
Newport,150,39
Bangor,159,39
Cardiff,104,39
Bangor,69,39
Newport,62,39
Bangor,49,39
Swansea,2,39
