City,Quantity,Product_Code
Newport,86,179
Cardiff,138,179
Newport,126,179
Bangor,142,179
Bangor,173,179
Bangor,83,179
Bangor,47,179
Swansea,52,179
Newport,69,179
Swansea,170,179
Bangor,24,179
Swansea,198,179
Bangor,66,179
Swansea,76,179
Cardiff,19,179
Swansea,140,179
Cardiff,131,179
Newport,78,179
Newport,152,179
Swansea,71,179
Swansea,52,179
Bangor,135,179
Bangor,38,179
Swansea,0,179
Bangor,114,179
Bangor,84,179
Swansea,6,179
Swansea,18,179
Cardiff,175,179
Newport,143,179
Newport,4,179
Swansea,196,179
Swansea,67,179
Bangor,162,179
Swansea,23,179
Cardiff,196,179
Swansea,133,179
Bangor,163,179
Newport,128,179
Bangor,93,179
Newport,95,179
Newport,133,179
Cardiff,82,179
Swansea,41,179
Cardiff,75,179
Bangor,116,179
Swansea,108,179
Newport,50,179
Bangor,99,179
Bangor,192,179
Newport,12,179
Swansea,116,179
Newport,68,179
Newport,158,179
Cardiff,175,179
Cardiff,196,179
Swansea,9,179
Cardiff,53,179
Bangor,50,179
Bangor,85,179
Swansea,40,179
Cardiff,171,179
Cardiff,43,179
Swansea,99,179
Newport,8,179
Bangor,86,179
Newport,64,179
Swansea,162,179
Cardiff,197,179
Bangor,20,179
Swansea,43,179
Swansea,35,179
Bangor,138,179
Cardiff,51,179
Cardiff,20,179
Swansea,94,179
Newport,188,179
Swansea,74,179
Cardiff,12,179
Newport,83,179
Swansea,67,179
Bangor,111,179
Swansea,13,179
Newport,24,179
Bangor,28,179
Cardiff,113,179
Swansea,72,179
Newport,183,179
Cardiff,115,179
Cardiff,82,179
Newport,7,179
Cardiff,45,179
Cardiff,65,179
Bangor,163,179
Newport,75,179
Newport,181,179
Swansea,164,179
Bangor,32,179
Bangor,95,179
Bangor,118,179
Bangor,29,179
Cardiff,186,179
Bangor,42,179
Newport,67,179
Newport,174,179
Newport,160,179
Cardiff,15,179
Swansea,80,179
Newport,158,179
Cardiff,53,179
Newport,134,179
Swansea,114,179
Cardiff,49,179
Newport,119,179
Cardiff,108,179
Newport,143,179
Newport,148,179
Swansea,28,179
Swansea,65,179
Swansea,20,179
Cardiff,85,179
Swansea,94,179
Newport,182,179
Bangor,118,179
Cardiff,106,179
Newport,163,179
Cardiff,15,179
Bangor,164,179
Cardiff,73,179
Cardiff,26,179
Bangor,37,179
Bangor,103,179
Bangor,116,179
Newport,101,179
Bangor,24,179
Cardiff,107,179
Newport,196,179
Cardiff,100,179
Swansea,129,179
Cardiff,90,179
Swansea,24,179
Newport,106,179
Bangor,18,179
Bangor,130,179
Cardiff,164,179
Bangor,90,179
Swansea,85,179
Newport,11,179
Bangor,59,179
Newport,200,179
Swansea,135,179
Bangor,117,179
Newport,59,179
Swansea,25,179
Cardiff,104,179
Bangor,54,179
Bangor,192,179
Newport,124,179
Bangor,152,179
Cardiff,196,179
Newport,16,179
Bangor,101,179
Cardiff,165,179
Cardiff,42,179
Cardiff,124,179
Bangor,130,179
Newport,93,179
Newport,194,179
Bangor,3,179
Newport,199,179
Bangor,132,179
Swansea,149,179
Bangor,90,179
Cardiff,4,179
Cardiff,5,179
Cardiff,126,179
Cardiff,80,179
Cardiff,151,179
Newport,52,179
Swansea,68,179
Newport,41,179
Swansea,122,179
Swansea,168,179
Bangor,196,179
Swansea,20,179
Swansea,36,179
Bangor,23,179
Swansea,2,179
Swansea,36,179
Swansea,42,179
Swansea,120,179
Cardiff,11,179
Newport,140,179
Swansea,198,179
Newport,2,179
Cardiff,153,179
Swansea,122,179
Newport,64,179
Newport,118,179
Cardiff,167,179
Cardiff,83,179
Bangor,61,179
Bangor,183,179
Bangor,17,179
Swansea,3,179
Cardiff,129,179
Newport,102,179
Newport,78,179
Swansea,121,179
Newport,128,179
Swansea,118,179
Swansea,153,179
Bangor,164,179
Newport,162,179
Swansea,169,179
Newport,132,179
Bangor,19,179
Newport,177,179
Newport,36,179
Cardiff,168,179
Bangor,51,179
Bangor,188,179
Bangor,14,179
Newport,123,179
Bangor,183,179
Cardiff,146,179
Bangor,66,179
Cardiff,127,179
Newport,27,179
Bangor,52,179
Swansea,106,179
Newport,59,179
Bangor,161,179
Bangor,28,179
Swansea,111,179
Cardiff,190,179
Swansea,102,179
Cardiff,55,179
Newport,1,179
Newport,60,179
Swansea,42,179
Swansea,122,179
Newport,105,179
Newport,186,179
Swansea,79,179
Cardiff,30,179
Swansea,122,179
Swansea,68,179
Newport,84,179
Swansea,82,179
Bangor,152,179
