City,Quantity,Product_Code
Newport,107,26
Bangor,148,26
Cardiff,109,26
Swansea,143,26
Bangor,105,26
Bangor,155,26
Cardiff,116,26
Bangor,20,26
Bangor,30,26
Bangor,16,26
Bangor,128,26
Newport,117,26
Cardiff,26,26
Cardiff,93,26
Swansea,17,26
Swansea,183,26
Cardiff,163,26
Cardiff,54,26
Bangor,157,26
Bangor,130,26
Bangor,84,26
Cardiff,177,26
Newport,197,26
Newport,190,26
Cardiff,24,26
Swansea,146,26
Bangor,62,26
Swansea,181,26
Cardiff,116,26
Newport,150,26
Swansea,109,26
Swansea,93,26
Swansea,8,26
Cardiff,142,26
Cardiff,25,26
Swansea,4,26
Bangor,0,26
Cardiff,67,26
Newport,190,26
Bangor,177,26
Bangor,66,26
Bangor,69,26
Bangor,4,26
Newport,110,26
Swansea,72,26
Bangor,142,26
Bangor,142,26
Newport,190,26
Newport,21,26
Cardiff,1,26
Cardiff,165,26
Newport,1,26
Cardiff,73,26
Newport,67,26
Cardiff,81,26
Newport,66,26
Newport,104,26
Bangor,149,26
Bangor,45,26
Bangor,109,26
Bangor,7,26
Swansea,193,26
Newport,190,26
Bangor,160,26
Cardiff,135,26
Newport,41,26
Swansea,121,26
Swansea,42,26
Cardiff,73,26
Newport,166,26
Swansea,21,26
Cardiff,135,26
Bangor,198,26
Swansea,161,26
Newport,50,26
Swansea,116,26
Bangor,99,26
Bangor,15,26
Cardiff,37,26
Swansea,163,26
Swansea,51,26
Newport,123,26
Swansea,93,26
Cardiff,189,26
Newport,170,26
Newport,175,26
Cardiff,167,26
Cardiff,29,26
Swansea,152,26
Bangor,194,26
Swansea,80,26
Cardiff,169,26
Swansea,42,26
Newport,78,26
Newport,89,26
Bangor,178,26
Bangor,21,26
Newport,110,26
Swansea,55,26
Newport,143,26
Cardiff,124,26
Bangor,133,26
Newport,86,26
Cardiff,16,26
Cardiff,136,26
Bangor,16,26
Bangor,129,26
Newport,171,26
Cardiff,160,26
Newport,184,26
Bangor,51,26
Swansea,88,26
Bangor,192,26
Cardiff,42,26
Cardiff,182,26
Newport,148,26
Newport,66,26
Swansea,9,26
Bangor,68,26
Newport,3,26
Bangor,11,26
Swansea,76,26
Cardiff,16,26
Swansea,37,26
Bangor,197,26
Bangor,178,26
Swansea,50,26
Cardiff,54,26
Cardiff,7,26
Swansea,128,26
Swansea,162,26
Swansea,75,26
Cardiff,51,26
Cardiff,5,26
Bangor,18,26
Bangor,196,26
Bangor,137,26
Bangor,143,26
Cardiff,181,26
Swansea,56,26
Bangor,135,26
Cardiff,110,26
Swansea,43,26
Newport,5,26
Bangor,94,26
Newport,41,26
Newport,26,26
Swansea,125,26
Cardiff,170,26
Swansea,171,26
Swansea,11,26
Swansea,88,26
Bangor,141,26
Swansea,61,26
Newport,65,26
Swansea,168,26
Bangor,197,26
Cardiff,95,26
Swansea,175,26
Newport,60,26
Newport,122,26
Cardiff,99,26
Swansea,135,26
Swansea,167,26
Bangor,13,26
Bangor,106,26
Swansea,34,26
Cardiff,192,26
Newport,58,26
Cardiff,134,26
Bangor,3,26
Newport,152,26
Cardiff,159,26
Swansea,29,26
Newport,123,26
Bangor,96,26
Newport,48,26
Swansea,2,26
Newport,196,26
Cardiff,30,26
Cardiff,108,26
Bangor,99,26
Newport,38,26
Bangor,44,26
Bangor,111,26
Cardiff,128,26
Newport,7,26
Bangor,178,26
Swansea,171,26
Cardiff,124,26
Cardiff,62,26
Cardiff,96,26
Cardiff,135,26
Newport,24,26
Cardiff,35,26
Bangor,51,26
Cardiff,33,26
Cardiff,198,26
Cardiff,16,26
Bangor,83,26
Newport,22,26
Bangor,130,26
Cardiff,173,26
Swansea,146,26
Cardiff,102,26
Swansea,65,26
Newport,141,26
Bangor,1,26
Cardiff,85,26
Cardiff,153,26
Cardiff,67,26
Bangor,67,26
Bangor,115,26
Cardiff,160,26
Newport,174,26
Cardiff,121,26
Bangor,33,26
Cardiff,130,26
Newport,61,26
Cardiff,21,26
Bangor,187,26
Newport,170,26
Newport,31,26
Cardiff,61,26
Newport,121,26
Cardiff,2,26
Swansea,146,26
Newport,100,26
Cardiff,7,26
Cardiff,137,26
Swansea,50,26
Newport,171,26
Cardiff,76,26
Bangor,97,26
Swansea,167,26
Newport,134,26
Cardiff,171,26
Newport,163,26
Cardiff,68,26
Swansea,106,26
Bangor,112,26
Bangor,65,26
Cardiff,118,26
Bangor,170,26
Cardiff,27,26
Cardiff,2,26
Bangor,31,26
Cardiff,185,26
Cardiff,128,26
Swansea,200,26
Swansea,121,26
