City,Quantity,Product_Code
Swansea,126,2
Newport,82,2
Newport,199,2
Swansea,169,2
Cardiff,142,2
Bangor,40,2
Bangor,28,2
Cardiff,168,2
Cardiff,157,2
Bangor,69,2
Swansea,23,2
Newport,149,2
Bangor,136,2
Newport,15,2
Swansea,118,2
Cardiff,131,2
Swansea,60,2
Bangor,121,2
Bangor,5,2
Newport,38,2
Bangor,197,2
Swansea,33,2
Swansea,137,2
Newport,61,2
Bangor,21,2
Swansea,102,2
Cardiff,29,2
Swansea,29,2
Bangor,52,2
Cardiff,37,2
Newport,92,2
Newport,198,2
Bangor,150,2
Cardiff,23,2
Newport,135,2
Bangor,63,2
Cardiff,104,2
Bangor,125,2
Swansea,30,2
Bangor,112,2
Swansea,1,2
Bangor,40,2
Bangor,146,2
Swansea,63,2
Newport,166,2
Swansea,2,2
Swansea,87,2
Newport,131,2
Cardiff,26,2
Newport,30,2
Bangor,134,2
Cardiff,92,2
Swansea,24,2
Swansea,26,2
Swansea,107,2
Newport,164,2
Cardiff,170,2
Swansea,38,2
Bangor,132,2
Swansea,166,2
Bangor,129,2
Swansea,121,2
Cardiff,167,2
Swansea,198,2
Bangor,56,2
Swansea,5,2
Bangor,46,2
Newport,126,2
Bangor,48,2
Bangor,76,2
Swansea,108,2
Bangor,60,2
Cardiff,0,2
Cardiff,193,2
Bangor,102,2
Swansea,152,2
Bangor,155,2
Bangor,106,2
Swansea,136,2
Cardiff,73,2
Bangor,16,2
Cardiff,171,2
Swansea,14,2
Cardiff,99,2
Cardiff,104,2
Swansea,108,2
Swansea,3,2
Swansea,142,2
Newport,63,2
Bangor,103,2
Cardiff,79,2
Bangor,15,2
Newport,91,2
Bangor,105,2
Swansea,48,2
Cardiff,90,2
Swansea,68,2
Cardiff,95,2
Cardiff,25,2
Swansea,98,2
Bangor,196,2
Newport,54,2
Swansea,148,2
Bangor,81,2
Swansea,58,2
Cardiff,132,2
Cardiff,5,2
Bangor,170,2
Newport,95,2
Swansea,161,2
Swansea,83,2
Newport,103,2
Bangor,36,2
Cardiff,25,2
Newport,46,2
Cardiff,177,2
Newport,63,2
Bangor,67,2
Newport,49,2
Newport,196,2
Cardiff,119,2
Newport,29,2
Cardiff,24,2
Newport,79,2
Swansea,13,2
Bangor,90,2
Cardiff,58,2
Swansea,96,2
Swansea,29,2
Bangor,112,2
Bangor,35,2
Newport,186,2
Bangor,110,2
Swansea,9,2
Cardiff,16,2
Cardiff,176,2
Swansea,192,2
Swansea,130,2
Swansea,138,2
Cardiff,13,2
Cardiff,88,2
Swansea,182,2
Bangor,61,2
Cardiff,72,2
Cardiff,147,2
Newport,132,2
Bangor,171,2
Swansea,175,2
Swansea,160,2
Bangor,95,2
Swansea,47,2
Cardiff,57,2
Bangor,117,2
Newport,141,2
Bangor,72,2
Newport,122,2
Swansea,98,2
Cardiff,180,2
Bangor,67,2
Bangor,59,2
Cardiff,75,2
Bangor,106,2
Swansea,124,2
Newport,95,2
Swansea,78,2
Newport,97,2
Swansea,138,2
Cardiff,73,2
Cardiff,45,2
Newport,43,2
Cardiff,97,2
Newport,30,2
Bangor,155,2
Swansea,199,2
Bangor,96,2
Bangor,193,2
Cardiff,164,2
Newport,40,2
Bangor,83,2
Bangor,104,2
Swansea,52,2
Bangor,98,2
Swansea,103,2
Newport,27,2
Cardiff,174,2
Swansea,22,2
Newport,129,2
Bangor,7,2
Swansea,156,2
Swansea,82,2
Swansea,114,2
Newport,84,2
Swansea,5,2
Bangor,137,2
Bangor,76,2
Newport,156,2
Bangor,164,2
Cardiff,25,2
Swansea,95,2
Newport,71,2
Swansea,180,2
Cardiff,16,2
Bangor,142,2
Swansea,92,2
Cardiff,180,2
Swansea,133,2
Swansea,92,2
Swansea,83,2
Swansea,10,2
Bangor,55,2
Newport,163,2
Newport,60,2
Cardiff,154,2
Swansea,147,2
Cardiff,62,2
Cardiff,42,2
Newport,39,2
Cardiff,136,2
Cardiff,177,2
Newport,106,2
Newport,129,2
Swansea,189,2
Swansea,148,2
Cardiff,64,2
Cardiff,76,2
Bangor,78,2
Bangor,58,2
Bangor,45,2
Cardiff,79,2
Cardiff,130,2
Newport,130,2
Newport,86,2
Bangor,77,2
Newport,199,2
Bangor,46,2
Cardiff,87,2
Cardiff,26,2
Newport,137,2
Bangor,34,2
Bangor,20,2
Swansea,99,2
Bangor,164,2
Swansea,153,2
Cardiff,44,2
Bangor,72,2
Newport,126,2
Cardiff,115,2
Newport,9,2
Swansea,89,2
Newport,181,2
Bangor,141,2
