City,Quantity,Product_Code
Bangor,26,161
Swansea,38,161
Swansea,146,161
Newport,86,161
Bangor,11,161
Bangor,19,161
Cardiff,66,161
Cardiff,173,161
Bangor,73,161
Cardiff,135,161
Newport,64,161
Swansea,199,161
Bangor,142,161
Newport,117,161
Cardiff,198,161
Cardiff,107,161
Bangor,24,161
Bangor,147,161
Swansea,190,161
Cardiff,135,161
Newport,177,161
Swansea,79,161
Newport,73,161
Swansea,77,161
Cardiff,20,161
Swansea,36,161
Cardiff,153,161
Newport,42,161
Newport,25,161
Cardiff,125,161
Newport,16,161
Newport,102,161
Cardiff,197,161
Newport,120,161
Swansea,63,161
Swansea,4,161
Cardiff,197,161
Bangor,180,161
Newport,137,161
Swansea,189,161
Swansea,169,161
Swansea,116,161
Newport,99,161
Newport,187,161
Bangor,64,161
Newport,141,161
Bangor,146,161
Cardiff,196,161
Bangor,110,161
Bangor,1,161
Swansea,153,161
Bangor,11,161
Bangor,148,161
Swansea,130,161
Bangor,152,161
Cardiff,44,161
Newport,15,161
Cardiff,32,161
Newport,102,161
Swansea,158,161
Bangor,50,161
Newport,127,161
Swansea,27,161
Cardiff,183,161
Bangor,81,161
Bangor,77,161
Swansea,66,161
Newport,159,161
Newport,125,161
Cardiff,148,161
Swansea,159,161
Newport,12,161
Newport,165,161
Newport,66,161
Newport,146,161
Swansea,38,161
Newport,105,161
Swansea,97,161
Cardiff,50,161
Newport,104,161
Newport,56,161
Swansea,5,161
Bangor,84,161
Cardiff,190,161
Cardiff,179,161
Bangor,15,161
Cardiff,150,161
Cardiff,91,161
Swansea,138,161
Swansea,118,161
Swansea,137,161
Newport,55,161
Cardiff,184,161
Newport,75,161
Cardiff,80,161
Swansea,176,161
Bangor,100,161
Swansea,178,161
Swansea,36,161
Newport,99,161
Bangor,0,161
Bangor,141,161
Cardiff,41,161
Cardiff,177,161
Swansea,110,161
Swansea,102,161
Newport,108,161
Newport,176,161
Swansea,185,161
Cardiff,105,161
Newport,88,161
Bangor,0,161
Swansea,189,161
Bangor,97,161
Cardiff,57,161
Newport,62,161
Bangor,114,161
Newport,62,161
Swansea,200,161
Newport,85,161
Swansea,15,161
Swansea,49,161
Swansea,24,161
Swansea,136,161
Bangor,50,161
Newport,164,161
Newport,11,161
Cardiff,4,161
Cardiff,185,161
Newport,20,161
Swansea,39,161
Newport,102,161
Bangor,43,161
Bangor,110,161
Swansea,160,161
Newport,93,161
Bangor,130,161
Newport,162,161
Newport,103,161
Newport,36,161
Newport,168,161
Newport,21,161
Newport,66,161
Swansea,103,161
Newport,185,161
Newport,112,161
Cardiff,196,161
Cardiff,52,161
Bangor,2,161
Bangor,64,161
Bangor,39,161
Bangor,138,161
Cardiff,65,161
Cardiff,46,161
Cardiff,54,161
Swansea,139,161
Cardiff,61,161
Bangor,42,161
Newport,77,161
Bangor,146,161
Newport,125,161
Cardiff,32,161
Bangor,29,161
Newport,69,161
Swansea,140,161
Newport,18,161
Cardiff,178,161
Swansea,118,161
Bangor,195,161
Cardiff,63,161
Newport,23,161
Newport,1,161
Bangor,58,161
Cardiff,127,161
Swansea,196,161
Cardiff,60,161
Newport,46,161
Cardiff,73,161
Cardiff,101,161
Newport,5,161
Bangor,159,161
Newport,8,161
Cardiff,80,161
Bangor,39,161
Newport,59,161
Bangor,3,161
Newport,24,161
Newport,31,161
Swansea,7,161
Cardiff,48,161
Cardiff,76,161
Cardiff,36,161
Bangor,164,161
Cardiff,54,161
Cardiff,48,161
Swansea,54,161
Cardiff,118,161
Swansea,1,161
Swansea,68,161
Bangor,77,161
Cardiff,141,161
Bangor,172,161
Bangor,120,161
Newport,135,161
Bangor,176,161
Newport,199,161
Swansea,188,161
Bangor,184,161
Newport,71,161
Bangor,154,161
Swansea,162,161
Bangor,164,161
Cardiff,102,161
Newport,185,161
Bangor,62,161
Bangor,46,161
Cardiff,88,161
Swansea,180,161
Newport,142,161
Newport,98,161
Cardiff,37,161
Cardiff,100,161
Swansea,63,161
Newport,106,161
Bangor,140,161
Swansea,152,161
Newport,197,161
Cardiff,38,161
Cardiff,132,161
Cardiff,69,161
Swansea,111,161
Cardiff,87,161
Newport,197,161
Newport,129,161
Cardiff,50,161
Cardiff,54,161
Bangor,9,161
Newport,114,161
Swansea,196,161
Newport,90,161
Newport,4,161
Swansea,130,161
Swansea,53,161
Swansea,51,161
Swansea,190,161
Cardiff,24,161
Newport,115,161
Swansea,64,161
Bangor,173,161
Swansea,89,161
Newport,49,161
