City,Quantity,Product_Code
Bangor,142,60
Swansea,3,60
Cardiff,165,60
Swansea,153,60
Bangor,116,60
Swansea,74,60
Cardiff,185,60
Cardiff,142,60
Bangor,197,60
Cardiff,107,60
Bangor,10,60
Newport,121,60
Swansea,150,60
Bangor,115,60
Cardiff,69,60
Bangor,6,60
Swansea,192,60
Bangor,90,60
Cardiff,78,60
Swansea,67,60
Swansea,92,60
Newport,11,60
Newport,48,60
Swansea,9,60
Swansea,135,60
Swansea,167,60
Swansea,29,60
Newport,83,60
Newport,167,60
Swansea,174,60
Swansea,147,60
Swansea,124,60
Cardiff,127,60
Swansea,117,60
Cardiff,63,60
Bangor,34,60
Cardiff,85,60
Swansea,47,60
Swansea,168,60
Cardiff,113,60
Cardiff,90,60
Cardiff,51,60
Swansea,133,60
Cardiff,170,60
Newport,184,60
Bangor,192,60
Newport,144,60
Newport,54,60
Bangor,21,60
Swansea,36,60
Swansea,160,60
Cardiff,84,60
Bangor,116,60
Bangor,41,60
Bangor,28,60
Swansea,148,60
Newport,162,60
Bangor,37,60
Newport,106,60
Cardiff,179,60
Newport,86,60
Newport,191,60
Cardiff,184,60
Bangor,152,60
Swansea,86,60
Newport,45,60
Bangor,3,60
Bangor,12,60
Newport,107,60
Bangor,25,60
Bangor,56,60
Swansea,76,60
Swansea,54,60
Swansea,134,60
Bangor,53,60
Bangor,196,60
Cardiff,183,60
Cardiff,31,60
Cardiff,159,60
Newport,8,60
Newport,39,60
Newport,4,60
Cardiff,121,60
Bangor,161,60
Cardiff,86,60
Bangor,147,60
Newport,59,60
Swansea,134,60
Bangor,32,60
Cardiff,137,60
Swansea,81,60
Cardiff,31,60
Swansea,84,60
Cardiff,109,60
Swansea,154,60
Bangor,100,60
Swansea,0,60
Swansea,81,60
Bangor,149,60
Bangor,29,60
Bangor,82,60
Cardiff,194,60
Bangor,64,60
Cardiff,172,60
Cardiff,123,60
Swansea,4,60
Newport,26,60
Bangor,94,60
Swansea,120,60
Bangor,128,60
Bangor,131,60
Bangor,187,60
Swansea,55,60
Bangor,190,60
Swansea,139,60
Swansea,187,60
Swansea,110,60
Bangor,165,60
Swansea,163,60
Newport,153,60
Newport,144,60
Swansea,166,60
Swansea,27,60
Newport,185,60
Newport,196,60
Bangor,109,60
Swansea,192,60
Swansea,30,60
Swansea,54,60
Cardiff,45,60
Swansea,18,60
Newport,80,60
Cardiff,125,60
Swansea,62,60
Swansea,75,60
Swansea,17,60
Bangor,91,60
Newport,184,60
Swansea,59,60
Newport,79,60
Newport,112,60
Swansea,176,60
Cardiff,9,60
Swansea,36,60
Bangor,192,60
Bangor,136,60
Cardiff,184,60
Bangor,41,60
Newport,163,60
Swansea,74,60
Swansea,81,60
Bangor,20,60
Cardiff,24,60
Cardiff,101,60
Newport,10,60
Bangor,153,60
Cardiff,10,60
Swansea,97,60
Swansea,93,60
Newport,23,60
Bangor,200,60
Swansea,75,60
Bangor,20,60
Bangor,173,60
Newport,89,60
Swansea,8,60
Newport,164,60
Swansea,63,60
Swansea,48,60
Bangor,31,60
Swansea,42,60
Bangor,34,60
Bangor,16,60
Bangor,25,60
Swansea,162,60
Newport,56,60
Newport,187,60
Bangor,107,60
Swansea,53,60
Bangor,95,60
Bangor,105,60
Cardiff,92,60
Newport,19,60
Cardiff,180,60
Bangor,2,60
Newport,15,60
Newport,99,60
Bangor,67,60
Cardiff,27,60
Newport,50,60
Newport,155,60
Swansea,62,60
Swansea,70,60
Swansea,197,60
Cardiff,111,60
Swansea,139,60
Swansea,41,60
Newport,121,60
Cardiff,44,60
Newport,169,60
Bangor,27,60
Newport,48,60
Cardiff,54,60
Bangor,126,60
Bangor,138,60
Swansea,30,60
Newport,27,60
Bangor,177,60
Bangor,28,60
Swansea,4,60
Cardiff,113,60
Bangor,118,60
Swansea,142,60
Bangor,22,60
Newport,138,60
Bangor,32,60
Newport,175,60
Bangor,71,60
Bangor,78,60
Newport,22,60
Cardiff,190,60
Cardiff,126,60
Swansea,92,60
Cardiff,110,60
Cardiff,39,60
Swansea,158,60
Bangor,161,60
Bangor,111,60
Swansea,166,60
Swansea,20,60
Newport,25,60
Bangor,103,60
Swansea,108,60
Newport,37,60
Cardiff,183,60
Newport,70,60
Bangor,180,60
Newport,46,60
Newport,20,60
Bangor,18,60
Cardiff,104,60
Bangor,157,60
Cardiff,151,60
Bangor,71,60
Newport,1,60
Cardiff,55,60
Swansea,139,60
Cardiff,138,60
Swansea,18,60
Bangor,24,60
Swansea,25,60
