City,Quantity,Product_Code
Newport,127,163
Swansea,197,163
Cardiff,188,163
Bangor,77,163
Swansea,48,163
Newport,132,163
Swansea,159,163
Cardiff,30,163
Newport,111,163
Newport,5,163
Swansea,53,163
Newport,199,163
Newport,174,163
Swansea,51,163
Swansea,191,163
Cardiff,135,163
Cardiff,102,163
Swansea,46,163
Cardiff,179,163
Swansea,4,163
Newport,185,163
Newport,143,163
Swansea,128,163
Newport,26,163
Cardiff,194,163
Newport,14,163
Newport,146,163
Cardiff,181,163
Newport,152,163
Newport,190,163
Newport,128,163
Newport,150,163
Cardiff,49,163
Swansea,183,163
Cardiff,174,163
Bangor,187,163
Newport,57,163
Cardiff,8,163
Newport,70,163
Bangor,123,163
Swansea,5,163
Cardiff,133,163
Newport,43,163
Swansea,171,163
Cardiff,142,163
Swansea,145,163
Cardiff,91,163
Newport,144,163
Cardiff,2,163
Bangor,46,163
Cardiff,70,163
Cardiff,100,163
Newport,37,163
Newport,5,163
Swansea,187,163
Bangor,166,163
Cardiff,32,163
Swansea,24,163
Cardiff,182,163
Newport,25,163
Bangor,51,163
Swansea,154,163
Swansea,80,163
Cardiff,82,163
Swansea,63,163
Swansea,26,163
Cardiff,122,163
Bangor,32,163
Bangor,161,163
Newport,77,163
Cardiff,164,163
Newport,168,163
Newport,57,163
Swansea,15,163
Swansea,116,163
Swansea,164,163
Bangor,136,163
Swansea,130,163
Newport,35,163
Cardiff,16,163
Swansea,39,163
Cardiff,134,163
Swansea,48,163
Swansea,156,163
Bangor,163,163
Newport,62,163
Cardiff,62,163
Swansea,148,163
Bangor,128,163
Bangor,110,163
Newport,28,163
Newport,98,163
Bangor,72,163
Newport,65,163
Cardiff,136,163
Newport,152,163
Cardiff,5,163
Newport,196,163
Swansea,121,163
Swansea,60,163
Cardiff,18,163
Newport,53,163
Swansea,74,163
Swansea,164,163
Swansea,194,163
Newport,178,163
Cardiff,123,163
Swansea,58,163
Newport,90,163
Bangor,6,163
Cardiff,199,163
Newport,63,163
Newport,58,163
Swansea,36,163
Swansea,87,163
Swansea,113,163
Newport,83,163
Bangor,139,163
Bangor,36,163
Bangor,60,163
Bangor,144,163
Newport,160,163
Newport,126,163
Cardiff,155,163
Newport,83,163
Cardiff,191,163
Cardiff,81,163
Bangor,88,163
Cardiff,114,163
Newport,184,163
Cardiff,167,163
Swansea,101,163
Bangor,72,163
Cardiff,52,163
Cardiff,119,163
Cardiff,42,163
Cardiff,147,163
Swansea,82,163
Bangor,84,163
Newport,167,163
Bangor,131,163
Swansea,108,163
Newport,131,163
Swansea,110,163
Swansea,200,163
Bangor,129,163
Cardiff,171,163
Bangor,117,163
Bangor,146,163
Bangor,56,163
Swansea,129,163
Bangor,21,163
Newport,130,163
Newport,195,163
Newport,86,163
Cardiff,126,163
Cardiff,11,163
Swansea,138,163
Bangor,173,163
Newport,121,163
Newport,51,163
Newport,190,163
Bangor,186,163
Cardiff,146,163
Newport,59,163
Newport,5,163
Swansea,35,163
Bangor,154,163
Swansea,155,163
Newport,0,163
Swansea,195,163
Cardiff,113,163
Cardiff,164,163
Cardiff,168,163
Newport,81,163
Bangor,134,163
Swansea,151,163
Bangor,100,163
Cardiff,96,163
Swansea,62,163
Cardiff,89,163
Cardiff,192,163
Newport,94,163
Bangor,133,163
Newport,36,163
Cardiff,6,163
Bangor,61,163
Swansea,140,163
Swansea,159,163
Newport,144,163
Swansea,1,163
Bangor,40,163
Swansea,41,163
Newport,53,163
Bangor,130,163
Swansea,90,163
Swansea,120,163
Bangor,115,163
Swansea,186,163
Swansea,158,163
Swansea,86,163
Swansea,35,163
Bangor,101,163
Bangor,117,163
Swansea,159,163
Bangor,87,163
Cardiff,101,163
Swansea,54,163
Newport,198,163
Swansea,164,163
Newport,52,163
Cardiff,74,163
Swansea,197,163
Cardiff,6,163
Cardiff,14,163
Newport,156,163
Bangor,88,163
Bangor,72,163
Bangor,127,163
Swansea,59,163
Cardiff,102,163
Bangor,36,163
Cardiff,145,163
Newport,48,163
Swansea,174,163
Newport,128,163
Newport,89,163
Newport,68,163
Bangor,149,163
Newport,91,163
Cardiff,191,163
Cardiff,92,163
Newport,73,163
Newport,53,163
Bangor,167,163
Cardiff,44,163
Bangor,94,163
Bangor,7,163
Newport,121,163
Cardiff,185,163
Swansea,195,163
Newport,148,163
Swansea,49,163
Swansea,126,163
Bangor,160,163
Swansea,89,163
Swansea,66,163
Swansea,140,163
Bangor,106,163
Newport,142,163
Cardiff,188,163
