City,Quantity,Product_Code
Cardiff,109,23
Cardiff,67,23
Cardiff,109,23
Cardiff,164,23
Cardiff,180,23
Cardiff,8,23
Newport,86,23
Newport,184,23
Newport,163,23
Swansea,132,23
Cardiff,105,23
Cardiff,149,23
Swansea,24,23
Bangor,60,23
Cardiff,96,23
Newport,172,23
Cardiff,165,23
Cardiff,180,23
Newport,111,23
Bangor,37,23
Cardiff,192,23
Cardiff,123,23
Swansea,186,23
Newport,63,23
Newport,65,23
Swansea,173,23
Bangor,169,23
Newport,70,23
Bangor,175,23
Cardiff,32,23
Swansea,175,23
Bangor,167,23
Newport,198,23
Newport,170,23
Bangor,126,23
Newport,59,23
Cardiff,200,23
Newport,161,23
Swansea,79,23
Bangor,72,23
Cardiff,34,23
Bangor,161,23
Bangor,128,23
Newport,60,23
Cardiff,116,23
Cardiff,108,23
Newport,198,23
Newport,54,23
Swansea,151,23
Bangor,144,23
Swansea,129,23
Swansea,65,23
Newport,82,23
Newport,115,23
Swansea,58,23
Cardiff,58,23
Swansea,119,23
Newport,131,23
Newport,95,23
Swansea,180,23
Newport,170,23
Cardiff,112,23
Swansea,65,23
Swansea,7,23
Cardiff,94,23
Cardiff,139,23
Newport,31,23
Bangor,11,23
Swansea,113,23
Cardiff,191,23
Newport,90,23
Swansea,108,23
Bangor,79,23
Cardiff,107,23
Swansea,150,23
Swansea,31,23
Cardiff,184,23
Cardiff,98,23
Bangor,83,23
Bangor,187,23
Newport,37,23
Swansea,72,23
Cardiff,2,23
Newport,184,23
Swansea,65,23
Bangor,70,23
Bangor,136,23
Bangor,111,23
Newport,38,23
Bangor,94,23
Cardiff,112,23
Newport,115,23
Swansea,18,23
Swansea,156,23
Cardiff,154,23
Newport,41,23
Bangor,156,23
Cardiff,32,23
Bangor,187,23
Cardiff,38,23
Bangor,184,23
Cardiff,100,23
Swansea,57,23
Cardiff,64,23
Newport,56,23
Newport,19,23
Swansea,66,23
Newport,144,23
Cardiff,42,23
Newport,104,23
Cardiff,122,23
Cardiff,13,23
Swansea,52,23
Bangor,161,23
Swansea,69,23
Swansea,115,23
Cardiff,168,23
Bangor,137,23
Newport,89,23
Newport,70,23
Cardiff,196,23
Bangor,113,23
Swansea,126,23
Swansea,11,23
Cardiff,86,23
Swansea,67,23
Newport,160,23
Newport,32,23
Cardiff,74,23
Swansea,89,23
Bangor,44,23
Cardiff,135,23
Newport,29,23
Cardiff,36,23
Bangor,51,23
Swansea,111,23
Newport,66,23
Swansea,121,23
Newport,102,23
Newport,45,23
Bangor,181,23
Cardiff,24,23
Newport,75,23
Swansea,144,23
Bangor,97,23
Cardiff,49,23
Newport,173,23
Bangor,24,23
Swansea,90,23
Bangor,27,23
Bangor,176,23
Swansea,182,23
Newport,60,23
Cardiff,51,23
Newport,189,23
Newport,103,23
Newport,167,23
Bangor,64,23
Newport,71,23
Bangor,142,23
Swansea,7,23
Cardiff,195,23
Bangor,66,23
Swansea,199,23
Cardiff,129,23
Swansea,164,23
Swansea,26,23
Cardiff,113,23
Cardiff,196,23
Swansea,46,23
Swansea,165,23
Newport,15,23
Bangor,71,23
Newport,196,23
Newport,128,23
Newport,18,23
Cardiff,44,23
Bangor,186,23
Cardiff,154,23
Bangor,30,23
Cardiff,26,23
Swansea,125,23
Bangor,58,23
Newport,126,23
Bangor,35,23
Swansea,188,23
Cardiff,6,23
Bangor,51,23
Bangor,88,23
Cardiff,51,23
Cardiff,75,23
Swansea,39,23
Newport,151,23
Bangor,116,23
Swansea,29,23
Newport,61,23
Newport,5,23
Cardiff,185,23
Cardiff,25,23
Cardiff,191,23
Bangor,47,23
Cardiff,87,23
Newport,109,23
Newport,187,23
Bangor,51,23
Swansea,77,23
Bangor,175,23
Swansea,135,23
Swansea,193,23
Bangor,79,23
Newport,139,23
Newport,101,23
Cardiff,183,23
Cardiff,175,23
Bangor,93,23
Cardiff,93,23
Swansea,157,23
Newport,58,23
Newport,38,23
Swansea,15,23
Cardiff,36,23
Swansea,89,23
Bangor,126,23
Newport,169,23
Cardiff,114,23
Bangor,100,23
Newport,22,23
Swansea,90,23
Cardiff,87,23
Swansea,187,23
Cardiff,50,23
Newport,34,23
Bangor,181,23
Bangor,64,23
Bangor,79,23
Newport,87,23
Cardiff,125,23
Cardiff,161,23
Newport,44,23
Swansea,139,23
Newport,4,23
Cardiff,62,23
Newport,83,23
Cardiff,70,23
Newport,103,23
Swansea,65,23
Cardiff,90,23
Newport,154,23
Swansea,150,23
Swansea,104,23
Cardiff,168,23
