City,Quantity,Product_Code
Cardiff,142,84
Swansea,9,84
Newport,138,84
Cardiff,88,84
Bangor,191,84
Swansea,149,84
Newport,23,84
Swansea,94,84
Cardiff,189,84
Swansea,61,84
Bangor,178,84
Swansea,75,84
Newport,128,84
Newport,78,84
Newport,156,84
Cardiff,108,84
Cardiff,30,84
Cardiff,26,84
Cardiff,142,84
Cardiff,151,84
Cardiff,14,84
Bangor,14,84
Bangor,141,84
Newport,35,84
Newport,74,84
Cardiff,168,84
Cardiff,0,84
Bangor,1,84
Bangor,72,84
Newport,7,84
Cardiff,29,84
Swansea,169,84
Bangor,101,84
Newport,73,84
Newport,115,84
Bangor,68,84
Newport,156,84
Cardiff,104,84
Newport,109,84
Swansea,89,84
Cardiff,191,84
Bangor,87,84
Cardiff,65,84
Newport,122,84
Newport,196,84
Newport,182,84
Newport,186,84
Bangor,43,84
Cardiff,35,84
Swansea,163,84
Swansea,143,84
Cardiff,95,84
Newport,81,84
Newport,108,84
Bangor,146,84
Bangor,175,84
Swansea,119,84
Bangor,73,84
Newport,96,84
Swansea,85,84
Newport,16,84
Cardiff,46,84
Bangor,4,84
Cardiff,138,84
Cardiff,66,84
Bangor,74,84
Newport,199,84
Cardiff,26,84
Cardiff,199,84
Bangor,102,84
Cardiff,102,84
Bangor,173,84
Bangor,100,84
Cardiff,137,84
Swansea,155,84
Bangor,190,84
Bangor,172,84
Swansea,41,84
Cardiff,194,84
Newport,68,84
Newport,105,84
Newport,183,84
Bangor,193,84
Swansea,135,84
Newport,2,84
Cardiff,99,84
Bangor,115,84
Bangor,25,84
Swansea,99,84
Swansea,105,84
Bangor,184,84
Swansea,131,84
Cardiff,96,84
Bangor,106,84
Newport,109,84
Cardiff,186,84
Swansea,58,84
Swansea,74,84
Bangor,38,84
Cardiff,190,84
Bangor,3,84
Swansea,151,84
Newport,90,84
Swansea,36,84
Newport,55,84
Cardiff,57,84
Swansea,26,84
Newport,181,84
Bangor,195,84
Newport,12,84
Newport,122,84
Bangor,75,84
Cardiff,7,84
Newport,32,84
Bangor,27,84
Swansea,53,84
Bangor,188,84
Newport,1,84
Swansea,40,84
Bangor,198,84
Bangor,188,84
Bangor,167,84
Bangor,72,84
Newport,70,84
Bangor,105,84
Newport,190,84
Cardiff,179,84
Swansea,190,84
Swansea,4,84
Cardiff,121,84
Cardiff,151,84
Cardiff,73,84
Swansea,138,84
Cardiff,167,84
Newport,169,84
Cardiff,43,84
Swansea,43,84
Newport,136,84
Bangor,72,84
Newport,47,84
Newport,25,84
Bangor,128,84
Newport,183,84
Cardiff,28,84
Newport,146,84
Newport,37,84
Cardiff,6,84
Cardiff,24,84
Swansea,144,84
Bangor,25,84
Cardiff,194,84
Bangor,75,84
Newport,46,84
Cardiff,110,84
Newport,55,84
Bangor,116,84
Bangor,99,84
Bangor,79,84
Bangor,56,84
Cardiff,94,84
Newport,136,84
Cardiff,54,84
Swansea,82,84
Cardiff,29,84
Swansea,64,84
Newport,18,84
Bangor,129,84
Cardiff,95,84
Cardiff,191,84
Cardiff,43,84
Swansea,65,84
Bangor,189,84
Bangor,184,84
Cardiff,104,84
Bangor,138,84
Cardiff,111,84
Cardiff,188,84
Bangor,131,84
Bangor,40,84
Newport,42,84
Bangor,101,84
Swansea,36,84
Cardiff,9,84
Swansea,79,84
Newport,162,84
Newport,127,84
Cardiff,78,84
Cardiff,43,84
Newport,192,84
Bangor,115,84
Cardiff,163,84
Cardiff,39,84
Bangor,134,84
Cardiff,195,84
Bangor,120,84
Swansea,141,84
Newport,122,84
Newport,130,84
Bangor,35,84
Bangor,192,84
Swansea,5,84
Swansea,159,84
Bangor,186,84
Cardiff,159,84
Cardiff,23,84
Bangor,137,84
Swansea,180,84
Bangor,121,84
Cardiff,60,84
Swansea,86,84
Newport,3,84
Swansea,107,84
Bangor,158,84
Cardiff,144,84
Bangor,133,84
Newport,34,84
Cardiff,36,84
Cardiff,150,84
Newport,59,84
Bangor,169,84
Bangor,161,84
Cardiff,134,84
Cardiff,132,84
Newport,115,84
Cardiff,138,84
Swansea,124,84
Swansea,26,84
Newport,181,84
Cardiff,5,84
Bangor,88,84
Bangor,139,84
Bangor,116,84
Newport,67,84
Newport,34,84
Cardiff,163,84
Newport,177,84
Newport,162,84
Cardiff,115,84
Cardiff,24,84
Bangor,7,84
Swansea,29,84
Cardiff,185,84
Bangor,19,84
Newport,84,84
Swansea,18,84
Swansea,63,84
Cardiff,183,84
Cardiff,140,84
Newport,113,84
Bangor,40,84
Bangor,129,84
