City,Quantity,Product_Code
Cardiff,91,146
Bangor,1,146
Newport,161,146
Swansea,85,146
Cardiff,32,146
Cardiff,59,146
Swansea,39,146
Newport,155,146
Cardiff,28,146
Newport,108,146
Swansea,105,146
Cardiff,120,146
Newport,158,146
Cardiff,111,146
Swansea,199,146
Newport,20,146
Newport,126,146
Newport,83,146
Newport,100,146
Bangor,90,146
Newport,132,146
Newport,9,146
Newport,127,146
Swansea,188,146
Cardiff,50,146
Swansea,41,146
Swansea,96,146
Swansea,199,146
Newport,35,146
Bangor,182,146
Swansea,53,146
Swansea,136,146
Swansea,169,146
Swansea,158,146
Bangor,153,146
Bangor,85,146
Bangor,196,146
Swansea,80,146
Newport,173,146
Cardiff,154,146
Newport,156,146
Swansea,55,146
Bangor,108,146
Newport,118,146
Newport,76,146
Swansea,105,146
Cardiff,59,146
Cardiff,195,146
Swansea,153,146
Newport,16,146
Newport,28,146
Cardiff,165,146
Bangor,129,146
Bangor,142,146
Swansea,73,146
Cardiff,97,146
Swansea,2,146
Newport,71,146
Swansea,121,146
Swansea,131,146
Cardiff,41,146
Swansea,127,146
Swansea,114,146
Swansea,182,146
Swansea,41,146
Bangor,193,146
Newport,101,146
Newport,9,146
Cardiff,121,146
Newport,43,146
Bangor,195,146
Swansea,10,146
Newport,54,146
Cardiff,85,146
Newport,7,146
Swansea,92,146
Cardiff,191,146
Cardiff,73,146
Newport,33,146
Cardiff,198,146
Cardiff,78,146
Cardiff,129,146
Bangor,175,146
Cardiff,67,146
Bangor,130,146
Newport,171,146
Swansea,79,146
Newport,118,146
Cardiff,155,146
Cardiff,146,146
Newport,76,146
Newport,116,146
Newport,148,146
Newport,103,146
Swansea,150,146
Newport,110,146
Cardiff,91,146
Bangor,82,146
Bangor,27,146
Swansea,176,146
Bangor,166,146
Newport,129,146
Newport,196,146
Newport,96,146
Cardiff,141,146
Cardiff,38,146
Swansea,53,146
Cardiff,114,146
Newport,140,146
Newport,40,146
Cardiff,149,146
Swansea,90,146
Swansea,32,146
Newport,38,146
Bangor,98,146
Bangor,85,146
Bangor,175,146
Bangor,101,146
Swansea,62,146
Swansea,153,146
Newport,3,146
Cardiff,45,146
Swansea,139,146
Cardiff,96,146
Newport,49,146
Newport,140,146
Swansea,69,146
Swansea,75,146
Cardiff,53,146
Swansea,53,146
Swansea,2,146
Cardiff,153,146
Swansea,16,146
Newport,65,146
Newport,58,146
Newport,47,146
Swansea,175,146
Bangor,185,146
Newport,32,146
Swansea,197,146
Swansea,14,146
Newport,41,146
Cardiff,78,146
Cardiff,100,146
Swansea,168,146
Cardiff,22,146
Newport,163,146
Newport,190,146
Cardiff,78,146
Newport,199,146
Cardiff,49,146
Newport,41,146
Swansea,112,146
Bangor,96,146
Bangor,134,146
Bangor,51,146
Bangor,85,146
Swansea,4,146
Cardiff,96,146
Newport,107,146
Newport,167,146
Bangor,18,146
Newport,155,146
Bangor,43,146
Swansea,15,146
Cardiff,163,146
Swansea,61,146
Swansea,50,146
Bangor,83,146
Cardiff,81,146
Cardiff,51,146
Swansea,171,146
Newport,46,146
Swansea,34,146
Bangor,109,146
Cardiff,168,146
Bangor,26,146
Cardiff,41,146
Cardiff,123,146
Swansea,25,146
Cardiff,13,146
Newport,87,146
Bangor,194,146
Newport,22,146
Cardiff,107,146
Newport,112,146
Newport,5,146
Bangor,84,146
Cardiff,62,146
Bangor,194,146
Swansea,8,146
Bangor,115,146
Newport,32,146
Cardiff,137,146
Bangor,9,146
Bangor,83,146
Bangor,105,146
Newport,28,146
Newport,172,146
Swansea,121,146
Swansea,147,146
Newport,16,146
Swansea,15,146
Bangor,7,146
Newport,63,146
Swansea,39,146
Cardiff,89,146
Swansea,179,146
Newport,185,146
Newport,148,146
Bangor,43,146
Newport,2,146
Bangor,161,146
Newport,38,146
Newport,130,146
Cardiff,200,146
Swansea,108,146
Bangor,14,146
Bangor,93,146
Swansea,58,146
Newport,78,146
Cardiff,18,146
Cardiff,187,146
Swansea,183,146
Cardiff,53,146
Swansea,153,146
Newport,147,146
Newport,174,146
Newport,47,146
Newport,103,146
Bangor,16,146
Swansea,174,146
Swansea,89,146
Swansea,139,146
Bangor,50,146
Swansea,185,146
Newport,48,146
Swansea,18,146
Newport,45,146
Newport,91,146
Swansea,31,146
Swansea,167,146
Bangor,70,146
Bangor,56,146
Swansea,107,146
Bangor,89,146
Bangor,4,146
Swansea,149,146
Cardiff,149,146
Bangor,44,146
Bangor,38,146
