City,Quantity,Product_Code
Bangor,88,21
Cardiff,148,21
Cardiff,184,21
Bangor,196,21
Newport,43,21
Newport,180,21
Swansea,29,21
Newport,115,21
Cardiff,120,21
Bangor,86,21
Swansea,52,21
Cardiff,121,21
Swansea,61,21
Bangor,26,21
Cardiff,56,21
Bangor,9,21
Swansea,171,21
Bangor,135,21
Newport,19,21
Bangor,185,21
Newport,143,21
Swansea,183,21
Newport,191,21
Cardiff,12,21
Cardiff,57,21
Swansea,13,21
Cardiff,140,21
Swansea,140,21
Newport,145,21
Bangor,72,21
Bangor,91,21
Swansea,15,21
Cardiff,91,21
Newport,64,21
Bangor,158,21
Newport,100,21
Swansea,10,21
Swansea,147,21
Cardiff,104,21
Bangor,60,21
Cardiff,200,21
Newport,77,21
Swansea,190,21
Cardiff,174,21
Bangor,24,21
Cardiff,181,21
Swansea,139,21
Newport,114,21
Newport,123,21
Cardiff,75,21
Swansea,42,21
Newport,84,21
Bangor,2,21
Cardiff,137,21
Swansea,107,21
Swansea,131,21
Bangor,158,21
Newport,176,21
Newport,34,21
Newport,80,21
Newport,33,21
Bangor,164,21
Cardiff,188,21
Bangor,116,21
Swansea,110,21
Cardiff,51,21
Cardiff,24,21
Swansea,137,21
Newport,22,21
Swansea,179,21
Newport,163,21
Cardiff,108,21
Newport,121,21
Cardiff,24,21
Swansea,177,21
Bangor,150,21
Swansea,80,21
Swansea,21,21
Bangor,22,21
Cardiff,75,21
Newport,192,21
Swansea,77,21
Newport,81,21
Cardiff,116,21
Newport,13,21
Bangor,64,21
Newport,139,21
Cardiff,177,21
Cardiff,131,21
Swansea,40,21
Cardiff,3,21
Cardiff,155,21
Cardiff,96,21
Newport,166,21
Cardiff,55,21
Bangor,91,21
Bangor,92,21
Swansea,155,21
Cardiff,189,21
Bangor,93,21
Bangor,3,21
Newport,198,21
Bangor,11,21
Swansea,161,21
Swansea,14,21
Swansea,95,21
Swansea,100,21
Newport,98,21
Swansea,187,21
Swansea,98,21
Cardiff,191,21
Newport,90,21
Swansea,24,21
Swansea,147,21
Swansea,8,21
Bangor,120,21
Cardiff,24,21
Newport,52,21
Bangor,147,21
Newport,81,21
Newport,129,21
Swansea,173,21
Swansea,179,21
Newport,115,21
Newport,143,21
Cardiff,151,21
Cardiff,125,21
Bangor,40,21
Newport,40,21
Cardiff,192,21
Newport,145,21
Swansea,36,21
Cardiff,18,21
Bangor,43,21
Bangor,114,21
Newport,15,21
Bangor,184,21
Newport,151,21
Newport,82,21
Swansea,137,21
Cardiff,35,21
Cardiff,186,21
Newport,41,21
Newport,179,21
Bangor,48,21
Cardiff,52,21
Swansea,20,21
Swansea,130,21
Swansea,29,21
Newport,22,21
Swansea,51,21
Swansea,110,21
Newport,47,21
Swansea,34,21
Newport,177,21
Bangor,186,21
Cardiff,107,21
Newport,169,21
Swansea,90,21
Bangor,37,21
Cardiff,45,21
Cardiff,172,21
Cardiff,164,21
Swansea,95,21
Newport,136,21
Swansea,57,21
Cardiff,117,21
Cardiff,15,21
Swansea,65,21
Newport,192,21
Bangor,4,21
Swansea,45,21
Swansea,168,21
Newport,64,21
Newport,115,21
Bangor,185,21
Bangor,198,21
Cardiff,19,21
Swansea,193,21
Newport,46,21
Swansea,73,21
Swansea,176,21
Bangor,38,21
Newport,161,21
Newport,197,21
Cardiff,197,21
Cardiff,7,21
Cardiff,11,21
Cardiff,97,21
Bangor,109,21
Bangor,153,21
Newport,110,21
Bangor,142,21
Bangor,61,21
Bangor,50,21
Swansea,194,21
Newport,2,21
Swansea,16,21
Bangor,87,21
Newport,50,21
Newport,50,21
Cardiff,83,21
Newport,46,21
Cardiff,55,21
Swansea,17,21
Bangor,13,21
Bangor,44,21
Cardiff,163,21
Newport,93,21
Bangor,105,21
Swansea,7,21
Cardiff,184,21
Newport,179,21
Swansea,98,21
Newport,77,21
Newport,176,21
Swansea,170,21
Cardiff,35,21
Bangor,108,21
Bangor,189,21
Swansea,26,21
Newport,145,21
Newport,73,21
Newport,29,21
Newport,24,21
Swansea,133,21
Bangor,100,21
Bangor,135,21
Swansea,191,21
Bangor,15,21
Bangor,165,21
Cardiff,151,21
Swansea,14,21
Cardiff,100,21
Newport,186,21
Swansea,38,21
Cardiff,107,21
Cardiff,47,21
Newport,97,21
Newport,125,21
Bangor,141,21
Newport,8,21
Bangor,104,21
Cardiff,153,21
Newport,16,21
Swansea,83,21
Swansea,182,21
Swansea,131,21
Swansea,60,21
Cardiff,35,21
Newport,95,21
