City,Quantity,Product_Code
Cardiff,177,36
Swansea,166,36
Swansea,103,36
Swansea,161,36
Swansea,146,36
Bangor,123,36
Cardiff,24,36
Cardiff,10,36
Swansea,200,36
Bangor,144,36
Newport,85,36
Cardiff,88,36
Cardiff,11,36
Newport,192,36
Swansea,99,36
Bangor,96,36
Swansea,200,36
Bangor,121,36
Newport,194,36
Cardiff,127,36
Bangor,31,36
Swansea,196,36
Newport,135,36
Swansea,174,36
Bangor,87,36
Newport,183,36
Cardiff,86,36
Bangor,150,36
Swansea,103,36
Newport,165,36
Swansea,47,36
Cardiff,187,36
Bangor,148,36
Newport,87,36
Cardiff,105,36
Swansea,17,36
Cardiff,63,36
Bangor,123,36
Newport,159,36
Swansea,142,36
Newport,119,36
Cardiff,13,36
Swansea,194,36
Cardiff,135,36
Bangor,29,36
Cardiff,197,36
Cardiff,30,36
Bangor,81,36
Swansea,114,36
Bangor,172,36
Bangor,183,36
Bangor,167,36
Swansea,68,36
Bangor,179,36
Cardiff,167,36
Newport,110,36
Bangor,46,36
Cardiff,75,36
Cardiff,29,36
Newport,117,36
Bangor,89,36
Cardiff,34,36
Swansea,121,36
Bangor,150,36
Bangor,63,36
Bangor,30,36
Cardiff,86,36
Swansea,41,36
Swansea,45,36
Swansea,39,36
Bangor,130,36
Swansea,57,36
Newport,22,36
Swansea,163,36
Cardiff,21,36
Newport,172,36
Bangor,195,36
Bangor,79,36
Swansea,54,36
Cardiff,192,36
Swansea,45,36
Newport,116,36
Bangor,20,36
Cardiff,135,36
Cardiff,48,36
Cardiff,26,36
Bangor,183,36
Bangor,32,36
Swansea,145,36
Newport,130,36
Newport,110,36
Newport,36,36
Bangor,103,36
Swansea,94,36
Bangor,10,36
Bangor,115,36
Bangor,70,36
Bangor,131,36
Bangor,88,36
Newport,41,36
Cardiff,151,36
Swansea,122,36
Swansea,152,36
Swansea,186,36
Bangor,115,36
Cardiff,125,36
Bangor,0,36
Newport,176,36
Swansea,179,36
Bangor,66,36
Cardiff,88,36
Swansea,16,36
Cardiff,16,36
Swansea,2,36
Newport,106,36
Bangor,56,36
Newport,129,36
Cardiff,129,36
Cardiff,186,36
Swansea,38,36
Newport,87,36
Swansea,90,36
Newport,79,36
Cardiff,77,36
Cardiff,195,36
Cardiff,113,36
Bangor,188,36
Cardiff,179,36
Swansea,82,36
Bangor,10,36
Swansea,109,36
Bangor,148,36
Cardiff,99,36
Swansea,154,36
Newport,145,36
Newport,111,36
Swansea,27,36
Bangor,126,36
Cardiff,92,36
Cardiff,121,36
Swansea,193,36
Bangor,136,36
Newport,81,36
Cardiff,46,36
Cardiff,129,36
Cardiff,132,36
Cardiff,59,36
Bangor,10,36
Newport,58,36
Swansea,71,36
Swansea,164,36
Swansea,126,36
Newport,141,36
Newport,167,36
Newport,165,36
Bangor,76,36
Swansea,161,36
Newport,57,36
Swansea,85,36
Cardiff,23,36
Newport,89,36
Bangor,170,36
Bangor,38,36
Newport,61,36
Cardiff,156,36
Swansea,50,36
Cardiff,194,36
Cardiff,78,36
Swansea,193,36
Cardiff,191,36
Newport,144,36
Newport,131,36
Newport,184,36
Cardiff,92,36
Swansea,30,36
Newport,94,36
Swansea,30,36
Swansea,12,36
Cardiff,75,36
Newport,140,36
Swansea,39,36
Cardiff,89,36
Cardiff,20,36
Swansea,45,36
Bangor,122,36
Newport,122,36
Swansea,60,36
Newport,28,36
Newport,25,36
Newport,190,36
Cardiff,174,36
Cardiff,135,36
Newport,66,36
Bangor,100,36
Cardiff,96,36
Swansea,163,36
Bangor,17,36
Cardiff,190,36
Newport,192,36
Newport,72,36
Newport,103,36
Newport,88,36
Swansea,139,36
Cardiff,5,36
Bangor,83,36
Swansea,194,36
Swansea,172,36
Swansea,54,36
Swansea,150,36
Newport,6,36
Bangor,4,36
Swansea,80,36
Newport,78,36
Cardiff,198,36
Swansea,132,36
Bangor,14,36
Newport,138,36
Swansea,120,36
Bangor,169,36
Newport,95,36
Newport,172,36
Bangor,145,36
Swansea,98,36
Swansea,194,36
Swansea,147,36
Newport,92,36
Cardiff,185,36
Bangor,149,36
Swansea,188,36
Newport,28,36
Bangor,186,36
Newport,181,36
Swansea,166,36
Bangor,190,36
Cardiff,92,36
Swansea,161,36
Bangor,107,36
Swansea,11,36
Cardiff,111,36
Newport,29,36
Bangor,144,36
Newport,130,36
Bangor,115,36
Newport,173,36
Newport,120,36
Swansea,48,36
Swansea,175,36
Newport,57,36
Cardiff,143,36
Cardiff,119,36
Swansea,154,36
