City,Quantity,Product_Code
Newport,150,119
Newport,167,119
Swansea,191,119
Bangor,192,119
Cardiff,5,119
Swansea,146,119
Newport,66,119
Swansea,47,119
Newport,118,119
Newport,54,119
Newport,44,119
Swansea,161,119
Swansea,77,119
Cardiff,191,119
Bangor,89,119
Swansea,4,119
Cardiff,22,119
Swansea,29,119
Bangor,105,119
Newport,77,119
Newport,166,119
Newport,31,119
Bangor,1,119
Bangor,141,119
Swansea,166,119
Bangor,163,119
Swansea,46,119
Bangor,145,119
Newport,1,119
Bangor,43,119
Swansea,33,119
Newport,16,119
Swansea,132,119
Bangor,90,119
Swansea,65,119
Cardiff,42,119
Swansea,19,119
Bangor,65,119
Cardiff,99,119
Newport,38,119
Bangor,64,119
Bangor,178,119
Newport,40,119
Newport,195,119
Swansea,58,119
Cardiff,3,119
Bangor,11,119
Newport,119,119
Newport,94,119
Bangor,7,119
Newport,64,119
Bangor,48,119
Newport,158,119
Cardiff,186,119
Swansea,28,119
Newport,15,119
Swansea,75,119
Cardiff,9,119
Newport,84,119
Newport,191,119
Cardiff,173,119
Bangor,112,119
Newport,61,119
Cardiff,41,119
Newport,172,119
Newport,20,119
Bangor,115,119
Newport,22,119
Swansea,1,119
Newport,147,119
Bangor,102,119
Newport,193,119
Swansea,54,119
Bangor,69,119
Cardiff,122,119
Newport,119,119
Cardiff,184,119
Newport,14,119
Cardiff,182,119
Swansea,124,119
Bangor,68,119
Bangor,25,119
Bangor,186,119
Cardiff,122,119
Bangor,37,119
Bangor,28,119
Newport,193,119
Cardiff,91,119
Swansea,53,119
Swansea,10,119
Swansea,175,119
Swansea,2,119
Swansea,168,119
Bangor,97,119
Cardiff,77,119
Swansea,151,119
Newport,45,119
Cardiff,55,119
Bangor,60,119
Newport,103,119
Cardiff,149,119
Newport,88,119
Cardiff,78,119
Swansea,144,119
Cardiff,113,119
Bangor,160,119
Cardiff,7,119
Cardiff,14,119
Cardiff,198,119
Newport,144,119
Bangor,42,119
Newport,20,119
Cardiff,137,119
Bangor,39,119
Cardiff,103,119
Cardiff,174,119
Newport,139,119
Cardiff,15,119
Bangor,54,119
Newport,153,119
Swansea,24,119
Cardiff,52,119
Cardiff,57,119
Bangor,11,119
Swansea,93,119
Bangor,150,119
Bangor,155,119
Swansea,16,119
Newport,2,119
Bangor,118,119
Cardiff,144,119
Swansea,83,119
Cardiff,63,119
Newport,46,119
Newport,182,119
Bangor,160,119
Bangor,100,119
Cardiff,164,119
Swansea,31,119
Cardiff,4,119
Newport,140,119
Cardiff,91,119
Newport,165,119
Cardiff,169,119
Cardiff,175,119
Newport,19,119
Bangor,96,119
Bangor,36,119
Newport,188,119
Cardiff,168,119
Cardiff,120,119
Cardiff,197,119
Swansea,12,119
Cardiff,73,119
Cardiff,131,119
Swansea,147,119
Swansea,81,119
Swansea,58,119
Newport,22,119
Cardiff,79,119
Swansea,23,119
Bangor,81,119
Bangor,93,119
Bangor,171,119
Cardiff,97,119
Swansea,176,119
Cardiff,71,119
Newport,199,119
Bangor,184,119
Newport,160,119
Swansea,110,119
Bangor,170,119
Cardiff,25,119
Cardiff,53,119
Cardiff,93,119
Cardiff,63,119
Swansea,121,119
Newport,138,119
Newport,143,119
Cardiff,116,119
Newport,38,119
Newport,164,119
Newport,31,119
Bangor,76,119
Swansea,90,119
Cardiff,147,119
Cardiff,89,119
Swansea,84,119
Swansea,76,119
Cardiff,105,119
Bangor,166,119
Newport,191,119
Bangor,149,119
Cardiff,81,119
Cardiff,143,119
Swansea,181,119
Cardiff,41,119
Bangor,53,119
Newport,39,119
Newport,76,119
Swansea,103,119
Newport,10,119
Bangor,161,119
Bangor,10,119
Swansea,190,119
Swansea,101,119
Swansea,178,119
Cardiff,90,119
Cardiff,100,119
Newport,88,119
Newport,102,119
Newport,12,119
Swansea,85,119
Newport,193,119
Swansea,165,119
Bangor,90,119
Newport,47,119
Swansea,190,119
Bangor,40,119
Newport,41,119
Cardiff,177,119
Cardiff,8,119
Bangor,197,119
Newport,172,119
Cardiff,173,119
Newport,117,119
Bangor,98,119
Cardiff,130,119
Newport,169,119
Swansea,120,119
Newport,133,119
Cardiff,161,119
Bangor,198,119
Bangor,160,119
Swansea,54,119
Cardiff,172,119
Swansea,116,119
Swansea,139,119
Bangor,127,119
Swansea,0,119
Bangor,197,119
Cardiff,168,119
Cardiff,92,119
Cardiff,177,119
Newport,60,119
Swansea,61,119
Cardiff,116,119
Bangor,197,119
Bangor,160,119
Newport,17,119
Newport,62,119
