City,Quantity,Product_Code
Swansea,167,79
Newport,22,79
Bangor,28,79
Swansea,108,79
Swansea,194,79
Cardiff,78,79
Newport,165,79
Cardiff,16,79
Cardiff,96,79
Cardiff,22,79
Swansea,98,79
Cardiff,73,79
Swansea,131,79
Cardiff,193,79
Newport,15,79
Bangor,137,79
Bangor,177,79
Bangor,173,79
Bangor,128,79
Bangor,169,79
Swansea,90,79
Cardiff,56,79
Bangor,43,79
Newport,197,79
Swansea,24,79
Cardiff,38,79
Newport,200,79
Cardiff,133,79
Newport,114,79
Cardiff,140,79
Bangor,89,79
Newport,109,79
Swansea,10,79
Bangor,146,79
Swansea,16,79
Newport,70,79
Cardiff,10,79
Newport,18,79
Bangor,163,79
Swansea,190,79
Bangor,171,79
Swansea,63,79
Swansea,66,79
Bangor,84,79
Cardiff,157,79
Cardiff,69,79
Swansea,32,79
Newport,33,79
Bangor,88,79
Cardiff,172,79
Newport,135,79
Bangor,121,79
Newport,45,79
Bangor,38,79
Swansea,49,79
Bangor,18,79
Cardiff,35,79
Cardiff,80,79
Bangor,86,79
Newport,102,79
Swansea,125,79
Newport,124,79
Cardiff,0,79
Cardiff,42,79
Newport,87,79
Swansea,187,79
Swansea,157,79
Swansea,105,79
Swansea,111,79
Cardiff,114,79
Swansea,92,79
Bangor,120,79
Bangor,148,79
Newport,19,79
Newport,113,79
Swansea,179,79
Bangor,138,79
Bangor,149,79
Newport,142,79
Newport,87,79
Newport,119,79
Newport,4,79
Newport,90,79
Newport,161,79
Bangor,40,79
Swansea,199,79
Swansea,43,79
Bangor,174,79
Newport,8,79
Swansea,13,79
Newport,146,79
Bangor,137,79
Bangor,102,79
Newport,42,79
Bangor,172,79
Bangor,15,79
Newport,72,79
Swansea,195,79
Bangor,117,79
Swansea,115,79
Newport,119,79
Bangor,7,79
Bangor,133,79
Newport,10,79
Cardiff,176,79
Bangor,127,79
Bangor,143,79
Swansea,98,79
Swansea,138,79
Swansea,93,79
Cardiff,200,79
Newport,144,79
Cardiff,101,79
Bangor,80,79
Newport,22,79
Newport,181,79
Newport,55,79
Newport,56,79
Bangor,21,79
Swansea,6,79
Newport,70,79
Newport,124,79
Swansea,51,79
Cardiff,184,79
Bangor,72,79
Newport,0,79
Cardiff,74,79
Cardiff,167,79
Newport,148,79
Swansea,44,79
Swansea,66,79
Cardiff,166,79
Newport,178,79
Swansea,159,79
Swansea,142,79
Swansea,192,79
Bangor,152,79
Bangor,166,79
Swansea,90,79
Newport,159,79
Newport,44,79
Cardiff,194,79
Swansea,3,79
Newport,105,79
Swansea,40,79
Bangor,5,79
Newport,35,79
Cardiff,173,79
Swansea,118,79
Cardiff,193,79
Cardiff,49,79
Cardiff,176,79
Bangor,121,79
Bangor,108,79
Bangor,30,79
Swansea,184,79
Cardiff,49,79
Swansea,170,79
Bangor,154,79
Swansea,113,79
Swansea,117,79
Swansea,159,79
Newport,195,79
Newport,110,79
Swansea,110,79
Swansea,127,79
Swansea,119,79
Newport,45,79
Swansea,123,79
Swansea,183,79
Cardiff,100,79
Swansea,166,79
Newport,25,79
Swansea,155,79
Swansea,143,79
Cardiff,157,79
Swansea,166,79
Bangor,51,79
Newport,149,79
Cardiff,158,79
Newport,44,79
Newport,37,79
Swansea,137,79
Bangor,16,79
Newport,84,79
Bangor,34,79
Newport,50,79
Cardiff,164,79
Bangor,41,79
Swansea,117,79
Cardiff,1,79
Swansea,166,79
Swansea,167,79
Bangor,80,79
Cardiff,50,79
Cardiff,112,79
Cardiff,174,79
Cardiff,103,79
Swansea,144,79
Swansea,65,79
Newport,74,79
Newport,185,79
Cardiff,167,79
Swansea,25,79
Cardiff,102,79
Newport,44,79
Bangor,149,79
Bangor,12,79
Cardiff,86,79
Bangor,122,79
Newport,27,79
Bangor,187,79
Bangor,138,79
Cardiff,20,79
Cardiff,58,79
Swansea,101,79
Cardiff,8,79
Newport,100,79
Newport,168,79
Swansea,130,79
Swansea,86,79
Swansea,18,79
Swansea,13,79
Newport,110,79
Bangor,48,79
Swansea,62,79
Bangor,89,79
Bangor,133,79
Cardiff,128,79
Bangor,45,79
Bangor,96,79
Bangor,182,79
Swansea,75,79
Swansea,32,79
Newport,54,79
Cardiff,4,79
Swansea,112,79
Cardiff,93,79
Newport,198,79
Newport,94,79
Cardiff,157,79
Newport,98,79
Cardiff,91,79
Newport,152,79
Cardiff,31,79
Cardiff,93,79
Swansea,119,79
Bangor,36,79
Newport,104,79
Swansea,144,79
Bangor,17,79
