City,Quantity,Product_Code
Swansea,175,33
Newport,65,33
Bangor,47,33
Cardiff,198,33
Cardiff,123,33
Newport,164,33
Bangor,145,33
Bangor,118,33
Newport,149,33
Cardiff,165,33
Cardiff,186,33
Swansea,200,33
Cardiff,28,33
Cardiff,147,33
Bangor,135,33
Swansea,94,33
Cardiff,32,33
Newport,161,33
Bangor,135,33
Swansea,65,33
Swansea,181,33
Bangor,26,33
Cardiff,187,33
Cardiff,174,33
Swansea,88,33
Bangor,179,33
Swansea,71,33
Newport,125,33
Newport,75,33
Swansea,19,33
Cardiff,15,33
Cardiff,106,33
Newport,41,33
Swansea,88,33
Newport,102,33
Cardiff,183,33
Newport,86,33
Bangor,98,33
Cardiff,162,33
Cardiff,16,33
Swansea,8,33
Swansea,3,33
Cardiff,16,33
Swansea,79,33
Newport,70,33
Bangor,160,33
Bangor,196,33
Bangor,132,33
Bangor,139,33
Swansea,132,33
Cardiff,105,33
Cardiff,182,33
Swansea,41,33
Newport,175,33
Bangor,189,33
Bangor,81,33
Swansea,104,33
Cardiff,91,33
Bangor,36,33
Bangor,147,33
Swansea,88,33
Bangor,178,33
Bangor,104,33
Bangor,71,33
Newport,129,33
Newport,86,33
Bangor,63,33
Newport,137,33
Bangor,38,33
Cardiff,47,33
Bangor,197,33
Bangor,141,33
Swansea,178,33
Swansea,113,33
Bangor,95,33
Swansea,2,33
Cardiff,161,33
Newport,128,33
Newport,174,33
Bangor,149,33
Bangor,176,33
Newport,161,33
Cardiff,151,33
Newport,159,33
Swansea,123,33
Bangor,192,33
Bangor,117,33
Cardiff,104,33
Swansea,67,33
Newport,129,33
Bangor,32,33
Newport,151,33
Cardiff,198,33
Bangor,142,33
Cardiff,35,33
Cardiff,77,33
Bangor,10,33
Swansea,85,33
Swansea,178,33
Swansea,148,33
Bangor,40,33
Bangor,16,33
Swansea,16,33
Bangor,21,33
Swansea,89,33
Bangor,158,33
Bangor,28,33
Newport,189,33
Bangor,83,33
Bangor,12,33
Newport,113,33
Cardiff,41,33
Newport,142,33
Bangor,118,33
Newport,164,33
Newport,31,33
Newport,83,33
Newport,56,33
Bangor,23,33
Bangor,31,33
Swansea,43,33
Cardiff,178,33
Newport,61,33
Bangor,78,33
Swansea,106,33
Newport,142,33
Bangor,150,33
Swansea,139,33
Cardiff,9,33
Swansea,83,33
Swansea,166,33
Cardiff,73,33
Bangor,192,33
Cardiff,138,33
Cardiff,103,33
Cardiff,68,33
Newport,158,33
Swansea,166,33
Cardiff,15,33
Newport,8,33
Swansea,165,33
Swansea,129,33
Newport,13,33
Cardiff,137,33
Swansea,76,33
Cardiff,58,33
Cardiff,53,33
Bangor,82,33
Newport,152,33
Newport,165,33
Swansea,61,33
Cardiff,197,33
Bangor,43,33
Bangor,31,33
Swansea,101,33
Bangor,0,33
Swansea,59,33
Bangor,167,33
Newport,127,33
Cardiff,121,33
Newport,8,33
Newport,49,33
Bangor,150,33
Swansea,91,33
Newport,134,33
Cardiff,171,33
Swansea,135,33
Cardiff,188,33
Swansea,164,33
Swansea,2,33
Swansea,166,33
Swansea,82,33
Swansea,152,33
Cardiff,165,33
Cardiff,141,33
Bangor,82,33
Cardiff,140,33
Cardiff,191,33
Bangor,146,33
Newport,42,33
Swansea,28,33
Bangor,75,33
Swansea,139,33
Cardiff,160,33
Cardiff,152,33
Cardiff,169,33
Bangor,78,33
Bangor,115,33
Newport,167,33
Swansea,171,33
Swansea,82,33
Newport,149,33
Swansea,153,33
Newport,131,33
Cardiff,116,33
Cardiff,117,33
Cardiff,87,33
Cardiff,157,33
Newport,1,33
Newport,196,33
Newport,1,33
Bangor,169,33
Cardiff,65,33
Newport,37,33
Swansea,79,33
Swansea,163,33
Cardiff,23,33
Newport,108,33
Newport,99,33
Cardiff,102,33
Bangor,135,33
Bangor,146,33
Bangor,61,33
Cardiff,127,33
Cardiff,126,33
Bangor,54,33
Swansea,197,33
Swansea,83,33
Swansea,181,33
Bangor,154,33
Bangor,10,33
Newport,15,33
Newport,196,33
Cardiff,117,33
Cardiff,181,33
Cardiff,85,33
Swansea,199,33
Bangor,49,33
Bangor,45,33
Bangor,30,33
Newport,32,33
Bangor,72,33
Newport,66,33
Bangor,172,33
Bangor,111,33
Bangor,86,33
Bangor,92,33
Bangor,135,33
Cardiff,185,33
Bangor,168,33
Swansea,67,33
Swansea,73,33
Cardiff,135,33
Swansea,135,33
Cardiff,39,33
Cardiff,115,33
Cardiff,132,33
Newport,4,33
Newport,176,33
Newport,108,33
Bangor,109,33
