City,Quantity,Product_Code
Bangor,180,121
Newport,114,121
Cardiff,90,121
Bangor,142,121
Swansea,122,121
Cardiff,130,121
Swansea,93,121
Newport,138,121
Bangor,46,121
Cardiff,142,121
Bangor,152,121
Bangor,177,121
Bangor,49,121
Newport,91,121
Bangor,4,121
Swansea,91,121
Bangor,169,121
Cardiff,164,121
Newport,43,121
Newport,23,121
Bangor,84,121
Bangor,18,121
Bangor,156,121
Newport,111,121
Newport,89,121
Cardiff,70,121
Newport,65,121
Swansea,184,121
Newport,115,121
Cardiff,196,121
Swansea,191,121
Bangor,191,121
Swansea,27,121
Bangor,12,121
Swansea,151,121
Newport,174,121
Swansea,51,121
Bangor,53,121
Newport,136,121
Cardiff,199,121
Bangor,25,121
Swansea,85,121
Newport,124,121
Bangor,107,121
Newport,117,121
Newport,70,121
Cardiff,170,121
Cardiff,138,121
Bangor,170,121
Bangor,188,121
Bangor,85,121
Bangor,191,121
Bangor,33,121
Newport,145,121
Cardiff,173,121
Cardiff,7,121
Bangor,171,121
Bangor,93,121
Swansea,98,121
Cardiff,169,121
Cardiff,75,121
Bangor,43,121
Cardiff,181,121
Newport,15,121
Swansea,126,121
Cardiff,81,121
Bangor,185,121
Swansea,102,121
Bangor,97,121
Newport,101,121
Swansea,36,121
Swansea,63,121
Cardiff,36,121
Cardiff,172,121
Cardiff,2,121
Bangor,18,121
Cardiff,53,121
Bangor,163,121
Bangor,133,121
Bangor,22,121
Newport,104,121
Bangor,175,121
Swansea,134,121
Bangor,83,121
Swansea,49,121
Swansea,61,121
Bangor,133,121
Swansea,164,121
Swansea,109,121
Newport,34,121
Bangor,19,121
Bangor,80,121
Newport,36,121
Newport,91,121
Newport,152,121
Swansea,156,121
Newport,174,121
Swansea,147,121
Cardiff,107,121
Bangor,170,121
Newport,129,121
Newport,55,121
Swansea,6,121
Swansea,191,121
Swansea,175,121
Swansea,30,121
Cardiff,94,121
Newport,159,121
Bangor,30,121
Cardiff,190,121
Swansea,176,121
Swansea,47,121
Swansea,198,121
Cardiff,22,121
Newport,53,121
Newport,22,121
Cardiff,118,121
Swansea,3,121
Bangor,78,121
Swansea,148,121
Swansea,81,121
Newport,38,121
Bangor,0,121
Newport,23,121
Bangor,165,121
Bangor,153,121
Swansea,196,121
Swansea,70,121
Cardiff,125,121
Swansea,97,121
Newport,81,121
Newport,18,121
Cardiff,86,121
Swansea,119,121
Bangor,30,121
Bangor,131,121
Newport,89,121
Newport,193,121
Cardiff,79,121
Bangor,154,121
Cardiff,66,121
Newport,34,121
Swansea,197,121
Bangor,34,121
Bangor,129,121
Cardiff,87,121
Bangor,55,121
Cardiff,0,121
Newport,61,121
Cardiff,63,121
Cardiff,171,121
Bangor,43,121
Swansea,128,121
Newport,133,121
Swansea,0,121
Newport,124,121
Cardiff,38,121
Newport,103,121
Bangor,53,121
Newport,30,121
Swansea,133,121
Newport,127,121
Cardiff,66,121
Bangor,90,121
Bangor,125,121
Bangor,165,121
Cardiff,160,121
Cardiff,83,121
Cardiff,103,121
Cardiff,116,121
Bangor,22,121
Cardiff,78,121
Bangor,16,121
Newport,136,121
Cardiff,194,121
Bangor,136,121
Bangor,159,121
Cardiff,83,121
Newport,91,121
Swansea,21,121
Swansea,192,121
Cardiff,138,121
Bangor,112,121
Newport,184,121
Newport,90,121
Cardiff,35,121
Cardiff,110,121
Bangor,123,121
Newport,81,121
Newport,192,121
Bangor,127,121
Bangor,108,121
Newport,31,121
Cardiff,125,121
Cardiff,147,121
Bangor,82,121
Bangor,37,121
Bangor,92,121
Swansea,104,121
Cardiff,196,121
Bangor,102,121
Cardiff,108,121
Swansea,13,121
Cardiff,103,121
Bangor,189,121
Newport,11,121
Bangor,52,121
Bangor,64,121
Swansea,100,121
Cardiff,71,121
Bangor,176,121
Bangor,193,121
Newport,186,121
Newport,31,121
Newport,25,121
Swansea,200,121
Bangor,102,121
Cardiff,117,121
Cardiff,53,121
Bangor,151,121
Newport,36,121
Cardiff,133,121
Swansea,174,121
Swansea,124,121
Bangor,185,121
Bangor,6,121
Swansea,199,121
Newport,49,121
Swansea,102,121
Bangor,166,121
Newport,88,121
Bangor,112,121
Newport,15,121
Swansea,118,121
Newport,77,121
Cardiff,19,121
Bangor,105,121
Cardiff,166,121
Newport,177,121
Cardiff,116,121
Cardiff,5,121
Newport,142,121
Cardiff,158,121
Swansea,198,121
Newport,186,121
Swansea,30,121
Newport,89,121
Swansea,28,121
Cardiff,15,121
Cardiff,150,121
Swansea,196,121
