City,Quantity,Product_Code
Swansea,15,46
Cardiff,134,46
Bangor,86,46
Cardiff,89,46
Cardiff,53,46
Cardiff,46,46
Newport,53,46
Cardiff,98,46
Cardiff,17,46
Newport,66,46
Bangor,174,46
Newport,18,46
Swansea,88,46
Cardiff,3,46
Newport,191,46
Newport,64,46
Cardiff,49,46
Swansea,94,46
Cardiff,151,46
Cardiff,104,46
Newport,111,46
Swansea,6,46
Cardiff,159,46
Bangor,86,46
Newport,8,46
Bangor,6,46
Bangor,65,46
Cardiff,187,46
Cardiff,194,46
Bangor,70,46
Cardiff,7,46
Cardiff,17,46
Cardiff,50,46
Cardiff,79,46
Cardiff,67,46
Newport,155,46
Bangor,91,46
Newport,130,46
Cardiff,169,46
Newport,156,46
Cardiff,115,46
Cardiff,63,46
Newport,28,46
Bangor,8,46
Newport,116,46
Newport,179,46
Cardiff,88,46
Swansea,79,46
Cardiff,85,46
Newport,103,46
Bangor,1,46
Cardiff,44,46
Newport,107,46
Cardiff,126,46
Swansea,42,46
Newport,69,46
Newport,70,46
Bangor,148,46
Newport,64,46
Bangor,28,46
Bangor,126,46
Bangor,68,46
Swansea,47,46
Newport,199,46
Newport,147,46
Cardiff,70,46
Cardiff,179,46
Swansea,15,46
Swansea,25,46
Newport,14,46
Newport,80,46
Swansea,101,46
Swansea,192,46
Newport,181,46
Swansea,25,46
Newport,111,46
Bangor,164,46
Cardiff,145,46
Bangor,170,46
Bangor,114,46
Bangor,112,46
Bangor,67,46
Swansea,165,46
Bangor,52,46
Newport,144,46
Cardiff,38,46
Newport,132,46
Swansea,191,46
Swansea,94,46
Swansea,163,46
Bangor,167,46
Swansea,106,46
Newport,105,46
Newport,63,46
Cardiff,124,46
Bangor,4,46
Bangor,54,46
Cardiff,148,46
Bangor,107,46
Bangor,115,46
Newport,112,46
Bangor,139,46
Swansea,66,46
Cardiff,134,46
Bangor,125,46
Swansea,166,46
Bangor,146,46
Bangor,100,46
Swansea,24,46
Cardiff,34,46
Bangor,89,46
Cardiff,173,46
Swansea,174,46
Cardiff,45,46
Newport,26,46
Cardiff,97,46
Cardiff,54,46
Newport,62,46
Newport,196,46
Newport,176,46
Swansea,46,46
Swansea,1,46
Cardiff,88,46
Cardiff,79,46
Cardiff,168,46
Swansea,159,46
Cardiff,150,46
Cardiff,171,46
Newport,12,46
Newport,199,46
Newport,102,46
Swansea,99,46
Newport,147,46
Bangor,58,46
Bangor,45,46
Newport,53,46
Cardiff,198,46
Cardiff,64,46
Swansea,22,46
Swansea,62,46
Cardiff,51,46
Bangor,149,46
Newport,15,46
Bangor,197,46
Cardiff,190,46
Cardiff,131,46
Bangor,24,46
Cardiff,163,46
Cardiff,144,46
Newport,103,46
Cardiff,20,46
Bangor,22,46
Newport,161,46
Swansea,53,46
Newport,179,46
Newport,56,46
Cardiff,73,46
Bangor,150,46
Bangor,120,46
Newport,93,46
Swansea,37,46
Swansea,84,46
Swansea,180,46
Newport,104,46
Newport,55,46
Newport,35,46
Swansea,2,46
Newport,120,46
Newport,86,46
Newport,102,46
Cardiff,137,46
Cardiff,40,46
Swansea,106,46
Cardiff,143,46
Newport,179,46
Cardiff,49,46
Swansea,38,46
Bangor,70,46
Bangor,141,46
Bangor,115,46
Swansea,108,46
Newport,19,46
Bangor,160,46
Bangor,153,46
Swansea,138,46
Bangor,147,46
Bangor,103,46
Swansea,107,46
Cardiff,8,46
Cardiff,156,46
Swansea,78,46
Newport,112,46
Cardiff,54,46
Newport,57,46
Newport,41,46
Newport,172,46
Bangor,152,46
Swansea,152,46
Newport,95,46
Newport,137,46
Bangor,166,46
Cardiff,192,46
Swansea,91,46
Newport,199,46
Swansea,119,46
Bangor,100,46
Cardiff,90,46
Bangor,46,46
Bangor,29,46
Bangor,88,46
Cardiff,28,46
Swansea,161,46
Bangor,14,46
Cardiff,33,46
Bangor,100,46
Bangor,14,46
Swansea,95,46
Bangor,78,46
Swansea,165,46
Swansea,120,46
Newport,123,46
Cardiff,121,46
Cardiff,195,46
Swansea,199,46
Newport,41,46
Bangor,48,46
Swansea,80,46
Newport,85,46
Newport,167,46
Newport,69,46
Newport,164,46
Swansea,183,46
Swansea,78,46
Cardiff,200,46
Swansea,100,46
Bangor,82,46
Cardiff,99,46
Cardiff,116,46
Swansea,135,46
Bangor,148,46
Swansea,184,46
Newport,197,46
Swansea,87,46
Newport,148,46
Swansea,115,46
Swansea,193,46
Newport,21,46
Newport,68,46
Cardiff,34,46
Cardiff,96,46
Newport,15,46
