City,Quantity,Product_Code
Bangor,9,30
Newport,154,30
Bangor,123,30
Newport,16,30
Cardiff,129,30
Cardiff,59,30
Swansea,6,30
Cardiff,109,30
Cardiff,147,30
Cardiff,182,30
Bangor,200,30
Bangor,192,30
Bangor,104,30
Swansea,160,30
Newport,182,30
Bangor,193,30
Swansea,74,30
Cardiff,179,30
Swansea,88,30
Bangor,133,30
Cardiff,192,30
Cardiff,59,30
Bangor,120,30
Newport,41,30
Newport,152,30
Bangor,155,30
Newport,68,30
Newport,129,30
Bangor,163,30
Bangor,135,30
Swansea,151,30
Cardiff,33,30
Newport,177,30
Swansea,173,30
Cardiff,180,30
Swansea,126,30
Swansea,17,30
Bangor,195,30
Bangor,47,30
Cardiff,149,30
Bangor,99,30
Newport,144,30
Newport,87,30
Bangor,6,30
Cardiff,116,30
Bangor,156,30
Bangor,152,30
Cardiff,196,30
Cardiff,150,30
Newport,78,30
Cardiff,120,30
Newport,153,30
Swansea,104,30
Swansea,87,30
Swansea,193,30
Newport,147,30
Newport,195,30
Bangor,130,30
Cardiff,50,30
Cardiff,128,30
Swansea,54,30
Bangor,193,30
Cardiff,129,30
Newport,132,30
Newport,172,30
Cardiff,102,30
Bangor,18,30
Newport,47,30
Swansea,1,30
Cardiff,127,30
Bangor,188,30
Swansea,53,30
Newport,23,30
Newport,66,30
Newport,82,30
Bangor,4,30
Bangor,57,30
Newport,154,30
Newport,111,30
Swansea,27,30
Swansea,106,30
Newport,165,30
Swansea,120,30
Bangor,159,30
Bangor,195,30
Newport,92,30
Bangor,8,30
Swansea,95,30
Cardiff,106,30
Swansea,114,30
Cardiff,106,30
Bangor,50,30
Bangor,37,30
Newport,183,30
Newport,124,30
Bangor,55,30
Swansea,0,30
Newport,112,30
Bangor,51,30
Bangor,101,30
Cardiff,15,30
Cardiff,196,30
Bangor,108,30
Swansea,155,30
Newport,173,30
Swansea,32,30
Cardiff,7,30
Cardiff,59,30
Bangor,11,30
Newport,170,30
Bangor,12,30
Bangor,107,30
Cardiff,127,30
Cardiff,171,30
Bangor,11,30
Swansea,149,30
Bangor,85,30
Cardiff,184,30
Swansea,95,30
Newport,193,30
Cardiff,165,30
Newport,193,30
Cardiff,75,30
Bangor,15,30
Swansea,185,30
Cardiff,147,30
Cardiff,129,30
Bangor,39,30
Newport,44,30
Bangor,109,30
Bangor,166,30
Bangor,110,30
Newport,109,30
Cardiff,0,30
Newport,34,30
Cardiff,190,30
Swansea,81,30
Swansea,153,30
Cardiff,106,30
Newport,61,30
Bangor,109,30
Swansea,82,30
Bangor,82,30
Swansea,49,30
Newport,141,30
Newport,150,30
Swansea,58,30
Bangor,6,30
Bangor,19,30
Bangor,159,30
Swansea,66,30
Swansea,78,30
Swansea,40,30
Cardiff,186,30
Bangor,176,30
Swansea,132,30
Newport,97,30
Bangor,60,30
Bangor,178,30
Swansea,194,30
Bangor,166,30
Cardiff,28,30
Swansea,101,30
Swansea,10,30
Bangor,151,30
Bangor,9,30
Swansea,9,30
Cardiff,40,30
Newport,124,30
Cardiff,130,30
Swansea,182,30
Cardiff,138,30
Cardiff,194,30
Cardiff,187,30
Cardiff,44,30
Bangor,32,30
Bangor,121,30
Newport,92,30
Swansea,188,30
Cardiff,3,30
Swansea,182,30
Swansea,28,30
Cardiff,200,30
Cardiff,81,30
Newport,113,30
Swansea,15,30
Newport,174,30
Bangor,186,30
Swansea,19,30
Cardiff,13,30
Swansea,103,30
Cardiff,26,30
Cardiff,109,30
Swansea,171,30
Swansea,103,30
Cardiff,194,30
Cardiff,66,30
Cardiff,104,30
Newport,200,30
Bangor,17,30
Cardiff,194,30
Cardiff,12,30
Swansea,173,30
Swansea,11,30
Bangor,99,30
Cardiff,70,30
Swansea,115,30
Cardiff,56,30
Bangor,151,30
Bangor,161,30
Bangor,121,30
Newport,19,30
Bangor,114,30
Bangor,36,30
Cardiff,117,30
Swansea,159,30
Newport,48,30
Bangor,110,30
Newport,152,30
Swansea,85,30
Cardiff,122,30
Cardiff,111,30
Newport,120,30
Bangor,132,30
Cardiff,129,30
Newport,66,30
Bangor,198,30
Swansea,61,30
Bangor,140,30
Swansea,199,30
Swansea,168,30
Bangor,4,30
Bangor,143,30
Newport,98,30
Bangor,107,30
Bangor,2,30
Newport,60,30
Cardiff,31,30
Bangor,55,30
Newport,168,30
Cardiff,62,30
Bangor,9,30
Swansea,173,30
Bangor,18,30
Cardiff,8,30
Newport,23,30
Newport,56,30
Swansea,18,30
Swansea,49,30
Swansea,176,30
Bangor,103,30
