City,Quantity,Product_Code
Swansea,81,43
Cardiff,117,43
Swansea,92,43
Cardiff,160,43
Newport,90,43
Swansea,115,43
Swansea,157,43
Newport,123,43
Swansea,67,43
Cardiff,199,43
Cardiff,185,43
Cardiff,24,43
Bangor,32,43
Newport,74,43
Bangor,6,43
Newport,73,43
Bangor,87,43
Swansea,145,43
Swansea,62,43
Newport,157,43
Swansea,107,43
Cardiff,199,43
Bangor,71,43
Cardiff,26,43
Newport,129,43
Bangor,128,43
Swansea,182,43
Cardiff,99,43
Swansea,72,43
Bangor,93,43
Cardiff,146,43
Cardiff,34,43
Swansea,116,43
Swansea,31,43
Swansea,50,43
Swansea,78,43
Cardiff,132,43
Bangor,42,43
Bangor,120,43
Newport,152,43
Newport,47,43
Bangor,14,43
Swansea,9,43
Cardiff,148,43
Newport,29,43
Swansea,110,43
Cardiff,3,43
Newport,104,43
Swansea,18,43
Cardiff,101,43
Swansea,108,43
Cardiff,7,43
Swansea,35,43
Newport,116,43
Newport,189,43
Cardiff,87,43
Cardiff,112,43
Swansea,188,43
Swansea,51,43
Newport,79,43
Newport,78,43
Bangor,13,43
Newport,116,43
Cardiff,115,43
Cardiff,76,43
Swansea,85,43
Cardiff,86,43
Swansea,35,43
Swansea,33,43
Swansea,17,43
Bangor,0,43
Newport,119,43
Newport,122,43
Newport,152,43
Swansea,12,43
Cardiff,149,43
Cardiff,198,43
Bangor,153,43
Swansea,122,43
Bangor,5,43
Newport,126,43
Newport,48,43
Bangor,126,43
Cardiff,190,43
Cardiff,131,43
Newport,85,43
Cardiff,129,43
Newport,0,43
Swansea,195,43
Cardiff,61,43
Swansea,28,43
Bangor,48,43
Newport,48,43
Cardiff,98,43
Cardiff,140,43
Bangor,179,43
Newport,130,43
Swansea,82,43
Swansea,60,43
Bangor,84,43
Swansea,72,43
Cardiff,107,43
Swansea,161,43
Cardiff,59,43
Newport,123,43
Cardiff,63,43
Bangor,113,43
Bangor,181,43
Bangor,0,43
Bangor,130,43
Newport,131,43
Bangor,172,43
Bangor,199,43
Bangor,116,43
Cardiff,171,43
Cardiff,74,43
Swansea,93,43
Bangor,180,43
Swansea,173,43
Swansea,114,43
Swansea,145,43
Newport,55,43
Swansea,72,43
Bangor,97,43
Bangor,83,43
Swansea,163,43
Cardiff,96,43
Bangor,141,43
Newport,50,43
Bangor,91,43
Bangor,6,43
Cardiff,100,43
Cardiff,132,43
Swansea,38,43
Swansea,119,43
Newport,164,43
Newport,125,43
Cardiff,115,43
Swansea,185,43
Newport,34,43
Newport,132,43
Cardiff,170,43
Swansea,150,43
Swansea,171,43
Bangor,116,43
Swansea,7,43
Cardiff,116,43
Newport,76,43
Newport,185,43
Cardiff,127,43
Bangor,20,43
Newport,3,43
Bangor,106,43
Cardiff,73,43
Cardiff,173,43
Bangor,124,43
Swansea,123,43
Swansea,126,43
Cardiff,113,43
Swansea,41,43
Bangor,74,43
Cardiff,133,43
Newport,55,43
Newport,120,43
Swansea,196,43
Swansea,36,43
Swansea,131,43
Newport,98,43
Newport,84,43
Swansea,142,43
Bangor,151,43
Bangor,168,43
Swansea,166,43
Swansea,189,43
Bangor,190,43
Cardiff,12,43
Swansea,29,43
Swansea,101,43
Cardiff,134,43
Cardiff,47,43
Swansea,42,43
Swansea,40,43
Swansea,148,43
Bangor,55,43
Bangor,74,43
Cardiff,89,43
Newport,193,43
Cardiff,72,43
Cardiff,101,43
Newport,122,43
Newport,40,43
Bangor,156,43
Swansea,20,43
Cardiff,51,43
Swansea,86,43
Swansea,10,43
Bangor,150,43
Bangor,99,43
Swansea,190,43
Newport,34,43
Swansea,197,43
Swansea,66,43
Cardiff,43,43
Newport,28,43
Bangor,83,43
Cardiff,172,43
Cardiff,9,43
Swansea,20,43
Cardiff,40,43
Newport,69,43
Cardiff,84,43
Swansea,82,43
Cardiff,86,43
Bangor,160,43
Swansea,95,43
Bangor,6,43
Cardiff,64,43
Cardiff,190,43
Cardiff,134,43
Swansea,96,43
Bangor,35,43
Swansea,25,43
Bangor,177,43
Newport,175,43
Swansea,88,43
Swansea,164,43
Swansea,69,43
Cardiff,84,43
Newport,41,43
Swansea,43,43
Cardiff,169,43
Newport,90,43
Bangor,15,43
Bangor,158,43
Bangor,116,43
Newport,31,43
Newport,186,43
Bangor,193,43
Swansea,1,43
Bangor,73,43
Cardiff,128,43
Swansea,198,43
Cardiff,173,43
Newport,133,43
Bangor,182,43
Newport,114,43
Swansea,104,43
Swansea,151,43
Bangor,196,43
Swansea,169,43
Cardiff,178,43
