City,Quantity,Product_Code
Bangor,77,181
Newport,163,181
Cardiff,119,181
Bangor,31,181
Swansea,193,181
Swansea,32,181
Cardiff,150,181
Cardiff,50,181
Newport,33,181
Swansea,112,181
Bangor,150,181
Cardiff,85,181
Swansea,127,181
Bangor,14,181
Bangor,19,181
Cardiff,115,181
Swansea,157,181
Bangor,176,181
Cardiff,91,181
Newport,42,181
Newport,104,181
Swansea,110,181
Swansea,130,181
Swansea,126,181
Newport,117,181
Newport,57,181
Bangor,23,181
Swansea,136,181
Bangor,134,181
Cardiff,147,181
Cardiff,181,181
Bangor,2,181
Newport,100,181
Cardiff,166,181
Swansea,64,181
Cardiff,86,181
Swansea,173,181
Bangor,127,181
Cardiff,40,181
Bangor,136,181
Cardiff,41,181
Swansea,118,181
Cardiff,77,181
Cardiff,2,181
Cardiff,135,181
Newport,86,181
Cardiff,17,181
Swansea,107,181
Newport,148,181
Bangor,67,181
Newport,108,181
Swansea,101,181
Bangor,132,181
Cardiff,16,181
Swansea,21,181
Swansea,75,181
Bangor,155,181
Bangor,198,181
Swansea,179,181
Newport,162,181
Newport,95,181
Newport,172,181
Cardiff,21,181
Swansea,130,181
Cardiff,17,181
Cardiff,174,181
Swansea,47,181
Newport,157,181
Bangor,140,181
Newport,74,181
Newport,113,181
Cardiff,16,181
Bangor,200,181
Bangor,58,181
Bangor,18,181
Bangor,49,181
Swansea,162,181
Newport,195,181
Bangor,115,181
Swansea,62,181
Swansea,28,181
Swansea,78,181
Swansea,149,181
Swansea,48,181
Swansea,59,181
Newport,46,181
Bangor,81,181
Swansea,62,181
Cardiff,66,181
Swansea,190,181
Newport,94,181
Swansea,17,181
Bangor,136,181
Swansea,160,181
Newport,188,181
Bangor,39,181
Bangor,55,181
Newport,182,181
Cardiff,4,181
Newport,152,181
Newport,52,181
Cardiff,192,181
Swansea,28,181
Swansea,89,181
Bangor,27,181
Swansea,166,181
Swansea,22,181
Newport,12,181
Newport,179,181
Cardiff,42,181
Swansea,146,181
Bangor,132,181
Swansea,162,181
Newport,78,181
Swansea,45,181
Cardiff,18,181
Swansea,175,181
Swansea,17,181
Bangor,133,181
Bangor,19,181
Cardiff,15,181
Swansea,184,181
Newport,188,181
Newport,145,181
Cardiff,160,181
Cardiff,13,181
Bangor,112,181
Cardiff,199,181
Cardiff,65,181
Swansea,136,181
Newport,79,181
Cardiff,32,181
Cardiff,147,181
Newport,21,181
Cardiff,82,181
Cardiff,189,181
Newport,114,181
Cardiff,3,181
Cardiff,86,181
Newport,110,181
Newport,155,181
Swansea,139,181
Cardiff,172,181
Swansea,49,181
Swansea,62,181
Swansea,8,181
Newport,60,181
Newport,78,181
Bangor,132,181
Bangor,159,181
Swansea,33,181
Newport,151,181
Newport,155,181
Swansea,12,181
Cardiff,6,181
Bangor,184,181
Swansea,138,181
Swansea,192,181
Bangor,193,181
Cardiff,36,181
Bangor,0,181
Newport,83,181
Cardiff,131,181
Newport,15,181
Newport,179,181
Swansea,54,181
Cardiff,191,181
Newport,105,181
Newport,117,181
Cardiff,153,181
Bangor,167,181
Newport,65,181
Swansea,90,181
Cardiff,5,181
Newport,195,181
Newport,92,181
Swansea,51,181
Newport,177,181
Newport,111,181
Newport,97,181
Swansea,91,181
Cardiff,127,181
Cardiff,184,181
Bangor,93,181
Cardiff,28,181
Newport,27,181
Bangor,137,181
Bangor,38,181
Newport,200,181
Bangor,64,181
Bangor,146,181
Newport,89,181
Newport,103,181
Newport,0,181
Bangor,22,181
Swansea,26,181
Newport,74,181
Swansea,106,181
Bangor,195,181
Newport,175,181
Swansea,167,181
Newport,152,181
Bangor,14,181
Bangor,186,181
Newport,102,181
Cardiff,49,181
Bangor,99,181
Bangor,29,181
Bangor,174,181
Swansea,72,181
Newport,40,181
Newport,98,181
Cardiff,142,181
Newport,24,181
Bangor,152,181
Cardiff,93,181
Cardiff,30,181
Swansea,195,181
Newport,36,181
Swansea,9,181
Newport,45,181
Newport,17,181
Bangor,105,181
Newport,170,181
Bangor,87,181
Cardiff,25,181
Swansea,77,181
Cardiff,144,181
Swansea,135,181
Swansea,63,181
Swansea,55,181
Newport,35,181
Bangor,79,181
Swansea,102,181
Newport,8,181
Swansea,72,181
Swansea,101,181
Newport,171,181
Cardiff,126,181
Bangor,122,181
Cardiff,70,181
Swansea,95,181
Bangor,157,181
Cardiff,39,181
Bangor,73,181
Cardiff,0,181
Swansea,172,181
Newport,28,181
Cardiff,1,181
Bangor,110,181
Bangor,86,181
