City,Quantity,Product_Code
Newport,75,155
Cardiff,129,155
Cardiff,10,155
Newport,26,155
Cardiff,7,155
Bangor,88,155
Bangor,171,155
Cardiff,43,155
Bangor,127,155
Newport,28,155
Cardiff,10,155
Swansea,91,155
Swansea,141,155
Bangor,142,155
Newport,160,155
Bangor,174,155
Cardiff,19,155
Newport,200,155
Newport,151,155
Bangor,65,155
Swansea,191,155
Newport,131,155
Swansea,80,155
Bangor,56,155
Bangor,189,155
Bangor,62,155
Bangor,193,155
Swansea,119,155
Bangor,70,155
Bangor,173,155
Bangor,46,155
Bangor,50,155
Cardiff,171,155
Swansea,82,155
Newport,47,155
Bangor,49,155
Swansea,63,155
Swansea,131,155
Cardiff,157,155
Cardiff,107,155
Newport,98,155
Cardiff,32,155
Bangor,65,155
Newport,4,155
Bangor,37,155
Bangor,54,155
Newport,104,155
Swansea,84,155
Swansea,9,155
Bangor,163,155
Cardiff,152,155
Cardiff,97,155
Cardiff,94,155
Swansea,16,155
Newport,136,155
Swansea,25,155
Bangor,12,155
Bangor,144,155
Cardiff,190,155
Swansea,26,155
Newport,98,155
Swansea,64,155
Swansea,93,155
Bangor,142,155
Swansea,173,155
Newport,167,155
Bangor,91,155
Bangor,39,155
Bangor,38,155
Swansea,63,155
Newport,133,155
Swansea,57,155
Cardiff,89,155
Swansea,160,155
Bangor,190,155
Newport,159,155
Bangor,148,155
Swansea,144,155
Swansea,29,155
Swansea,35,155
Bangor,115,155
Bangor,21,155
Swansea,174,155
Newport,114,155
Bangor,176,155
Bangor,41,155
Bangor,114,155
Newport,165,155
Cardiff,91,155
Swansea,184,155
Newport,144,155
Bangor,180,155
Cardiff,88,155
Bangor,76,155
Swansea,20,155
Newport,110,155
Swansea,190,155
Newport,89,155
Newport,65,155
Newport,145,155
Swansea,14,155
Swansea,109,155
Bangor,39,155
Cardiff,102,155
Cardiff,24,155
Bangor,117,155
Bangor,81,155
Bangor,189,155
Swansea,146,155
Cardiff,27,155
Swansea,80,155
Newport,54,155
Cardiff,10,155
Newport,185,155
Bangor,79,155
Bangor,160,155
Newport,170,155
Cardiff,147,155
Swansea,176,155
Swansea,23,155
Newport,116,155
Swansea,150,155
Bangor,77,155
Bangor,63,155
Swansea,16,155
Swansea,51,155
Bangor,173,155
Swansea,56,155
Cardiff,200,155
Newport,6,155
Bangor,142,155
Swansea,167,155
Swansea,18,155
Newport,62,155
Cardiff,32,155
Swansea,55,155
Cardiff,136,155
Bangor,43,155
Swansea,180,155
Bangor,117,155
Cardiff,194,155
Bangor,191,155
Newport,121,155
Bangor,186,155
Swansea,31,155
Cardiff,35,155
Swansea,123,155
Swansea,176,155
Newport,75,155
Cardiff,153,155
Swansea,6,155
Newport,121,155
Bangor,6,155
Cardiff,56,155
Newport,182,155
Cardiff,128,155
Newport,13,155
Cardiff,65,155
Newport,200,155
Bangor,144,155
Cardiff,109,155
Swansea,183,155
Bangor,77,155
Cardiff,124,155
Newport,104,155
Cardiff,108,155
Newport,80,155
Cardiff,4,155
Cardiff,170,155
Swansea,191,155
Newport,93,155
Swansea,109,155
Newport,52,155
Swansea,145,155
Swansea,109,155
Cardiff,89,155
Swansea,149,155
Bangor,127,155
Cardiff,12,155
Cardiff,126,155
Bangor,31,155
Newport,141,155
Swansea,164,155
Swansea,153,155
Swansea,35,155
Cardiff,100,155
Cardiff,72,155
Bangor,75,155
Cardiff,194,155
Swansea,106,155
Bangor,67,155
Bangor,140,155
Newport,46,155
Bangor,29,155
Swansea,136,155
Bangor,39,155
Swansea,75,155
Swansea,97,155
Swansea,186,155
Bangor,79,155
Bangor,2,155
Swansea,3,155
Newport,199,155
Bangor,174,155
Newport,154,155
Bangor,97,155
Swansea,58,155
Cardiff,38,155
Newport,77,155
Bangor,34,155
Bangor,161,155
Newport,115,155
Cardiff,65,155
Newport,45,155
Cardiff,68,155
Newport,151,155
Cardiff,176,155
Swansea,63,155
Newport,135,155
Swansea,18,155
Newport,123,155
Newport,192,155
Cardiff,70,155
Swansea,36,155
Cardiff,173,155
Cardiff,71,155
Bangor,9,155
Cardiff,199,155
Cardiff,115,155
Newport,120,155
Bangor,194,155
Cardiff,115,155
Cardiff,33,155
Swansea,117,155
Newport,10,155
Newport,31,155
Cardiff,180,155
Cardiff,103,155
Swansea,23,155
Bangor,177,155
Newport,25,155
Swansea,128,155
Cardiff,1,155
Newport,142,155
Swansea,176,155
Cardiff,137,155
Cardiff,69,155
Cardiff,17,155
Newport,200,155
Swansea,104,155
Bangor,148,155
