City,Quantity,Product_Code
Bangor,118,9
Bangor,170,9
Swansea,156,9
Cardiff,33,9
Newport,188,9
Newport,128,9
Swansea,18,9
Swansea,13,9
Cardiff,138,9
Newport,12,9
Swansea,140,9
Cardiff,86,9
Swansea,23,9
Newport,160,9
Bangor,62,9
Newport,14,9
Bangor,78,9
Cardiff,175,9
Cardiff,103,9
Swansea,108,9
Newport,172,9
Swansea,111,9
Newport,76,9
Swansea,166,9
Newport,53,9
Newport,8,9
Cardiff,186,9
Cardiff,165,9
Swansea,100,9
Swansea,106,9
Newport,62,9
Swansea,90,9
Cardiff,27,9
Swansea,186,9
Newport,131,9
Swansea,65,9
Newport,5,9
Swansea,93,9
Swansea,139,9
Newport,66,9
Cardiff,187,9
Swansea,186,9
Newport,135,9
Newport,6,9
Newport,114,9
Bangor,121,9
Swansea,72,9
Cardiff,145,9
Cardiff,150,9
Newport,43,9
Cardiff,198,9
Swansea,179,9
Swansea,152,9
Cardiff,113,9
Newport,120,9
Swansea,102,9
Newport,113,9
Cardiff,157,9
Bangor,76,9
Cardiff,157,9
Swansea,28,9
Swansea,10,9
Bangor,50,9
Swansea,124,9
Newport,66,9
Swansea,99,9
Cardiff,103,9
Cardiff,108,9
Cardiff,196,9
Bangor,14,9
Cardiff,21,9
Newport,184,9
Newport,84,9
Swansea,37,9
Cardiff,62,9
Swansea,42,9
Newport,97,9
Swansea,125,9
Bangor,185,9
Bangor,180,9
Newport,188,9
Cardiff,29,9
Swansea,148,9
Swansea,19,9
Bangor,200,9
Newport,131,9
Newport,31,9
Newport,185,9
Bangor,95,9
Cardiff,51,9
Swansea,50,9
Newport,128,9
Swansea,147,9
Bangor,152,9
Swansea,34,9
Swansea,97,9
Swansea,103,9
Newport,23,9
Newport,188,9
Swansea,97,9
Swansea,132,9
Newport,70,9
Newport,151,9
Cardiff,32,9
Cardiff,141,9
Cardiff,44,9
Cardiff,133,9
Bangor,159,9
Bangor,195,9
Cardiff,180,9
Cardiff,39,9
Cardiff,152,9
Swansea,188,9
Cardiff,104,9
Swansea,50,9
Newport,138,9
Cardiff,121,9
Bangor,163,9
Cardiff,48,9
Newport,8,9
Bangor,172,9
Newport,47,9
Bangor,149,9
Bangor,90,9
Cardiff,140,9
Cardiff,135,9
Newport,129,9
Newport,200,9
Newport,195,9
Newport,156,9
Swansea,184,9
Cardiff,143,9
Swansea,32,9
Swansea,113,9
Swansea,192,9
Newport,96,9
Bangor,21,9
Cardiff,139,9
Swansea,101,9
Bangor,102,9
Newport,5,9
Newport,83,9
Swansea,175,9
Newport,113,9
Swansea,200,9
Cardiff,5,9
Cardiff,123,9
Bangor,96,9
Newport,87,9
Swansea,92,9
Bangor,160,9
Bangor,123,9
Newport,180,9
Bangor,174,9
Newport,5,9
Bangor,45,9
Newport,155,9
Cardiff,32,9
Swansea,107,9
Swansea,161,9
Cardiff,189,9
Cardiff,47,9
Newport,21,9
Bangor,119,9
Cardiff,109,9
Swansea,3,9
Newport,130,9
Swansea,142,9
Cardiff,76,9
Newport,60,9
Swansea,64,9
Swansea,75,9
Cardiff,82,9
Swansea,33,9
Cardiff,112,9
Bangor,190,9
Newport,144,9
Newport,146,9
Newport,66,9
Newport,55,9
Newport,119,9
Bangor,28,9
Newport,55,9
Cardiff,18,9
Swansea,191,9
Bangor,34,9
Cardiff,191,9
Swansea,46,9
Cardiff,104,9
Swansea,38,9
Bangor,185,9
Cardiff,132,9
Bangor,115,9
Bangor,96,9
Bangor,22,9
Swansea,132,9
Cardiff,190,9
Swansea,99,9
Bangor,63,9
Bangor,185,9
Swansea,59,9
Swansea,63,9
Cardiff,198,9
Newport,53,9
Bangor,10,9
Cardiff,3,9
Swansea,113,9
Cardiff,164,9
Newport,87,9
Newport,4,9
Swansea,2,9
Cardiff,10,9
Newport,73,9
Swansea,178,9
Bangor,70,9
Newport,26,9
Newport,148,9
Swansea,183,9
Newport,84,9
Swansea,171,9
Cardiff,168,9
Bangor,152,9
Bangor,149,9
Swansea,86,9
Swansea,124,9
Cardiff,176,9
Newport,158,9
Newport,27,9
Swansea,154,9
Cardiff,166,9
Swansea,134,9
Bangor,88,9
Swansea,80,9
Bangor,86,9
Bangor,144,9
Newport,4,9
Bangor,173,9
Swansea,34,9
Cardiff,97,9
Swansea,27,9
Newport,6,9
Swansea,73,9
Bangor,106,9
Newport,54,9
Cardiff,192,9
Bangor,44,9
Swansea,177,9
Cardiff,131,9
Newport,161,9
Cardiff,40,9
Newport,110,9
