City,Quantity,Product_Code
Newport,178,174
Bangor,77,174
Newport,73,174
Swansea,49,174
Cardiff,2,174
Newport,33,174
Bangor,169,174
Newport,71,174
Cardiff,62,174
Cardiff,89,174
Cardiff,155,174
Newport,64,174
Swansea,43,174
Newport,190,174
Swansea,118,174
Newport,73,174
Bangor,154,174
Swansea,190,174
Newport,191,174
Cardiff,123,174
Swansea,110,174
Cardiff,49,174
Bangor,18,174
Bangor,198,174
Bangor,19,174
Bangor,23,174
Cardiff,47,174
Bangor,80,174
Swansea,23,174
Swansea,33,174
Newport,31,174
Cardiff,22,174
Bangor,182,174
Cardiff,148,174
Cardiff,74,174
Swansea,191,174
Newport,167,174
Swansea,21,174
Swansea,162,174
Newport,113,174
Cardiff,151,174
Newport,53,174
Swansea,38,174
Swansea,47,174
Swansea,76,174
Bangor,30,174
Bangor,36,174
Newport,133,174
Newport,81,174
Bangor,43,174
Bangor,27,174
Newport,152,174
Newport,88,174
Newport,132,174
Cardiff,160,174
Newport,61,174
Newport,46,174
Swansea,186,174
Bangor,148,174
Newport,175,174
Newport,191,174
Cardiff,167,174
Newport,115,174
Bangor,164,174
Newport,33,174
Cardiff,177,174
Swansea,21,174
Cardiff,128,174
Newport,42,174
Bangor,109,174
Cardiff,123,174
Newport,178,174
Swansea,58,174
Newport,190,174
Swansea,104,174
Cardiff,171,174
Swansea,82,174
Swansea,12,174
Bangor,71,174
Newport,45,174
Bangor,81,174
Swansea,145,174
Newport,21,174
Bangor,49,174
Swansea,74,174
Cardiff,21,174
Swansea,120,174
Newport,181,174
Swansea,5,174
Cardiff,109,174
Bangor,5,174
Swansea,29,174
Swansea,174,174
Newport,132,174
Newport,14,174
Cardiff,1,174
Bangor,76,174
Swansea,167,174
Cardiff,1,174
Bangor,168,174
Swansea,6,174
Cardiff,18,174
Newport,53,174
Bangor,46,174
Swansea,71,174
Swansea,101,174
Newport,59,174
Swansea,159,174
Bangor,197,174
Newport,195,174
Swansea,157,174
Swansea,89,174
Swansea,174,174
Bangor,158,174
Bangor,46,174
Cardiff,159,174
Newport,16,174
Bangor,167,174
Newport,108,174
Newport,88,174
Cardiff,28,174
Cardiff,148,174
Cardiff,34,174
Newport,46,174
Cardiff,102,174
Newport,152,174
Newport,112,174
Newport,194,174
Swansea,35,174
Cardiff,74,174
Newport,122,174
Swansea,113,174
Bangor,125,174
Swansea,79,174
Newport,150,174
Cardiff,95,174
Bangor,124,174
Swansea,132,174
Newport,139,174
Newport,78,174
Cardiff,171,174
Bangor,167,174
Newport,181,174
Cardiff,35,174
Swansea,46,174
Cardiff,132,174
Swansea,75,174
Newport,169,174
Bangor,128,174
Swansea,60,174
Bangor,23,174
Swansea,173,174
Swansea,59,174
Swansea,25,174
Cardiff,130,174
Bangor,61,174
Cardiff,36,174
Swansea,55,174
Newport,170,174
Bangor,71,174
Bangor,62,174
Bangor,72,174
Swansea,50,174
Newport,91,174
Cardiff,117,174
Bangor,184,174
Bangor,151,174
Cardiff,146,174
Cardiff,22,174
Newport,119,174
Newport,80,174
Bangor,141,174
Newport,12,174
Cardiff,116,174
Newport,63,174
Bangor,116,174
Cardiff,152,174
Bangor,197,174
Newport,94,174
Bangor,30,174
Newport,154,174
Swansea,118,174
Newport,96,174
Swansea,79,174
Cardiff,8,174
Newport,119,174
Newport,51,174
Cardiff,110,174
Swansea,0,174
Cardiff,14,174
Cardiff,88,174
Cardiff,48,174
Cardiff,184,174
Bangor,48,174
Cardiff,48,174
Newport,68,174
Swansea,38,174
Cardiff,135,174
Bangor,31,174
Newport,159,174
Cardiff,73,174
Swansea,14,174
Cardiff,105,174
Bangor,111,174
Newport,2,174
Swansea,64,174
Swansea,39,174
Swansea,153,174
Newport,187,174
Swansea,39,174
Swansea,103,174
Cardiff,112,174
Swansea,99,174
Newport,190,174
Swansea,133,174
Bangor,63,174
Newport,189,174
Newport,27,174
Swansea,117,174
Swansea,24,174
Cardiff,86,174
Swansea,58,174
Newport,156,174
Newport,105,174
Bangor,65,174
Cardiff,37,174
Cardiff,108,174
Bangor,133,174
Cardiff,153,174
Swansea,83,174
Newport,165,174
Swansea,18,174
Swansea,91,174
Newport,127,174
Newport,124,174
Cardiff,155,174
Bangor,165,174
Bangor,12,174
Bangor,130,174
Swansea,76,174
Newport,17,174
Swansea,185,174
Newport,75,174
Swansea,111,174
Cardiff,2,174
Swansea,116,174
Bangor,2,174
Bangor,120,174
Swansea,183,174
Cardiff,59,174
Cardiff,109,174
