City,Quantity,Product_Code
Bangor,36,122
Swansea,83,122
Cardiff,14,122
Swansea,15,122
Swansea,71,122
Bangor,18,122
Swansea,89,122
Swansea,77,122
Swansea,94,122
Swansea,174,122
Newport,150,122
Cardiff,111,122
Cardiff,109,122
Cardiff,46,122
Bangor,127,122
Cardiff,54,122
Swansea,185,122
Newport,0,122
Bangor,33,122
Bangor,51,122
Bangor,4,122
Cardiff,197,122
Swansea,4,122
Swansea,127,122
Cardiff,171,122
Bangor,164,122
Newport,84,122
Newport,149,122
Cardiff,99,122
Swansea,147,122
Cardiff,126,122
Cardiff,104,122
Swansea,42,122
Bangor,60,122
Newport,157,122
Bangor,119,122
Cardiff,64,122
Cardiff,155,122
Newport,19,122
Swansea,28,122
Bangor,13,122
Bangor,139,122
Cardiff,173,122
Cardiff,120,122
Cardiff,51,122
Bangor,82,122
Newport,137,122
Newport,155,122
Swansea,164,122
Cardiff,99,122
Newport,160,122
Newport,68,122
Newport,78,122
Bangor,172,122
Swansea,66,122
Swansea,59,122
Newport,179,122
Cardiff,186,122
Cardiff,159,122
Swansea,150,122
Bangor,38,122
Newport,124,122
Newport,47,122
Swansea,188,122
Swansea,179,122
Cardiff,183,122
Newport,91,122
Cardiff,17,122
Newport,40,122
Newport,157,122
Swansea,158,122
Newport,52,122
Cardiff,110,122
Swansea,101,122
Cardiff,43,122
Cardiff,117,122
Bangor,116,122
Newport,193,122
Swansea,3,122
Bangor,96,122
Swansea,55,122
Newport,162,122
Newport,184,122
Cardiff,167,122
Swansea,200,122
Newport,143,122
Cardiff,176,122
Bangor,26,122
Cardiff,143,122
Swansea,133,122
Cardiff,135,122
Newport,4,122
Bangor,139,122
Cardiff,4,122
Newport,80,122
Newport,148,122
Swansea,23,122
Bangor,111,122
Cardiff,9,122
Swansea,54,122
Bangor,19,122
Swansea,149,122
Bangor,178,122
Newport,170,122
Cardiff,167,122
Bangor,122,122
Cardiff,99,122
Swansea,174,122
Swansea,153,122
Cardiff,62,122
Swansea,152,122
Swansea,38,122
Newport,87,122
Cardiff,41,122
Swansea,83,122
Swansea,159,122
Swansea,131,122
Newport,120,122
Bangor,78,122
Cardiff,184,122
Bangor,135,122
Newport,166,122
Cardiff,117,122
Swansea,73,122
Newport,58,122
Swansea,77,122
Bangor,112,122
Cardiff,104,122
Cardiff,41,122
Newport,119,122
Cardiff,106,122
Swansea,186,122
Cardiff,199,122
Bangor,38,122
Bangor,148,122
Swansea,25,122
Cardiff,103,122
Cardiff,153,122
Bangor,46,122
Newport,63,122
Newport,195,122
Swansea,68,122
Swansea,77,122
Cardiff,55,122
Swansea,71,122
Bangor,141,122
Swansea,117,122
Cardiff,154,122
Bangor,76,122
Newport,5,122
Cardiff,12,122
Swansea,95,122
Cardiff,18,122
Cardiff,91,122
Newport,83,122
Swansea,113,122
Swansea,46,122
Swansea,17,122
Swansea,125,122
Newport,117,122
Newport,80,122
Cardiff,23,122
Swansea,140,122
Bangor,80,122
Cardiff,193,122
Bangor,190,122
Bangor,63,122
Bangor,37,122
Swansea,161,122
Bangor,86,122
Swansea,167,122
Swansea,127,122
Bangor,132,122
Bangor,58,122
Bangor,13,122
Cardiff,160,122
Cardiff,25,122
Swansea,36,122
Swansea,143,122
Bangor,14,122
Newport,191,122
Cardiff,1,122
Cardiff,103,122
Cardiff,66,122
Cardiff,161,122
Cardiff,114,122
Cardiff,8,122
Cardiff,157,122
Bangor,83,122
Swansea,85,122
Bangor,150,122
Swansea,115,122
Newport,107,122
Swansea,26,122
Newport,154,122
Bangor,53,122
Newport,113,122
Bangor,63,122
Newport,32,122
Bangor,19,122
Newport,24,122
Newport,190,122
Bangor,38,122
Cardiff,0,122
Swansea,38,122
Bangor,139,122
Swansea,190,122
Cardiff,185,122
Cardiff,71,122
Newport,39,122
Swansea,90,122
Swansea,146,122
Swansea,37,122
Newport,95,122
Newport,59,122
Newport,68,122
Cardiff,145,122
Bangor,74,122
Cardiff,156,122
Newport,42,122
Cardiff,80,122
Swansea,140,122
Cardiff,51,122
Swansea,16,122
Bangor,82,122
Cardiff,175,122
Newport,27,122
Bangor,159,122
Newport,157,122
Bangor,41,122
Cardiff,93,122
Bangor,154,122
Bangor,118,122
Bangor,120,122
Swansea,40,122
Swansea,8,122
Swansea,181,122
Bangor,169,122
Newport,156,122
Swansea,130,122
Cardiff,92,122
Newport,137,122
Bangor,45,122
Swansea,175,122
Cardiff,106,122
Bangor,51,122
Cardiff,130,122
Cardiff,28,122
Newport,39,122
Swansea,190,122
Cardiff,155,122
