City,Quantity,Product_Code
Newport,178,81
Cardiff,86,81
Swansea,86,81
Swansea,158,81
Newport,82,81
Newport,95,81
Bangor,105,81
Swansea,171,81
Newport,59,81
Swansea,52,81
Swansea,96,81
Cardiff,93,81
Cardiff,182,81
Swansea,103,81
Swansea,97,81
Bangor,29,81
Swansea,172,81
Newport,35,81
Bangor,155,81
Bangor,160,81
Bangor,49,81
Newport,64,81
Bangor,28,81
Bangor,12,81
Bangor,40,81
Swansea,116,81
Cardiff,185,81
Cardiff,154,81
Swansea,48,81
Swansea,92,81
Cardiff,199,81
Bangor,6,81
Newport,168,81
Bangor,102,81
Swansea,101,81
Newport,112,81
Newport,97,81
Cardiff,171,81
Swansea,72,81
Cardiff,168,81
Swansea,95,81
Bangor,33,81
Bangor,175,81
Bangor,131,81
Newport,191,81
Cardiff,71,81
Cardiff,162,81
Cardiff,172,81
Cardiff,91,81
Bangor,71,81
Swansea,153,81
Newport,130,81
Cardiff,160,81
Bangor,38,81
Newport,163,81
Cardiff,180,81
Newport,24,81
Swansea,142,81
Bangor,164,81
Bangor,126,81
Swansea,158,81
Newport,146,81
Newport,54,81
Swansea,28,81
Cardiff,160,81
Newport,180,81
Bangor,200,81
Bangor,145,81
Newport,162,81
Swansea,174,81
Swansea,109,81
Cardiff,152,81
Swansea,28,81
Newport,59,81
Cardiff,154,81
Bangor,33,81
Cardiff,7,81
Swansea,31,81
Newport,112,81
Cardiff,150,81
Newport,180,81
Newport,134,81
Newport,29,81
Cardiff,37,81
Swansea,36,81
Swansea,70,81
Cardiff,27,81
Newport,170,81
Bangor,28,81
Bangor,27,81
Newport,162,81
Bangor,100,81
Cardiff,165,81
Cardiff,134,81
Swansea,132,81
Swansea,184,81
Swansea,193,81
Cardiff,60,81
Swansea,51,81
Newport,62,81
Cardiff,196,81
Bangor,129,81
Newport,31,81
Bangor,147,81
Bangor,181,81
Cardiff,113,81
Cardiff,10,81
Newport,67,81
Newport,2,81
Newport,34,81
Cardiff,136,81
Swansea,136,81
Newport,144,81
Swansea,84,81
Bangor,142,81
Swansea,153,81
Newport,5,81
Cardiff,172,81
Cardiff,133,81
Cardiff,46,81
Bangor,115,81
Bangor,44,81
Cardiff,76,81
Newport,40,81
Cardiff,99,81
Cardiff,185,81
Cardiff,69,81
Bangor,133,81
Bangor,95,81
Swansea,163,81
Swansea,25,81
Newport,195,81
Bangor,172,81
Bangor,159,81
Newport,83,81
Cardiff,176,81
Newport,66,81
Newport,136,81
Newport,81,81
Newport,64,81
Swansea,171,81
Swansea,193,81
Bangor,32,81
Newport,56,81
Newport,137,81
Bangor,2,81
Bangor,131,81
Bangor,169,81
Newport,78,81
Cardiff,36,81
Cardiff,34,81
Cardiff,76,81
Newport,199,81
Cardiff,113,81
Swansea,78,81
Bangor,173,81
Cardiff,165,81
Newport,117,81
Cardiff,133,81
Swansea,188,81
Newport,54,81
Swansea,7,81
Cardiff,65,81
Bangor,70,81
Cardiff,58,81
Cardiff,50,81
Newport,146,81
Cardiff,26,81
Newport,165,81
Swansea,37,81
Cardiff,115,81
Cardiff,11,81
Bangor,66,81
Newport,129,81
Newport,90,81
Swansea,110,81
Newport,193,81
Newport,1,81
Newport,91,81
Newport,193,81
Swansea,162,81
Newport,98,81
Newport,132,81
Newport,24,81
Bangor,194,81
Bangor,74,81
Cardiff,146,81
Newport,19,81
Cardiff,105,81
Bangor,180,81
Bangor,156,81
Newport,109,81
Swansea,200,81
Cardiff,30,81
Bangor,138,81
Newport,108,81
Swansea,186,81
Bangor,134,81
Bangor,58,81
Bangor,98,81
Newport,194,81
Newport,60,81
Newport,56,81
Bangor,124,81
Swansea,26,81
Swansea,137,81
Newport,93,81
Bangor,161,81
Newport,179,81
Cardiff,142,81
Newport,16,81
Cardiff,44,81
Bangor,192,81
Newport,74,81
Cardiff,21,81
Cardiff,107,81
Cardiff,99,81
Bangor,25,81
Newport,136,81
Cardiff,22,81
Swansea,6,81
Cardiff,190,81
Cardiff,113,81
Cardiff,176,81
Cardiff,189,81
Cardiff,13,81
Newport,10,81
Swansea,19,81
Bangor,41,81
Bangor,95,81
Swansea,151,81
Swansea,119,81
Swansea,9,81
Newport,137,81
Cardiff,38,81
Swansea,144,81
Swansea,110,81
Cardiff,144,81
Cardiff,19,81
Bangor,133,81
Bangor,194,81
Newport,33,81
Newport,84,81
Swansea,25,81
Cardiff,31,81
Newport,146,81
Cardiff,10,81
Newport,197,81
Bangor,147,81
Bangor,16,81
Cardiff,137,81
