City,Quantity,Product_Code
Newport,73,194
Cardiff,51,194
Cardiff,52,194
Bangor,115,194
Cardiff,119,194
Cardiff,74,194
Swansea,61,194
Swansea,54,194
Cardiff,41,194
Bangor,106,194
Swansea,135,194
Bangor,117,194
Bangor,195,194
Cardiff,151,194
Cardiff,101,194
Newport,36,194
Bangor,126,194
Bangor,145,194
Cardiff,4,194
Newport,114,194
Cardiff,158,194
Cardiff,7,194
Newport,163,194
Bangor,110,194
Cardiff,8,194
Swansea,49,194
Bangor,60,194
Newport,52,194
Cardiff,184,194
Cardiff,182,194
Bangor,47,194
Cardiff,132,194
Newport,159,194
Newport,137,194
Newport,134,194
Swansea,72,194
Newport,153,194
Bangor,56,194
Newport,28,194
Newport,70,194
Cardiff,120,194
Cardiff,1,194
Swansea,40,194
Newport,69,194
Cardiff,6,194
Swansea,148,194
Cardiff,22,194
Cardiff,150,194
Cardiff,22,194
Bangor,33,194
Bangor,35,194
Swansea,122,194
Bangor,74,194
Cardiff,28,194
Swansea,155,194
Cardiff,171,194
Bangor,49,194
Swansea,132,194
Bangor,164,194
Swansea,74,194
Swansea,140,194
Newport,74,194
Swansea,18,194
Bangor,193,194
Newport,168,194
Swansea,60,194
Cardiff,154,194
Bangor,66,194
Newport,102,194
Newport,125,194
Bangor,107,194
Swansea,127,194
Cardiff,168,194
Swansea,80,194
Cardiff,65,194
Newport,75,194
Newport,78,194
Newport,72,194
Newport,106,194
Cardiff,12,194
Bangor,74,194
Bangor,14,194
Cardiff,27,194
Bangor,77,194
Swansea,137,194
Swansea,21,194
Newport,169,194
Cardiff,17,194
Swansea,27,194
Newport,168,194
Bangor,31,194
Newport,32,194
Cardiff,149,194
Swansea,137,194
Swansea,128,194
Cardiff,166,194
Swansea,89,194
Newport,47,194
Newport,63,194
Swansea,128,194
Newport,196,194
Newport,166,194
Cardiff,57,194
Newport,134,194
Cardiff,107,194
Swansea,176,194
Bangor,194,194
Swansea,186,194
Swansea,26,194
Newport,10,194
Newport,167,194
Cardiff,89,194
Bangor,6,194
Newport,139,194
Newport,176,194
Newport,5,194
Swansea,113,194
Swansea,21,194
Swansea,115,194
Cardiff,88,194
Cardiff,134,194
Swansea,187,194
Swansea,195,194
Swansea,190,194
Cardiff,97,194
Cardiff,25,194
Newport,117,194
Bangor,67,194
Swansea,149,194
Newport,43,194
Newport,170,194
Swansea,170,194
Cardiff,115,194
Swansea,101,194
Newport,43,194
Newport,10,194
Bangor,23,194
Bangor,46,194
Newport,178,194
Newport,60,194
Swansea,102,194
Newport,77,194
Cardiff,158,194
Bangor,61,194
Bangor,124,194
Cardiff,194,194
Newport,67,194
Swansea,140,194
Cardiff,29,194
Cardiff,62,194
Bangor,12,194
Swansea,35,194
Newport,109,194
Newport,59,194
Newport,28,194
Swansea,123,194
Bangor,46,194
Newport,163,194
Bangor,106,194
Swansea,177,194
Cardiff,99,194
Bangor,95,194
Cardiff,70,194
Cardiff,164,194
Bangor,22,194
Swansea,150,194
Newport,200,194
Newport,184,194
Cardiff,32,194
Swansea,44,194
Bangor,95,194
Swansea,59,194
Cardiff,103,194
Bangor,69,194
Swansea,65,194
Newport,139,194
Swansea,85,194
Newport,63,194
Swansea,100,194
Cardiff,158,194
Cardiff,188,194
Cardiff,5,194
Swansea,164,194
Newport,178,194
Newport,25,194
Swansea,0,194
Cardiff,85,194
Bangor,34,194
Newport,189,194
Cardiff,67,194
Bangor,79,194
Newport,99,194
Cardiff,3,194
Bangor,189,194
Cardiff,105,194
Bangor,146,194
Newport,68,194
Bangor,182,194
Swansea,7,194
Cardiff,189,194
Cardiff,5,194
Bangor,194,194
Swansea,156,194
Newport,56,194
Newport,30,194
Cardiff,106,194
Swansea,60,194
Cardiff,86,194
Cardiff,56,194
Swansea,75,194
Bangor,128,194
Cardiff,108,194
Swansea,170,194
Bangor,199,194
Swansea,87,194
Bangor,104,194
Swansea,111,194
Newport,121,194
Swansea,87,194
Newport,43,194
Newport,8,194
Bangor,184,194
Bangor,165,194
Newport,38,194
Swansea,187,194
Swansea,155,194
Newport,74,194
Cardiff,35,194
Newport,123,194
Cardiff,11,194
Bangor,57,194
Cardiff,182,194
Newport,99,194
Swansea,107,194
Cardiff,180,194
Newport,42,194
Cardiff,35,194
Cardiff,107,194
Bangor,65,194
Bangor,20,194
Swansea,132,194
Newport,32,194
Newport,185,194
Cardiff,112,194
Cardiff,67,194
Cardiff,1,194
Newport,79,194
Newport,103,194
Swansea,188,194
Swansea,36,194
Swansea,91,194
