City,Quantity,Product_Code
Cardiff,163,105
Cardiff,14,105
Bangor,57,105
Bangor,106,105
Swansea,40,105
Swansea,181,105
Swansea,45,105
Cardiff,94,105
Cardiff,18,105
Swansea,73,105
Cardiff,66,105
Bangor,100,105
Bangor,153,105
Swansea,143,105
Cardiff,141,105
Bangor,186,105
Newport,31,105
Newport,159,105
Swansea,183,105
Newport,15,105
Swansea,94,105
Swansea,171,105
Cardiff,116,105
Cardiff,103,105
Bangor,81,105
Cardiff,130,105
Newport,3,105
Cardiff,115,105
Cardiff,45,105
Cardiff,176,105
Newport,119,105
Bangor,28,105
Newport,77,105
Newport,179,105
Swansea,192,105
Bangor,174,105
Swansea,77,105
Swansea,112,105
Newport,61,105
Swansea,119,105
Bangor,53,105
Cardiff,104,105
Cardiff,175,105
Bangor,101,105
Swansea,40,105
Bangor,168,105
Swansea,200,105
Bangor,33,105
Cardiff,180,105
Newport,158,105
Bangor,103,105
Bangor,59,105
Swansea,173,105
Cardiff,151,105
Newport,163,105
Cardiff,119,105
Cardiff,194,105
Bangor,73,105
Newport,157,105
Swansea,128,105
Newport,30,105
Bangor,82,105
Bangor,100,105
Cardiff,17,105
Newport,79,105
Cardiff,26,105
Swansea,69,105
Cardiff,80,105
Swansea,181,105
Bangor,137,105
Swansea,49,105
Swansea,59,105
Bangor,154,105
Swansea,129,105
Newport,9,105
Cardiff,31,105
Swansea,119,105
Newport,149,105
Cardiff,18,105
Swansea,41,105
Newport,135,105
Cardiff,152,105
Swansea,101,105
Newport,34,105
Cardiff,175,105
Bangor,152,105
Cardiff,121,105
Swansea,120,105
Swansea,167,105
Cardiff,42,105
Swansea,113,105
Bangor,115,105
Bangor,122,105
Bangor,158,105
Cardiff,18,105
Newport,46,105
Newport,5,105
Newport,177,105
Bangor,108,105
Cardiff,152,105
Cardiff,111,105
Bangor,62,105
Swansea,98,105
Newport,106,105
Swansea,83,105
Swansea,77,105
Bangor,179,105
Swansea,20,105
Newport,143,105
Newport,173,105
Newport,150,105
Bangor,63,105
Cardiff,35,105
Swansea,55,105
Cardiff,23,105
Swansea,150,105
Swansea,66,105
Bangor,4,105
Newport,170,105
Newport,39,105
Bangor,45,105
Cardiff,158,105
Swansea,126,105
Cardiff,38,105
Bangor,35,105
Cardiff,113,105
Newport,83,105
Bangor,88,105
Bangor,165,105
Newport,42,105
Newport,75,105
Bangor,74,105
Newport,26,105
Bangor,7,105
Cardiff,137,105
Cardiff,123,105
Swansea,85,105
Cardiff,15,105
Newport,17,105
Swansea,146,105
Swansea,44,105
Bangor,128,105
Swansea,113,105
Newport,68,105
Swansea,79,105
Swansea,74,105
Cardiff,199,105
Cardiff,137,105
Newport,59,105
Swansea,97,105
Cardiff,110,105
Swansea,73,105
Swansea,87,105
Newport,38,105
Newport,187,105
Newport,62,105
Swansea,163,105
Bangor,87,105
Newport,42,105
Newport,1,105
Swansea,8,105
Cardiff,106,105
Bangor,113,105
Swansea,153,105
Swansea,126,105
Swansea,158,105
Newport,35,105
Newport,148,105
Bangor,79,105
Cardiff,136,105
Bangor,44,105
Newport,152,105
Newport,83,105
Bangor,45,105
Bangor,58,105
Newport,172,105
Cardiff,134,105
Swansea,130,105
Cardiff,37,105
Cardiff,102,105
Swansea,186,105
Cardiff,126,105
Swansea,143,105
Cardiff,171,105
Swansea,4,105
Swansea,24,105
Newport,93,105
Cardiff,52,105
Cardiff,158,105
Newport,174,105
Cardiff,84,105
Bangor,18,105
Bangor,97,105
Bangor,125,105
Bangor,171,105
Bangor,157,105
Bangor,198,105
Swansea,123,105
Swansea,171,105
Bangor,166,105
Cardiff,97,105
Newport,77,105
Swansea,117,105
Bangor,149,105
Swansea,143,105
Newport,30,105
Bangor,51,105
Swansea,147,105
Newport,62,105
Swansea,144,105
Newport,151,105
Bangor,116,105
Cardiff,75,105
Swansea,69,105
Bangor,13,105
Swansea,159,105
Bangor,128,105
Bangor,161,105
Newport,47,105
Bangor,72,105
Bangor,88,105
Newport,167,105
Cardiff,81,105
Swansea,151,105
Swansea,2,105
Cardiff,175,105
Cardiff,179,105
Cardiff,173,105
Swansea,71,105
Swansea,86,105
Cardiff,153,105
Cardiff,12,105
Cardiff,190,105
Bangor,154,105
Swansea,56,105
Swansea,67,105
Newport,175,105
Bangor,145,105
Newport,135,105
Bangor,163,105
Swansea,21,105
Bangor,10,105
Bangor,184,105
Swansea,80,105
Newport,34,105
Cardiff,44,105
Swansea,44,105
Newport,121,105
Bangor,53,105
Bangor,195,105
Swansea,97,105
