City,Quantity,Product_Code
Bangor,23,3
Swansea,105,3
Bangor,12,3
Bangor,140,3
Newport,91,3
Bangor,133,3
Bangor,48,3
Swansea,68,3
Newport,126,3
Newport,105,3
Bangor,39,3
Newport,156,3
Cardiff,100,3
Cardiff,190,3
Swansea,35,3
Newport,67,3
Newport,107,3
Bangor,27,3
Newport,119,3
Swansea,62,3
Bangor,107,3
Cardiff,109,3
Bangor,71,3
Cardiff,186,3
Newport,15,3
Bangor,6,3
Cardiff,95,3
Newport,36,3
Swansea,13,3
Bangor,96,3
Newport,114,3
Bangor,124,3
Newport,87,3
Swansea,19,3
Newport,176,3
Cardiff,116,3
Swansea,101,3
Bangor,1,3
Cardiff,138,3
Swansea,173,3
Newport,136,3
Newport,138,3
Swansea,187,3
Cardiff,92,3
Cardiff,153,3
Swansea,89,3
Newport,40,3
Swansea,26,3
Swansea,92,3
Cardiff,33,3
Swansea,131,3
Swansea,96,3
Newport,196,3
Swansea,18,3
Swansea,178,3
Newport,123,3
Cardiff,99,3
Newport,46,3
Cardiff,96,3
Cardiff,110,3
Bangor,53,3
Swansea,110,3
Bangor,22,3
Swansea,93,3
Cardiff,69,3
Swansea,162,3
Bangor,154,3
Bangor,165,3
Swansea,67,3
Newport,173,3
Swansea,137,3
Swansea,100,3
Bangor,34,3
Bangor,45,3
Cardiff,156,3
Bangor,39,3
Newport,8,3
Cardiff,164,3
Newport,66,3
Bangor,4,3
Bangor,71,3
Swansea,6,3
Bangor,98,3
Cardiff,85,3
Cardiff,1,3
Newport,34,3
Swansea,116,3
Newport,61,3
Bangor,80,3
Cardiff,70,3
Swansea,200,3
Bangor,85,3
Bangor,169,3
Bangor,121,3
Cardiff,124,3
Cardiff,177,3
Newport,79,3
Swansea,66,3
Newport,42,3
Cardiff,88,3
Newport,56,3
Swansea,133,3
Cardiff,28,3
Newport,176,3
Cardiff,55,3
Newport,88,3
Cardiff,66,3
Cardiff,13,3
Swansea,10,3
Cardiff,174,3
Bangor,117,3
Cardiff,4,3
Bangor,70,3
Cardiff,34,3
Cardiff,128,3
Bangor,103,3
Newport,125,3
Newport,163,3
Cardiff,96,3
Swansea,73,3
Bangor,187,3
Swansea,199,3
Bangor,137,3
Cardiff,196,3
Newport,14,3
Swansea,76,3
Swansea,101,3
Swansea,68,3
Newport,82,3
Swansea,89,3
Newport,143,3
Cardiff,23,3
Swansea,11,3
Cardiff,1,3
Swansea,105,3
Cardiff,197,3
Newport,45,3
Newport,185,3
Swansea,152,3
Cardiff,30,3
Swansea,142,3
Swansea,90,3
Newport,180,3
Bangor,66,3
Bangor,100,3
Cardiff,107,3
Swansea,128,3
Newport,188,3
Newport,125,3
Newport,155,3
Cardiff,199,3
Bangor,62,3
Newport,81,3
Bangor,147,3
Cardiff,147,3
Swansea,161,3
Cardiff,149,3
Cardiff,113,3
Cardiff,24,3
Cardiff,165,3
Cardiff,97,3
Cardiff,26,3
Swansea,0,3
Newport,96,3
Newport,173,3
Swansea,157,3
Swansea,192,3
Newport,140,3
Newport,7,3
Cardiff,65,3
Cardiff,124,3
Newport,185,3
Bangor,4,3
Bangor,147,3
Newport,135,3
Cardiff,115,3
Bangor,71,3
Cardiff,183,3
Swansea,62,3
Bangor,61,3
Bangor,96,3
Bangor,74,3
Cardiff,82,3
Swansea,77,3
Newport,29,3
Swansea,36,3
Newport,116,3
Swansea,125,3
Bangor,147,3
Swansea,26,3
Swansea,21,3
Cardiff,28,3
Swansea,92,3
Swansea,132,3
Swansea,128,3
Newport,3,3
Bangor,30,3
Newport,115,3
Swansea,85,3
Bangor,49,3
Newport,181,3
Swansea,34,3
Cardiff,89,3
Newport,102,3
Cardiff,170,3
Bangor,59,3
Cardiff,39,3
Newport,191,3
Swansea,176,3
Bangor,146,3
Cardiff,169,3
Bangor,31,3
Newport,157,3
Bangor,105,3
Cardiff,167,3
Bangor,179,3
Cardiff,96,3
Bangor,25,3
Cardiff,175,3
Swansea,177,3
Newport,133,3
Cardiff,76,3
Cardiff,137,3
Newport,192,3
Bangor,83,3
Newport,166,3
Swansea,130,3
Newport,62,3
Cardiff,159,3
Cardiff,24,3
Newport,64,3
Swansea,3,3
Swansea,176,3
Bangor,30,3
Bangor,198,3
Cardiff,108,3
Swansea,34,3
Cardiff,35,3
Cardiff,4,3
Newport,77,3
Cardiff,34,3
Swansea,37,3
Bangor,156,3
Bangor,172,3
Newport,180,3
Swansea,111,3
Cardiff,21,3
Newport,127,3
Newport,55,3
Swansea,13,3
Bangor,34,3
