City,Quantity,Product_Code
Cardiff,42,154
Bangor,19,154
Newport,19,154
Bangor,156,154
Swansea,135,154
Newport,90,154
Newport,16,154
Swansea,85,154
Cardiff,155,154
Swansea,94,154
Bangor,150,154
Newport,23,154
Newport,157,154
Swansea,11,154
Cardiff,199,154
Bangor,117,154
Cardiff,60,154
Cardiff,114,154
Newport,69,154
Newport,117,154
Newport,148,154
Swansea,174,154
Bangor,39,154
Swansea,134,154
Swansea,180,154
Swansea,91,154
Swansea,78,154
Swansea,115,154
Bangor,76,154
Swansea,33,154
Cardiff,45,154
Newport,170,154
Bangor,52,154
Bangor,118,154
Swansea,186,154
Swansea,43,154
Newport,166,154
Newport,27,154
Newport,181,154
Swansea,108,154
Cardiff,140,154
Newport,90,154
Bangor,87,154
Newport,176,154
Newport,191,154
Swansea,5,154
Newport,20,154
Bangor,173,154
Cardiff,52,154
Newport,157,154
Swansea,197,154
Cardiff,61,154
Bangor,29,154
Swansea,0,154
Bangor,13,154
Newport,13,154
Newport,42,154
Cardiff,185,154
Cardiff,161,154
Cardiff,70,154
Bangor,63,154
Swansea,131,154
Swansea,39,154
Swansea,15,154
Newport,32,154
Cardiff,67,154
Newport,128,154
Swansea,101,154
Bangor,168,154
Newport,193,154
Cardiff,171,154
Newport,149,154
Newport,103,154
Newport,51,154
Swansea,1,154
Cardiff,177,154
Swansea,51,154
Newport,66,154
Bangor,113,154
Newport,59,154
Swansea,128,154
Swansea,16,154
Newport,143,154
Bangor,100,154
Cardiff,38,154
Swansea,90,154
Newport,91,154
Newport,42,154
Cardiff,20,154
Swansea,149,154
Newport,146,154
Newport,135,154
Swansea,29,154
Cardiff,147,154
Bangor,173,154
Swansea,102,154
Swansea,148,154
Bangor,42,154
Cardiff,31,154
Newport,55,154
Swansea,72,154
Swansea,60,154
Cardiff,106,154
Swansea,117,154
Bangor,60,154
Newport,80,154
Cardiff,27,154
Bangor,75,154
Bangor,12,154
Swansea,166,154
Swansea,41,154
Newport,65,154
Bangor,30,154
Newport,126,154
Swansea,111,154
Newport,21,154
Swansea,55,154
Newport,199,154
Swansea,134,154
Bangor,53,154
Newport,194,154
Swansea,160,154
Newport,142,154
Newport,152,154
Newport,51,154
Swansea,192,154
Newport,126,154
Cardiff,21,154
Cardiff,76,154
Swansea,185,154
Newport,70,154
Bangor,125,154
Newport,116,154
Cardiff,46,154
Cardiff,70,154
Newport,111,154
Cardiff,112,154
Swansea,174,154
Swansea,112,154
Cardiff,179,154
Newport,67,154
Cardiff,115,154
Cardiff,17,154
Bangor,198,154
Swansea,86,154
Bangor,191,154
Newport,35,154
Bangor,61,154
Cardiff,72,154
Bangor,76,154
Swansea,141,154
Bangor,144,154
Bangor,40,154
Swansea,77,154
Newport,90,154
Swansea,120,154
Bangor,45,154
Swansea,171,154
Swansea,73,154
Cardiff,20,154
Newport,8,154
Bangor,78,154
Newport,86,154
Bangor,42,154
Cardiff,25,154
Bangor,94,154
Bangor,152,154
Newport,81,154
Cardiff,19,154
Swansea,165,154
Swansea,172,154
Swansea,31,154
Swansea,100,154
Bangor,9,154
Newport,172,154
Newport,91,154
Newport,12,154
Swansea,55,154
Cardiff,78,154
Swansea,192,154
Cardiff,178,154
Swansea,145,154
Bangor,116,154
Bangor,109,154
Swansea,1,154
Newport,77,154
Bangor,137,154
Bangor,132,154
Newport,59,154
Newport,161,154
Newport,107,154
Swansea,14,154
Newport,80,154
Bangor,184,154
Swansea,61,154
Bangor,181,154
Newport,113,154
Cardiff,47,154
Swansea,119,154
Newport,129,154
Cardiff,103,154
Newport,40,154
Bangor,188,154
Bangor,78,154
Swansea,83,154
Bangor,36,154
Cardiff,184,154
Cardiff,164,154
Bangor,89,154
Newport,33,154
Bangor,179,154
Newport,196,154
Cardiff,1,154
Swansea,51,154
Cardiff,194,154
Newport,145,154
Bangor,25,154
Swansea,62,154
Newport,161,154
Swansea,87,154
Swansea,125,154
Cardiff,55,154
Cardiff,65,154
Cardiff,72,154
Bangor,20,154
Cardiff,146,154
Newport,140,154
Swansea,89,154
Bangor,166,154
Bangor,50,154
Swansea,124,154
Swansea,198,154
Swansea,67,154
Swansea,114,154
Swansea,47,154
Cardiff,146,154
Swansea,31,154
Cardiff,103,154
Newport,174,154
Newport,146,154
Cardiff,161,154
Swansea,191,154
Cardiff,182,154
Bangor,70,154
Cardiff,172,154
Newport,153,154
Cardiff,185,154
Cardiff,182,154
Bangor,191,154
Bangor,160,154
Cardiff,162,154
