City,Quantity,Product_Code
Cardiff,185,112
Swansea,38,112
Newport,102,112
Bangor,124,112
Cardiff,171,112
Bangor,148,112
Newport,61,112
Swansea,96,112
Swansea,50,112
Newport,87,112
Cardiff,132,112
Newport,78,112
Cardiff,89,112
Swansea,187,112
Newport,105,112
Swansea,30,112
Newport,122,112
Swansea,35,112
Bangor,121,112
Bangor,87,112
Bangor,58,112
Cardiff,0,112
Newport,68,112
Bangor,103,112
Swansea,96,112
Newport,178,112
Swansea,139,112
Cardiff,13,112
Cardiff,25,112
Cardiff,190,112
Swansea,36,112
Swansea,76,112
Bangor,19,112
Cardiff,100,112
Newport,146,112
Cardiff,156,112
Cardiff,68,112
Swansea,56,112
Swansea,139,112
Cardiff,31,112
Swansea,111,112
Swansea,125,112
Newport,11,112
Swansea,153,112
Swansea,171,112
Bangor,107,112
Bangor,137,112
Newport,126,112
Cardiff,125,112
Swansea,95,112
Bangor,85,112
Swansea,161,112
Newport,122,112
Bangor,17,112
Swansea,178,112
Newport,15,112
Cardiff,128,112
Newport,146,112
Newport,93,112
Newport,17,112
Swansea,132,112
Newport,52,112
Newport,45,112
Bangor,103,112
Cardiff,56,112
Newport,40,112
Newport,162,112
Bangor,53,112
Bangor,55,112
Newport,68,112
Swansea,174,112
Cardiff,71,112
Cardiff,103,112
Cardiff,117,112
Cardiff,15,112
Newport,80,112
Swansea,18,112
Bangor,71,112
Bangor,77,112
Cardiff,105,112
Bangor,151,112
Swansea,159,112
Swansea,59,112
Swansea,7,112
Newport,105,112
Cardiff,112,112
Newport,80,112
Cardiff,139,112
Swansea,148,112
Swansea,154,112
Swansea,200,112
Cardiff,4,112
Swansea,140,112
Bangor,119,112
Newport,41,112
Bangor,161,112
Bangor,20,112
Swansea,80,112
Bangor,133,112
Newport,67,112
Newport,12,112
Newport,156,112
Cardiff,25,112
Bangor,100,112
Newport,177,112
Bangor,95,112
Swansea,136,112
Cardiff,139,112
Swansea,113,112
Cardiff,124,112
Swansea,176,112
Bangor,4,112
Cardiff,136,112
Bangor,174,112
Bangor,190,112
Bangor,129,112
Bangor,85,112
Swansea,92,112
Bangor,96,112
Bangor,191,112
Newport,125,112
Newport,50,112
Cardiff,146,112
Swansea,184,112
Newport,160,112
Swansea,60,112
Cardiff,96,112
Swansea,106,112
Cardiff,198,112
Cardiff,185,112
Newport,61,112
Bangor,181,112
Newport,78,112
Bangor,18,112
Newport,45,112
Newport,158,112
Bangor,174,112
Bangor,154,112
Bangor,46,112
Newport,19,112
Newport,48,112
Newport,36,112
Bangor,172,112
Swansea,136,112
Bangor,64,112
Bangor,26,112
Bangor,137,112
Cardiff,151,112
Cardiff,43,112
Swansea,70,112
Newport,154,112
Bangor,48,112
Swansea,41,112
Cardiff,87,112
Cardiff,103,112
Swansea,164,112
Swansea,111,112
Swansea,69,112
Newport,112,112
Newport,81,112
Swansea,184,112
Swansea,151,112
Newport,112,112
Newport,98,112
Bangor,29,112
Cardiff,27,112
Bangor,194,112
Newport,31,112
Swansea,127,112
Bangor,124,112
Cardiff,23,112
Bangor,179,112
Bangor,36,112
Newport,46,112
Bangor,136,112
Newport,156,112
Cardiff,11,112
Swansea,155,112
Bangor,62,112
Bangor,93,112
Swansea,164,112
Bangor,148,112
Bangor,181,112
Bangor,147,112
Bangor,26,112
Newport,127,112
Swansea,114,112
Swansea,177,112
Newport,127,112
Cardiff,69,112
Bangor,153,112
Newport,45,112
Cardiff,5,112
Cardiff,32,112
Newport,124,112
Swansea,37,112
Bangor,15,112
Newport,13,112
Newport,186,112
Cardiff,63,112
Bangor,127,112
Swansea,37,112
Cardiff,53,112
Bangor,146,112
Bangor,21,112
Swansea,50,112
Newport,2,112
Newport,108,112
Newport,140,112
Bangor,29,112
Cardiff,129,112
Newport,189,112
Swansea,14,112
Newport,130,112
Cardiff,105,112
Bangor,123,112
Cardiff,125,112
Newport,185,112
Cardiff,57,112
Bangor,137,112
Cardiff,43,112
Bangor,38,112
Cardiff,163,112
Swansea,122,112
Bangor,92,112
Swansea,117,112
Newport,119,112
Cardiff,78,112
Bangor,191,112
Newport,170,112
Cardiff,88,112
Newport,67,112
Newport,191,112
Bangor,172,112
Newport,192,112
Swansea,8,112
Swansea,182,112
Cardiff,30,112
Swansea,55,112
Cardiff,167,112
Bangor,185,112
Cardiff,18,112
Cardiff,30,112
Bangor,76,112
Cardiff,83,112
Newport,37,112
Newport,104,112
Cardiff,57,112
Swansea,132,112
Swansea,165,112
Cardiff,32,112
