City,Quantity,Product_Code
Newport,188,76
Newport,175,76
Newport,74,76
Swansea,50,76
Swansea,120,76
Cardiff,168,76
Bangor,35,76
Newport,61,76
Swansea,97,76
Cardiff,182,76
Swansea,76,76
Swansea,73,76
Cardiff,130,76
Bangor,33,76
Bangor,176,76
Swansea,71,76
Swansea,154,76
Bangor,37,76
Cardiff,7,76
Cardiff,6,76
Bangor,106,76
Cardiff,169,76
Cardiff,87,76
Swansea,180,76
Newport,80,76
Swansea,82,76
Newport,4,76
Newport,26,76
Cardiff,116,76
Cardiff,72,76
Bangor,96,76
Swansea,29,76
Cardiff,109,76
Newport,18,76
Cardiff,137,76
Newport,101,76
Newport,149,76
Cardiff,145,76
Cardiff,150,76
Swansea,76,76
Cardiff,15,76
Bangor,181,76
Cardiff,91,76
Cardiff,177,76
Bangor,180,76
Bangor,63,76
Cardiff,139,76
Cardiff,63,76
Cardiff,57,76
Swansea,91,76
Swansea,180,76
Bangor,126,76
Bangor,24,76
Bangor,75,76
Swansea,38,76
Cardiff,161,76
Newport,57,76
Cardiff,140,76
Newport,105,76
Bangor,152,76
Bangor,185,76
Bangor,163,76
Bangor,42,76
Bangor,148,76
Bangor,13,76
Newport,78,76
Cardiff,77,76
Bangor,130,76
Cardiff,192,76
Cardiff,23,76
Swansea,47,76
Bangor,87,76
Swansea,79,76
Newport,178,76
Newport,124,76
Cardiff,64,76
Cardiff,178,76
Bangor,183,76
Newport,110,76
Newport,196,76
Newport,183,76
Newport,36,76
Bangor,51,76
Bangor,104,76
Cardiff,19,76
Swansea,159,76
Swansea,88,76
Swansea,101,76
Swansea,76,76
Swansea,116,76
Swansea,38,76
Bangor,172,76
Cardiff,190,76
Swansea,76,76
Cardiff,40,76
Swansea,50,76
Cardiff,116,76
Bangor,104,76
Newport,198,76
Swansea,46,76
Cardiff,88,76
Cardiff,161,76
Bangor,178,76
Cardiff,75,76
Swansea,139,76
Cardiff,111,76
Newport,30,76
Cardiff,88,76
Bangor,184,76
Bangor,5,76
Cardiff,151,76
Newport,188,76
Cardiff,175,76
Newport,67,76
Cardiff,116,76
Bangor,117,76
Bangor,24,76
Cardiff,195,76
Bangor,141,76
Bangor,116,76
Swansea,32,76
Cardiff,127,76
Swansea,153,76
Bangor,151,76
Bangor,84,76
Newport,95,76
Cardiff,84,76
Swansea,14,76
Bangor,122,76
Bangor,66,76
Newport,102,76
Newport,117,76
Cardiff,143,76
Cardiff,175,76
Bangor,85,76
Newport,137,76
Cardiff,28,76
Swansea,135,76
Bangor,172,76
Cardiff,52,76
Newport,172,76
Swansea,16,76
Cardiff,121,76
Newport,126,76
Bangor,119,76
Newport,175,76
Newport,62,76
Swansea,97,76
Newport,150,76
Bangor,142,76
Swansea,109,76
Bangor,85,76
Newport,6,76
Newport,45,76
Newport,42,76
Bangor,1,76
Newport,129,76
Bangor,161,76
Swansea,121,76
Swansea,191,76
Swansea,62,76
Newport,86,76
Cardiff,73,76
Newport,38,76
Newport,156,76
Cardiff,198,76
Bangor,44,76
Cardiff,51,76
Swansea,107,76
Bangor,181,76
Cardiff,91,76
Swansea,175,76
Cardiff,49,76
Bangor,116,76
Cardiff,115,76
Cardiff,74,76
Swansea,182,76
Newport,27,76
Swansea,22,76
Swansea,19,76
Cardiff,109,76
Cardiff,82,76
Swansea,103,76
Newport,33,76
Bangor,44,76
Bangor,168,76
Bangor,114,76
Newport,11,76
Bangor,21,76
Swansea,34,76
Newport,79,76
Cardiff,187,76
Newport,107,76
Swansea,88,76
Swansea,186,76
Cardiff,35,76
Swansea,138,76
Bangor,197,76
Cardiff,132,76
Newport,63,76
Bangor,179,76
Bangor,174,76
Newport,198,76
Newport,24,76
Cardiff,159,76
Newport,170,76
Bangor,102,76
Cardiff,101,76
Swansea,54,76
Newport,45,76
Swansea,165,76
Cardiff,119,76
Newport,97,76
Bangor,2,76
Cardiff,139,76
Newport,54,76
Swansea,39,76
Cardiff,68,76
Swansea,2,76
Bangor,53,76
Swansea,108,76
Swansea,114,76
Swansea,65,76
Newport,182,76
Cardiff,8,76
Swansea,105,76
Bangor,107,76
Bangor,107,76
Swansea,21,76
Swansea,148,76
Newport,113,76
Newport,174,76
Swansea,94,76
Cardiff,54,76
Bangor,48,76
Newport,73,76
Newport,168,76
Swansea,177,76
Cardiff,40,76
Cardiff,44,76
Swansea,137,76
Cardiff,110,76
Newport,40,76
Bangor,199,76
Bangor,139,76
Bangor,36,76
Cardiff,124,76
Bangor,101,76
Cardiff,168,76
Swansea,184,76
Newport,14,76
