City,Quantity,Product_Code
Cardiff,195,151
Newport,188,151
Newport,61,151
Newport,6,151
Bangor,86,151
Newport,8,151
Bangor,195,151
Cardiff,142,151
Newport,178,151
Bangor,93,151
Newport,25,151
Bangor,154,151
Newport,173,151
Newport,120,151
Bangor,12,151
Newport,64,151
Bangor,97,151
Newport,121,151
Cardiff,171,151
Newport,107,151
Swansea,88,151
Swansea,98,151
Cardiff,105,151
Newport,112,151
Newport,122,151
Cardiff,92,151
Swansea,93,151
Cardiff,61,151
Cardiff,36,151
Bangor,152,151
Bangor,110,151
Swansea,124,151
Bangor,43,151
Newport,44,151
Bangor,143,151
Newport,54,151
Cardiff,51,151
Cardiff,67,151
Swansea,28,151
Bangor,42,151
Swansea,132,151
Cardiff,152,151
Newport,197,151
Bangor,50,151
Newport,88,151
Swansea,52,151
Cardiff,110,151
Newport,113,151
Bangor,51,151
Bangor,99,151
Newport,186,151
Cardiff,122,151
Bangor,115,151
Cardiff,44,151
Newport,2,151
Swansea,72,151
Cardiff,180,151
Bangor,178,151
Swansea,188,151
Newport,58,151
Bangor,158,151
Cardiff,163,151
Cardiff,45,151
Swansea,31,151
Swansea,164,151
Newport,189,151
Swansea,151,151
Swansea,89,151
Cardiff,64,151
Bangor,144,151
Cardiff,167,151
Swansea,121,151
Cardiff,108,151
Bangor,76,151
Swansea,188,151
Newport,56,151
Newport,72,151
Newport,191,151
Bangor,107,151
Cardiff,119,151
Newport,163,151
Bangor,96,151
Cardiff,83,151
Newport,125,151
Swansea,29,151
Cardiff,164,151
Swansea,96,151
Swansea,192,151
Newport,156,151
Newport,41,151
Swansea,100,151
Swansea,74,151
Swansea,116,151
Bangor,10,151
Newport,46,151
Swansea,80,151
Newport,67,151
Bangor,60,151
Newport,184,151
Cardiff,183,151
Swansea,50,151
Cardiff,68,151
Cardiff,42,151
Swansea,130,151
Newport,74,151
Cardiff,34,151
Swansea,155,151
Cardiff,32,151
Bangor,42,151
Swansea,15,151
Swansea,187,151
Bangor,122,151
Newport,112,151
Bangor,26,151
Swansea,84,151
Swansea,101,151
Swansea,67,151
Swansea,5,151
Swansea,24,151
Cardiff,79,151
Bangor,95,151
Swansea,164,151
Swansea,144,151
Newport,102,151
Bangor,103,151
Swansea,118,151
Cardiff,177,151
Swansea,84,151
Bangor,76,151
Newport,73,151
Newport,158,151
Cardiff,24,151
Bangor,183,151
Cardiff,118,151
Swansea,75,151
Newport,93,151
Bangor,20,151
Cardiff,82,151
Newport,51,151
Newport,23,151
Swansea,143,151
Swansea,66,151
Cardiff,80,151
Swansea,38,151
Cardiff,176,151
Bangor,102,151
Swansea,92,151
Bangor,19,151
Newport,83,151
Cardiff,109,151
Cardiff,81,151
Bangor,187,151
Cardiff,77,151
Newport,143,151
Bangor,17,151
Swansea,147,151
Swansea,15,151
Bangor,171,151
Cardiff,89,151
Cardiff,131,151
Bangor,176,151
Bangor,5,151
Cardiff,80,151
Bangor,135,151
Bangor,106,151
Swansea,70,151
Newport,67,151
Bangor,130,151
Newport,87,151
Bangor,106,151
Newport,70,151
Newport,157,151
Swansea,167,151
Newport,12,151
Swansea,115,151
Newport,191,151
Cardiff,29,151
Swansea,105,151
Newport,166,151
Swansea,179,151
Swansea,89,151
Newport,12,151
Bangor,80,151
Newport,86,151
Cardiff,153,151
Bangor,59,151
Cardiff,15,151
Cardiff,27,151
Newport,10,151
Cardiff,45,151
Cardiff,91,151
Newport,194,151
Bangor,20,151
Swansea,198,151
Bangor,76,151
Newport,61,151
Cardiff,171,151
Swansea,66,151
Newport,145,151
Newport,82,151
Swansea,155,151
Newport,151,151
Bangor,58,151
Swansea,139,151
Swansea,75,151
Bangor,133,151
Newport,153,151
Bangor,155,151
Swansea,93,151
Cardiff,97,151
Bangor,99,151
Bangor,159,151
Bangor,168,151
Swansea,38,151
Cardiff,70,151
Bangor,113,151
Newport,111,151
Swansea,195,151
Bangor,107,151
Newport,163,151
Swansea,68,151
Cardiff,134,151
Newport,187,151
Bangor,107,151
Swansea,130,151
Bangor,116,151
Swansea,129,151
Newport,167,151
Newport,103,151
Newport,57,151
Swansea,99,151
Cardiff,184,151
Swansea,38,151
Swansea,7,151
Cardiff,195,151
Bangor,129,151
Newport,128,151
Cardiff,145,151
Swansea,142,151
Cardiff,55,151
Bangor,71,151
Cardiff,117,151
Bangor,136,151
Swansea,152,151
Swansea,65,151
Swansea,130,151
Cardiff,181,151
Cardiff,46,151
Swansea,137,151
Newport,175,151
Bangor,122,151
