City,Quantity,Product_Code
Swansea,85,1
Newport,157,1
Swansea,150,1
Cardiff,190,1
Cardiff,12,1
Newport,85,1
Bangor,103,1
Bangor,183,1
Newport,28,1
Bangor,8,1
Bangor,16,1
Cardiff,142,1
Swansea,189,1
Swansea,89,1
Bangor,78,1
Newport,160,1
Cardiff,5,1
Cardiff,78,1
Bangor,4,1
Newport,107,1
Swansea,198,1
Swansea,148,1
Swansea,34,1
Bangor,126,1
Cardiff,16,1
Bangor,85,1
Newport,98,1
Cardiff,34,1
Swansea,97,1
Bangor,136,1
Bangor,116,1
Cardiff,181,1
Swansea,38,1
Bangor,58,1
Cardiff,9,1
Swansea,57,1
Bangor,111,1
Cardiff,161,1
Swansea,132,1
Swansea,192,1
Newport,87,1
Swansea,173,1
Swansea,66,1
Swansea,14,1
Newport,10,1
Newport,83,1
Newport,25,1
Cardiff,14,1
Swansea,1,1
Newport,2,1
Newport,22,1
Swansea,18,1
Cardiff,76,1
Swansea,180,1
Cardiff,107,1
Bangor,189,1
Newport,41,1
Swansea,179,1
Newport,63,1
Newport,164,1
Bangor,71,1
Cardiff,91,1
Cardiff,2,1
Newport,159,1
Newport,5,1
Swansea,79,1
Newport,128,1
Cardiff,113,1
Swansea,7,1
Bangor,21,1
Bangor,129,1
Swansea,93,1
Bangor,157,1
Cardiff,4,1
Newport,34,1
Swansea,134,1
Bangor,133,1
Cardiff,4,1
Cardiff,12,1
Swansea,139,1
Bangor,192,1
Bangor,61,1
Newport,76,1
Bangor,80,1
Cardiff,66,1
Bangor,167,1
Swansea,25,1
Cardiff,169,1
Swansea,88,1
Cardiff,46,1
Swansea,21,1
Newport,59,1
Cardiff,125,1
Bangor,6,1
Cardiff,44,1
Swansea,131,1
Bangor,64,1
Cardiff,74,1
Cardiff,75,1
Cardiff,91,1
Bangor,32,1
Cardiff,90,1
Cardiff,118,1
Cardiff,45,1
Bangor,101,1
Cardiff,77,1
Newport,194,1
Newport,80,1
Cardiff,74,1
Bangor,15,1
Bangor,44,1
Newport,34,1
Swansea,2,1
Cardiff,116,1
Cardiff,37,1
Newport,121,1
Newport,1,1
Swansea,30,1
Newport,152,1
Swansea,158,1
Swansea,4,1
Swansea,198,1
Swansea,105,1
Newport,186,1
Newport,117,1
Swansea,79,1
Bangor,156,1
Bangor,196,1
Newport,21,1
Cardiff,60,1
Bangor,24,1
Cardiff,95,1
Swansea,80,1
Cardiff,177,1
Bangor,29,1
Newport,171,1
Bangor,169,1
Bangor,27,1
Cardiff,11,1
Cardiff,162,1
Newport,187,1
Cardiff,28,1
Newport,7,1
Cardiff,189,1
Bangor,38,1
Newport,189,1
Newport,2,1
Newport,130,1
Newport,80,1
Cardiff,87,1
Bangor,81,1
Bangor,138,1
Newport,172,1
Swansea,115,1
Cardiff,52,1
Bangor,135,1
Bangor,1,1
Swansea,110,1
Cardiff,35,1
Swansea,186,1
Cardiff,103,1
Newport,173,1
Swansea,120,1
Newport,45,1
Bangor,12,1
Bangor,186,1
Swansea,125,1
Cardiff,145,1
Newport,63,1
Newport,198,1
Bangor,178,1
Cardiff,93,1
Bangor,19,1
Swansea,93,1
Bangor,4,1
Swansea,133,1
Newport,101,1
Newport,173,1
Swansea,97,1
Bangor,49,1
Cardiff,41,1
Newport,109,1
Bangor,139,1
Cardiff,179,1
Swansea,42,1
Newport,10,1
Swansea,47,1
Newport,181,1
Swansea,114,1
Cardiff,115,1
Swansea,114,1
Bangor,137,1
Newport,100,1
Newport,11,1
Cardiff,193,1
Swansea,100,1
Newport,198,1
Swansea,64,1
Cardiff,81,1
Cardiff,36,1
Swansea,17,1
Bangor,50,1
Swansea,109,1
Newport,67,1
Swansea,95,1
Swansea,192,1
Cardiff,72,1
Bangor,151,1
Cardiff,127,1
Bangor,65,1
Bangor,32,1
Bangor,61,1
Newport,179,1
Newport,191,1
Cardiff,32,1
Cardiff,127,1
Cardiff,108,1
Swansea,92,1
Swansea,89,1
Bangor,184,1
Cardiff,121,1
Bangor,115,1
Swansea,166,1
Newport,178,1
Swansea,190,1
Bangor,185,1
Swansea,57,1
Cardiff,176,1
Newport,115,1
Newport,54,1
Swansea,87,1
Cardiff,93,1
Newport,105,1
Newport,30,1
Cardiff,169,1
Swansea,1,1
Newport,176,1
Bangor,168,1
Newport,46,1
Bangor,1,1
Bangor,30,1
Bangor,59,1
Bangor,182,1
Swansea,51,1
Cardiff,74,1
Newport,37,1
Newport,195,1
Cardiff,184,1
Bangor,89,1
Newport,35,1
Bangor,198,1
