City,Quantity,Product_Code
Cardiff,69,13
Swansea,17,13
Cardiff,8,13
Swansea,46,13
Bangor,58,13
Cardiff,152,13
Bangor,190,13
Cardiff,180,13
Cardiff,120,13
Cardiff,179,13
Newport,49,13
Newport,181,13
Bangor,99,13
Swansea,87,13
Swansea,123,13
Newport,140,13
Newport,171,13
Cardiff,156,13
Newport,2,13
Newport,166,13
Cardiff,7,13
Swansea,99,13
Swansea,56,13
Bangor,112,13
Cardiff,99,13
Newport,34,13
Cardiff,106,13
Bangor,180,13
Cardiff,82,13
Cardiff,167,13
Newport,38,13
Swansea,87,13
Cardiff,196,13
Bangor,39,13
Swansea,12,13
Bangor,110,13
Cardiff,108,13
Swansea,159,13
Newport,147,13
Newport,139,13
Cardiff,22,13
Bangor,48,13
Newport,80,13
Bangor,148,13
Cardiff,92,13
Cardiff,90,13
Bangor,31,13
Bangor,142,13
Swansea,28,13
Bangor,77,13
Swansea,62,13
Cardiff,192,13
Bangor,41,13
Bangor,1,13
Newport,186,13
Bangor,148,13
Newport,95,13
Swansea,71,13
Bangor,97,13
Bangor,133,13
Newport,85,13
Newport,184,13
Bangor,14,13
Swansea,67,13
Bangor,57,13
Bangor,100,13
Swansea,127,13
Swansea,197,13
Swansea,112,13
Newport,12,13
Cardiff,157,13
Bangor,65,13
Cardiff,164,13
Cardiff,69,13
Cardiff,97,13
Swansea,20,13
Swansea,83,13
Bangor,25,13
Newport,57,13
Swansea,82,13
Cardiff,144,13
Cardiff,14,13
Cardiff,179,13
Bangor,188,13
Swansea,32,13
Newport,8,13
Swansea,10,13
Newport,125,13
Newport,8,13
Bangor,42,13
Newport,192,13
Cardiff,43,13
Bangor,150,13
Newport,196,13
Newport,185,13
Cardiff,180,13
Swansea,84,13
Cardiff,9,13
Cardiff,61,13
Swansea,152,13
Newport,190,13
Bangor,142,13
Bangor,52,13
Swansea,7,13
Bangor,102,13
Bangor,98,13
Bangor,195,13
Swansea,59,13
Cardiff,41,13
Newport,12,13
Bangor,121,13
Swansea,121,13
Swansea,36,13
Newport,179,13
Cardiff,115,13
Bangor,174,13
Cardiff,115,13
Bangor,68,13
Cardiff,6,13
Swansea,19,13
Bangor,164,13
Cardiff,151,13
Newport,120,13
Newport,28,13
Newport,37,13
Swansea,142,13
Newport,94,13
Newport,137,13
Swansea,115,13
Swansea,62,13
Cardiff,155,13
Bangor,189,13
Cardiff,56,13
Cardiff,179,13
Bangor,152,13
Swansea,31,13
Cardiff,141,13
Cardiff,13,13
Newport,91,13
Swansea,100,13
Cardiff,137,13
Newport,176,13
Swansea,43,13
Swansea,137,13
Bangor,185,13
Swansea,105,13
Bangor,198,13
Swansea,140,13
Swansea,111,13
Cardiff,150,13
Cardiff,95,13
Cardiff,55,13
Bangor,26,13
Swansea,105,13
Newport,80,13
Swansea,183,13
Cardiff,0,13
Swansea,108,13
Swansea,24,13
Newport,59,13
Newport,80,13
Cardiff,49,13
Bangor,12,13
Cardiff,27,13
Cardiff,159,13
Newport,0,13
Cardiff,101,13
Swansea,66,13
Newport,23,13
Cardiff,170,13
Cardiff,37,13
Swansea,28,13
Bangor,31,13
Newport,48,13
Cardiff,94,13
Newport,10,13
Cardiff,65,13
Bangor,175,13
Swansea,141,13
Swansea,29,13
Swansea,26,13
Swansea,144,13
Newport,152,13
Cardiff,129,13
Cardiff,54,13
Bangor,38,13
Bangor,49,13
Bangor,137,13
Bangor,127,13
Swansea,57,13
Swansea,19,13
Bangor,8,13
Newport,77,13
Cardiff,80,13
Cardiff,112,13
Newport,41,13
Swansea,39,13
Cardiff,91,13
Cardiff,54,13
Cardiff,187,13
Swansea,150,13
Swansea,179,13
Newport,28,13
Bangor,54,13
Newport,71,13
Bangor,33,13
Newport,57,13
Bangor,91,13
Bangor,166,13
Newport,190,13
Bangor,9,13
Newport,187,13
Bangor,14,13
Bangor,153,13
Cardiff,160,13
Swansea,65,13
Newport,73,13
Newport,175,13
Bangor,68,13
Bangor,18,13
Swansea,159,13
Swansea,169,13
Cardiff,162,13
Swansea,148,13
Cardiff,137,13
Swansea,53,13
Newport,187,13
Swansea,145,13
Cardiff,26,13
Cardiff,175,13
Bangor,171,13
Bangor,3,13
Newport,65,13
Swansea,117,13
Bangor,98,13
Cardiff,178,13
Newport,84,13
Swansea,36,13
Bangor,115,13
Bangor,133,13
Newport,70,13
Bangor,81,13
Swansea,35,13
Swansea,166,13
Cardiff,23,13
Swansea,131,13
Newport,46,13
Newport,93,13
Bangor,78,13
Swansea,65,13
Bangor,66,13
