City,Quantity,Product_Code
Cardiff,1,190
Swansea,98,190
Bangor,2,190
Cardiff,116,190
Swansea,189,190
Bangor,5,190
Cardiff,176,190
Swansea,125,190
Bangor,53,190
Cardiff,165,190
Swansea,191,190
Swansea,14,190
Newport,148,190
Swansea,51,190
Newport,4,190
Swansea,67,190
Cardiff,143,190
Newport,14,190
Bangor,90,190
Swansea,66,190
Cardiff,7,190
Cardiff,71,190
Newport,19,190
Newport,60,190
Bangor,99,190
Newport,15,190
Bangor,126,190
Swansea,0,190
Newport,32,190
Cardiff,30,190
Newport,117,190
Bangor,180,190
Bangor,48,190
Swansea,10,190
Cardiff,161,190
Swansea,188,190
Newport,136,190
Cardiff,34,190
Newport,156,190
Swansea,51,190
Bangor,118,190
Swansea,148,190
Bangor,7,190
Swansea,142,190
Cardiff,114,190
Bangor,96,190
Swansea,102,190
Newport,101,190
Newport,127,190
Newport,100,190
Newport,62,190
Newport,16,190
Newport,122,190
Cardiff,20,190
Bangor,133,190
Bangor,178,190
Swansea,85,190
Bangor,75,190
Bangor,48,190
Newport,57,190
Bangor,11,190
Bangor,134,190
Bangor,50,190
Cardiff,200,190
Newport,138,190
Newport,16,190
Newport,131,190
Cardiff,24,190
Newport,149,190
Cardiff,76,190
Bangor,173,190
Swansea,71,190
Newport,112,190
Bangor,170,190
Swansea,124,190
Cardiff,162,190
Newport,73,190
Cardiff,63,190
Bangor,179,190
Swansea,80,190
Swansea,75,190
Cardiff,82,190
Newport,14,190
Bangor,126,190
Cardiff,121,190
Cardiff,85,190
Bangor,92,190
Bangor,124,190
Newport,49,190
Swansea,40,190
Cardiff,32,190
Newport,106,190
Bangor,63,190
Newport,200,190
Swansea,12,190
Cardiff,118,190
Swansea,105,190
Newport,22,190
Swansea,64,190
Cardiff,6,190
Bangor,179,190
Newport,50,190
Newport,24,190
Cardiff,24,190
Newport,181,190
Newport,84,190
Swansea,93,190
Newport,148,190
Bangor,167,190
Cardiff,130,190
Cardiff,92,190
Bangor,78,190
Newport,182,190
Swansea,16,190
Swansea,24,190
Bangor,167,190
Bangor,182,190
Cardiff,1,190
Cardiff,68,190
Cardiff,65,190
Swansea,147,190
Bangor,119,190
Swansea,195,190
Newport,89,190
Swansea,82,190
Cardiff,32,190
Newport,32,190
Bangor,134,190
Bangor,164,190
Cardiff,170,190
Cardiff,143,190
Swansea,33,190
Cardiff,128,190
Bangor,106,190
Newport,34,190
Cardiff,28,190
Swansea,38,190
Newport,176,190
Bangor,24,190
Swansea,23,190
Cardiff,115,190
Cardiff,53,190
Newport,68,190
Cardiff,145,190
Bangor,52,190
Bangor,0,190
Newport,27,190
Newport,143,190
Cardiff,107,190
Cardiff,94,190
Bangor,145,190
Bangor,143,190
Swansea,95,190
Cardiff,191,190
Cardiff,122,190
Newport,83,190
Cardiff,28,190
Bangor,172,190
Newport,96,190
Bangor,93,190
Cardiff,122,190
Swansea,160,190
Swansea,190,190
Cardiff,194,190
Cardiff,196,190
Cardiff,190,190
Swansea,92,190
Bangor,117,190
Cardiff,10,190
Cardiff,89,190
Newport,200,190
Cardiff,61,190
Cardiff,70,190
Cardiff,101,190
Bangor,17,190
Cardiff,161,190
Cardiff,97,190
Newport,107,190
Swansea,161,190
Bangor,77,190
Newport,152,190
Cardiff,95,190
Cardiff,57,190
Newport,80,190
Swansea,96,190
Bangor,195,190
Cardiff,138,190
Newport,83,190
Swansea,116,190
Swansea,18,190
Cardiff,53,190
Newport,183,190
Newport,109,190
Bangor,174,190
Swansea,61,190
Bangor,198,190
Newport,88,190
Newport,12,190
Swansea,61,190
Newport,112,190
Cardiff,53,190
Bangor,193,190
Newport,10,190
Swansea,61,190
Newport,48,190
Bangor,197,190
Newport,5,190
Newport,59,190
Swansea,145,190
Swansea,168,190
Bangor,177,190
Swansea,172,190
Cardiff,89,190
Bangor,16,190
Newport,141,190
Cardiff,186,190
Swansea,174,190
Newport,2,190
Bangor,138,190
Cardiff,2,190
Swansea,8,190
Bangor,149,190
Swansea,76,190
Bangor,124,190
Swansea,182,190
Swansea,124,190
Bangor,11,190
Bangor,13,190
Bangor,35,190
Swansea,127,190
Bangor,162,190
Newport,170,190
Bangor,125,190
Cardiff,126,190
Swansea,159,190
Newport,116,190
Bangor,198,190
Cardiff,72,190
Bangor,62,190
Cardiff,142,190
Newport,159,190
Newport,42,190
Bangor,180,190
Swansea,179,190
Newport,165,190
Newport,81,190
Newport,174,190
Cardiff,62,190
Cardiff,50,190
Cardiff,80,190
Newport,34,190
