City,Quantity,Product_Code
Newport,133,38
Cardiff,119,38
Newport,105,38
Swansea,14,38
Cardiff,69,38
Cardiff,200,38
Newport,122,38
Cardiff,180,38
Cardiff,169,38
Bangor,35,38
Newport,100,38
Swansea,53,38
Bangor,105,38
Bangor,148,38
Swansea,126,38
Bangor,56,38
Cardiff,148,38
Swansea,178,38
Bangor,109,38
Swansea,106,38
Cardiff,33,38
Newport,17,38
Swansea,73,38
Swansea,37,38
Bangor,145,38
Cardiff,126,38
Cardiff,161,38
Bangor,170,38
Newport,135,38
Newport,138,38
Newport,13,38
Newport,160,38
Bangor,178,38
Newport,45,38
Newport,102,38
Swansea,29,38
Cardiff,0,38
Swansea,95,38
Bangor,91,38
Newport,157,38
Bangor,50,38
Bangor,79,38
Newport,108,38
Cardiff,164,38
Cardiff,68,38
Bangor,163,38
Swansea,106,38
Swansea,125,38
Cardiff,74,38
Bangor,49,38
Bangor,31,38
Swansea,79,38
Swansea,61,38
Cardiff,197,38
Newport,51,38
Swansea,32,38
Newport,163,38
Swansea,114,38
Bangor,69,38
Bangor,175,38
Newport,158,38
Bangor,89,38
Bangor,42,38
Swansea,47,38
Swansea,70,38
Newport,192,38
Newport,40,38
Swansea,59,38
Cardiff,131,38
Newport,64,38
Cardiff,90,38
Swansea,118,38
Cardiff,171,38
Cardiff,149,38
Bangor,119,38
Swansea,198,38
Newport,70,38
Bangor,117,38
Bangor,104,38
Swansea,107,38
Swansea,76,38
Bangor,170,38
Newport,82,38
Cardiff,183,38
Swansea,155,38
Bangor,100,38
Newport,115,38
Swansea,43,38
Newport,118,38
Newport,93,38
Cardiff,65,38
Cardiff,41,38
Newport,76,38
Swansea,36,38
Swansea,178,38
Swansea,143,38
Cardiff,25,38
Newport,155,38
Cardiff,39,38
Newport,68,38
Cardiff,197,38
Newport,90,38
Bangor,155,38
Swansea,7,38
Bangor,0,38
Cardiff,105,38
Bangor,72,38
Swansea,190,38
Swansea,54,38
Newport,5,38
Cardiff,35,38
Cardiff,177,38
Cardiff,36,38
Cardiff,168,38
Newport,155,38
Bangor,71,38
Cardiff,153,38
Cardiff,58,38
Newport,78,38
Bangor,154,38
Newport,70,38
Cardiff,174,38
Newport,26,38
Newport,186,38
Newport,143,38
Cardiff,105,38
Bangor,45,38
Swansea,131,38
Newport,72,38
Bangor,85,38
Bangor,26,38
Swansea,72,38
Cardiff,29,38
Swansea,85,38
Bangor,36,38
Swansea,191,38
Newport,137,38
Cardiff,117,38
Cardiff,53,38
Bangor,156,38
Newport,128,38
Bangor,91,38
Cardiff,67,38
Bangor,82,38
Bangor,170,38
Bangor,17,38
Cardiff,27,38
Swansea,21,38
Newport,104,38
Cardiff,110,38
Newport,48,38
Swansea,32,38
Cardiff,102,38
Swansea,5,38
Swansea,140,38
Bangor,169,38
Cardiff,92,38
Bangor,118,38
Bangor,45,38
Bangor,98,38
Bangor,24,38
Bangor,117,38
Cardiff,182,38
Swansea,94,38
Bangor,121,38
Newport,5,38
Cardiff,89,38
Newport,153,38
Swansea,178,38
Newport,119,38
Bangor,178,38
Bangor,5,38
Newport,35,38
Newport,101,38
Cardiff,102,38
Cardiff,134,38
Swansea,178,38
Cardiff,58,38
Bangor,127,38
Cardiff,32,38
Newport,155,38
Swansea,120,38
Cardiff,137,38
Newport,123,38
Bangor,37,38
Cardiff,155,38
Swansea,149,38
Newport,194,38
Newport,163,38
Bangor,103,38
Swansea,196,38
Newport,68,38
Newport,35,38
Bangor,20,38
Newport,165,38
Cardiff,27,38
Swansea,189,38
Bangor,102,38
Swansea,193,38
Newport,33,38
Newport,1,38
Newport,194,38
Cardiff,117,38
Bangor,74,38
Swansea,77,38
Cardiff,148,38
Bangor,76,38
Newport,182,38
Swansea,153,38
Swansea,182,38
Cardiff,181,38
Newport,148,38
Bangor,78,38
Cardiff,76,38
Swansea,72,38
Swansea,176,38
Bangor,153,38
Cardiff,21,38
Cardiff,160,38
Swansea,87,38
Bangor,151,38
Bangor,57,38
Newport,163,38
Newport,2,38
Swansea,134,38
Bangor,64,38
Newport,190,38
Newport,44,38
Bangor,140,38
Cardiff,115,38
Newport,90,38
Swansea,10,38
Bangor,20,38
Newport,147,38
Bangor,27,38
Cardiff,158,38
Swansea,186,38
Newport,94,38
Swansea,200,38
Newport,96,38
Swansea,143,38
Newport,137,38
Cardiff,12,38
Bangor,155,38
Bangor,66,38
Bangor,191,38
Newport,102,38
Bangor,13,38
Newport,188,38
Swansea,200,38
Cardiff,54,38
