City,Quantity,Product_Code
Newport,26,59
Bangor,131,59
Newport,149,59
Cardiff,144,59
Newport,126,59
Newport,69,59
Newport,157,59
Cardiff,57,59
Swansea,78,59
Cardiff,165,59
Newport,83,59
Newport,147,59
Newport,131,59
Newport,36,59
Newport,172,59
Swansea,75,59
Bangor,47,59
Swansea,76,59
Newport,170,59
Bangor,83,59
Bangor,74,59
Newport,166,59
Newport,32,59
Cardiff,8,59
Newport,39,59
Swansea,76,59
Bangor,11,59
Swansea,154,59
Bangor,123,59
Swansea,138,59
Bangor,164,59
Swansea,147,59
Newport,128,59
Bangor,40,59
Swansea,146,59
Cardiff,91,59
Cardiff,172,59
Cardiff,159,59
Newport,72,59
Cardiff,161,59
Bangor,30,59
Newport,56,59
Bangor,88,59
Cardiff,174,59
Bangor,18,59
Cardiff,151,59
Swansea,183,59
Newport,30,59
Newport,74,59
Newport,81,59
Cardiff,58,59
Swansea,56,59
Bangor,59,59
Newport,28,59
Newport,88,59
Bangor,124,59
Bangor,124,59
Swansea,199,59
Newport,15,59
Bangor,55,59
Swansea,180,59
Newport,187,59
Bangor,193,59
Newport,94,59
Bangor,142,59
Cardiff,131,59
Cardiff,108,59
Newport,64,59
Newport,161,59
Cardiff,132,59
Newport,187,59
Bangor,116,59
Newport,80,59
Cardiff,17,59
Bangor,1,59
Cardiff,33,59
Cardiff,22,59
Cardiff,102,59
Bangor,23,59
Cardiff,138,59
Newport,174,59
Swansea,33,59
Bangor,13,59
Cardiff,17,59
Cardiff,29,59
Newport,88,59
Swansea,179,59
Bangor,151,59
Swansea,16,59
Swansea,43,59
Bangor,95,59
Cardiff,186,59
Swansea,193,59
Swansea,74,59
Swansea,138,59
Swansea,48,59
Newport,41,59
Bangor,178,59
Cardiff,137,59
Bangor,148,59
Newport,74,59
Cardiff,125,59
Swansea,122,59
Swansea,154,59
Bangor,64,59
Newport,92,59
Newport,12,59
Newport,23,59
Cardiff,117,59
Swansea,184,59
Newport,58,59
Swansea,153,59
Cardiff,180,59
Cardiff,143,59
Swansea,168,59
Newport,157,59
Bangor,100,59
Cardiff,18,59
Newport,148,59
Swansea,165,59
Newport,134,59
Swansea,181,59
Cardiff,53,59
Swansea,108,59
Cardiff,1,59
Swansea,148,59
Swansea,150,59
Newport,73,59
Swansea,34,59
Newport,133,59
Newport,108,59
Bangor,123,59
Cardiff,183,59
Swansea,121,59
Bangor,71,59
Cardiff,187,59
Newport,147,59
Newport,187,59
Newport,188,59
Newport,20,59
Swansea,44,59
Cardiff,20,59
Newport,102,59
Cardiff,178,59
Newport,129,59
Cardiff,27,59
Newport,19,59
Newport,171,59
Bangor,24,59
Cardiff,55,59
Swansea,106,59
Newport,118,59
Newport,3,59
Swansea,9,59
Bangor,139,59
Cardiff,35,59
Cardiff,68,59
Bangor,193,59
Newport,200,59
Bangor,146,59
Swansea,32,59
Bangor,70,59
Cardiff,49,59
Newport,152,59
Cardiff,180,59
Swansea,175,59
Cardiff,37,59
Swansea,65,59
Cardiff,72,59
Bangor,111,59
Cardiff,196,59
Cardiff,139,59
Swansea,5,59
Swansea,92,59
Newport,53,59
Newport,173,59
Bangor,107,59
Bangor,33,59
Bangor,199,59
Cardiff,1,59
Swansea,115,59
Newport,51,59
Bangor,95,59
Cardiff,39,59
Swansea,25,59
Cardiff,164,59
Swansea,49,59
Swansea,101,59
Newport,18,59
Cardiff,200,59
Bangor,54,59
Bangor,189,59
Bangor,78,59
Cardiff,163,59
Cardiff,63,59
Newport,99,59
Cardiff,6,59
Cardiff,68,59
Newport,86,59
Bangor,36,59
Cardiff,62,59
Cardiff,195,59
Bangor,163,59
Cardiff,149,59
Cardiff,14,59
Cardiff,114,59
Bangor,2,59
Cardiff,82,59
Newport,170,59
Cardiff,143,59
Bangor,67,59
Newport,143,59
Swansea,157,59
Newport,55,59
Newport,179,59
Bangor,26,59
Swansea,136,59
Newport,147,59
Cardiff,0,59
Bangor,155,59
Cardiff,78,59
Bangor,127,59
Newport,98,59
Newport,57,59
Swansea,195,59
Newport,62,59
Swansea,75,59
Bangor,55,59
Bangor,46,59
Newport,130,59
Newport,93,59
Cardiff,66,59
Newport,46,59
Cardiff,91,59
Cardiff,159,59
Cardiff,118,59
Newport,162,59
Newport,48,59
Newport,152,59
Newport,167,59
Bangor,122,59
Newport,5,59
Newport,62,59
Bangor,39,59
Swansea,10,59
Bangor,182,59
Newport,154,59
Swansea,58,59
Newport,7,59
Bangor,119,59
Newport,132,59
