City,Quantity,Product_Code
Bangor,67,158
Cardiff,110,158
Newport,6,158
Newport,136,158
Newport,45,158
Cardiff,28,158
Newport,87,158
Cardiff,128,158
Newport,147,158
Bangor,126,158
Cardiff,51,158
Cardiff,114,158
Swansea,92,158
Cardiff,59,158
Newport,41,158
Cardiff,145,158
Swansea,31,158
Bangor,162,158
Newport,24,158
Newport,127,158
Swansea,188,158
Newport,65,158
Cardiff,14,158
Swansea,46,158
Swansea,196,158
Swansea,176,158
Bangor,88,158
Newport,136,158
Swansea,27,158
Newport,14,158
Swansea,116,158
Bangor,183,158
Swansea,53,158
Bangor,20,158
Newport,76,158
Newport,49,158
Cardiff,87,158
Newport,18,158
Swansea,158,158
Bangor,151,158
Newport,121,158
Cardiff,152,158
Swansea,45,158
Swansea,11,158
Newport,56,158
Bangor,113,158
Newport,28,158
Newport,122,158
Bangor,153,158
Cardiff,145,158
Swansea,66,158
Cardiff,47,158
Bangor,88,158
Swansea,184,158
Swansea,156,158
Cardiff,197,158
Swansea,103,158
Swansea,39,158
Bangor,191,158
Newport,65,158
Swansea,198,158
Bangor,140,158
Cardiff,83,158
Swansea,37,158
Cardiff,166,158
Cardiff,156,158
Swansea,153,158
Cardiff,132,158
Newport,132,158
Cardiff,45,158
Newport,26,158
Cardiff,30,158
Bangor,196,158
Newport,7,158
Swansea,67,158
Newport,148,158
Newport,121,158
Bangor,116,158
Bangor,143,158
Newport,149,158
Newport,162,158
Swansea,28,158
Swansea,140,158
Newport,41,158
Cardiff,56,158
Newport,15,158
Newport,198,158
Bangor,81,158
Newport,138,158
Newport,166,158
Swansea,188,158
Swansea,168,158
Cardiff,2,158
Bangor,10,158
Bangor,126,158
Bangor,197,158
Cardiff,164,158
Newport,115,158
Newport,137,158
Cardiff,51,158
Cardiff,12,158
Newport,116,158
Newport,10,158
Swansea,13,158
Bangor,184,158
Bangor,156,158
Cardiff,110,158
Swansea,33,158
Cardiff,116,158
Bangor,155,158
Swansea,16,158
Swansea,109,158
Swansea,163,158
Cardiff,21,158
Newport,20,158
Bangor,31,158
Newport,1,158
Cardiff,40,158
Cardiff,69,158
Cardiff,135,158
Swansea,179,158
Swansea,179,158
Bangor,168,158
Swansea,167,158
Newport,53,158
Newport,175,158
Newport,189,158
Swansea,50,158
Cardiff,133,158
Cardiff,115,158
Bangor,121,158
Newport,22,158
Newport,187,158
Bangor,99,158
Newport,149,158
Cardiff,68,158
Swansea,19,158
Bangor,140,158
Cardiff,43,158
Newport,106,158
Newport,27,158
Bangor,152,158
Newport,73,158
Swansea,101,158
Swansea,196,158
Bangor,107,158
Bangor,110,158
Cardiff,43,158
Newport,151,158
Bangor,5,158
Cardiff,91,158
Swansea,184,158
Cardiff,164,158
Newport,0,158
Bangor,146,158
Cardiff,188,158
Newport,133,158
Newport,24,158
Cardiff,177,158
Bangor,12,158
Cardiff,153,158
Bangor,109,158
Newport,29,158
Swansea,45,158
Swansea,38,158
Newport,153,158
Newport,159,158
Newport,109,158
Bangor,40,158
Bangor,91,158
Cardiff,29,158
Swansea,22,158
Cardiff,22,158
Bangor,105,158
Newport,164,158
Newport,90,158
Newport,136,158
Newport,184,158
Swansea,193,158
Newport,152,158
Cardiff,72,158
Newport,138,158
Swansea,183,158
Bangor,26,158
Swansea,127,158
Swansea,63,158
Cardiff,72,158
Swansea,2,158
Bangor,73,158
Swansea,34,158
Cardiff,11,158
Newport,99,158
Newport,154,158
Cardiff,162,158
Newport,82,158
Swansea,136,158
Bangor,0,158
Newport,110,158
Newport,88,158
Newport,40,158
Newport,83,158
Bangor,29,158
Bangor,21,158
Cardiff,120,158
Newport,156,158
Cardiff,135,158
Swansea,36,158
Newport,83,158
Newport,179,158
Cardiff,49,158
Bangor,140,158
Newport,52,158
Newport,67,158
Newport,98,158
Bangor,71,158
Bangor,91,158
Newport,63,158
Bangor,126,158
Newport,118,158
Newport,79,158
Swansea,61,158
Newport,57,158
Cardiff,170,158
Swansea,13,158
Newport,40,158
Swansea,125,158
Newport,85,158
Bangor,30,158
Swansea,37,158
Bangor,183,158
Bangor,118,158
Bangor,17,158
Swansea,67,158
Bangor,3,158
Cardiff,27,158
Bangor,113,158
Cardiff,107,158
Bangor,71,158
Swansea,181,158
Cardiff,129,158
Cardiff,5,158
Swansea,181,158
Cardiff,62,158
Swansea,111,158
Newport,22,158
Bangor,188,158
Cardiff,103,158
Bangor,10,158
Cardiff,90,158
Newport,110,158
Bangor,189,158
