City,Quantity,Product_Code
Newport,111,32
Swansea,140,32
Newport,101,32
Bangor,50,32
Cardiff,183,32
Cardiff,76,32
Cardiff,183,32
Newport,191,32
Newport,102,32
Cardiff,96,32
Cardiff,89,32
Swansea,117,32
Newport,67,32
Cardiff,92,32
Swansea,103,32
Bangor,159,32
Swansea,77,32
Bangor,26,32
Newport,2,32
Cardiff,118,32
Cardiff,191,32
Newport,19,32
Swansea,17,32
Cardiff,107,32
Cardiff,19,32
Newport,0,32
Swansea,119,32
Swansea,169,32
Bangor,186,32
Newport,153,32
Swansea,6,32
Bangor,139,32
Swansea,120,32
Swansea,184,32
Cardiff,51,32
Swansea,80,32
Swansea,26,32
Bangor,158,32
Newport,13,32
Swansea,134,32
Cardiff,162,32
Cardiff,22,32
Bangor,98,32
Cardiff,40,32
Newport,112,32
Swansea,148,32
Swansea,50,32
Bangor,165,32
Bangor,47,32
Cardiff,60,32
Swansea,48,32
Newport,174,32
Bangor,39,32
Swansea,31,32
Newport,27,32
Bangor,38,32
Newport,145,32
Newport,181,32
Cardiff,14,32
Bangor,1,32
Cardiff,4,32
Bangor,165,32
Swansea,74,32
Swansea,108,32
Newport,25,32
Swansea,2,32
Newport,111,32
Cardiff,2,32
Newport,155,32
Bangor,86,32
Newport,115,32
Swansea,130,32
Cardiff,171,32
Cardiff,198,32
Cardiff,48,32
Newport,135,32
Bangor,58,32
Newport,153,32
Newport,139,32
Newport,90,32
Cardiff,69,32
Newport,29,32
Bangor,85,32
Bangor,191,32
Newport,186,32
Newport,1,32
Swansea,160,32
Cardiff,108,32
Cardiff,176,32
Swansea,137,32
Newport,96,32
Cardiff,102,32
Bangor,138,32
Swansea,18,32
Swansea,21,32
Bangor,0,32
Swansea,172,32
Bangor,129,32
Bangor,100,32
Bangor,152,32
Cardiff,62,32
Swansea,196,32
Newport,96,32
Cardiff,14,32
Newport,55,32
Cardiff,164,32
Newport,38,32
Bangor,186,32
Newport,159,32
Bangor,185,32
Swansea,106,32
Cardiff,121,32
Newport,178,32
Newport,195,32
Cardiff,1,32
Bangor,95,32
Newport,178,32
Bangor,141,32
Bangor,77,32
Swansea,167,32
Swansea,142,32
Cardiff,157,32
Newport,43,32
Bangor,2,32
Bangor,13,32
Bangor,2,32
Newport,139,32
Bangor,158,32
Cardiff,116,32
Newport,86,32
Bangor,14,32
Bangor,29,32
Cardiff,76,32
Cardiff,95,32
Cardiff,144,32
Swansea,187,32
Swansea,167,32
Newport,77,32
Cardiff,77,32
Bangor,101,32
Newport,77,32
Cardiff,33,32
Newport,75,32
Newport,10,32
Bangor,66,32
Newport,35,32
Newport,1,32
Newport,95,32
Cardiff,55,32
Newport,188,32
Swansea,164,32
Newport,175,32
Newport,108,32
Swansea,72,32
Newport,93,32
Swansea,184,32
Swansea,184,32
Bangor,133,32
Swansea,13,32
Cardiff,16,32
Newport,49,32
Swansea,2,32
Bangor,54,32
Swansea,15,32
Newport,140,32
Newport,166,32
Bangor,15,32
Bangor,141,32
Swansea,65,32
Bangor,26,32
Bangor,42,32
Cardiff,138,32
Swansea,100,32
Bangor,120,32
Bangor,87,32
Bangor,142,32
Newport,40,32
Newport,123,32
Cardiff,99,32
Newport,13,32
Newport,111,32
Newport,69,32
Swansea,86,32
Swansea,142,32
Bangor,112,32
Cardiff,162,32
Newport,53,32
Cardiff,198,32
Newport,96,32
Cardiff,144,32
Swansea,92,32
Newport,16,32
Swansea,194,32
Cardiff,29,32
Cardiff,42,32
Cardiff,17,32
Bangor,41,32
Bangor,103,32
Newport,81,32
Cardiff,59,32
Newport,92,32
Cardiff,25,32
Newport,131,32
Bangor,49,32
Newport,127,32
Bangor,96,32
Bangor,41,32
Bangor,118,32
Newport,194,32
Bangor,154,32
Swansea,70,32
Swansea,113,32
Cardiff,5,32
Swansea,81,32
Cardiff,103,32
Newport,116,32
Cardiff,56,32
Bangor,73,32
Newport,11,32
Swansea,6,32
Newport,79,32
Newport,8,32
Newport,145,32
Bangor,174,32
Bangor,113,32
Swansea,106,32
Bangor,187,32
Swansea,54,32
Newport,169,32
Bangor,123,32
Newport,40,32
Bangor,74,32
Swansea,26,32
Newport,135,32
Bangor,176,32
Swansea,180,32
Swansea,55,32
Bangor,192,32
Newport,175,32
Cardiff,22,32
Bangor,58,32
Cardiff,151,32
Bangor,134,32
Bangor,164,32
Bangor,46,32
Bangor,22,32
Swansea,153,32
Newport,78,32
Newport,11,32
Bangor,197,32
Cardiff,96,32
