City,Quantity,Product_Code
Newport,1,111
Swansea,190,111
Swansea,129,111
Bangor,191,111
Swansea,191,111
Swansea,91,111
Bangor,47,111
Cardiff,97,111
Newport,192,111
Cardiff,116,111
Bangor,49,111
Cardiff,63,111
Cardiff,85,111
Newport,89,111
Newport,178,111
Bangor,117,111
Swansea,58,111
Swansea,37,111
Swansea,107,111
Swansea,171,111
Bangor,159,111
Newport,109,111
Bangor,65,111
Swansea,169,111
Bangor,97,111
Newport,157,111
Newport,58,111
Newport,126,111
Bangor,153,111
Newport,174,111
Cardiff,27,111
Swansea,69,111
Cardiff,40,111
Bangor,76,111
Bangor,134,111
Swansea,50,111
Cardiff,140,111
Newport,39,111
Newport,103,111
Swansea,193,111
Cardiff,32,111
Swansea,101,111
Newport,59,111
Cardiff,92,111
Bangor,116,111
Swansea,22,111
Swansea,67,111
Cardiff,9,111
Swansea,198,111
Swansea,138,111
Bangor,59,111
Bangor,129,111
Swansea,89,111
Bangor,18,111
Swansea,106,111
Cardiff,81,111
Cardiff,78,111
Swansea,111,111
Newport,178,111
Swansea,147,111
Swansea,2,111
Bangor,121,111
Swansea,135,111
Bangor,184,111
Cardiff,111,111
Swansea,130,111
Bangor,45,111
Cardiff,20,111
Swansea,156,111
Swansea,189,111
Newport,118,111
Swansea,69,111
Cardiff,52,111
Bangor,165,111
Swansea,35,111
Cardiff,11,111
Swansea,114,111
Bangor,55,111
Cardiff,27,111
Swansea,121,111
Swansea,12,111
Cardiff,156,111
Bangor,169,111
Newport,0,111
Swansea,80,111
Swansea,189,111
Swansea,185,111
Newport,137,111
Newport,124,111
Cardiff,16,111
Newport,10,111
Swansea,118,111
Swansea,198,111
Newport,35,111
Bangor,114,111
Newport,77,111
Cardiff,141,111
Newport,34,111
Swansea,148,111
Newport,158,111
Swansea,11,111
Cardiff,77,111
Bangor,81,111
Newport,88,111
Newport,0,111
Bangor,88,111
Cardiff,39,111
Cardiff,124,111
Bangor,190,111
Newport,30,111
Swansea,151,111
Cardiff,137,111
Newport,151,111
Swansea,127,111
Swansea,130,111
Bangor,5,111
Swansea,27,111
Swansea,101,111
Newport,147,111
Bangor,6,111
Newport,113,111
Cardiff,166,111
Bangor,114,111
Bangor,178,111
Swansea,60,111
Cardiff,143,111
Cardiff,43,111
Newport,11,111
Newport,35,111
Swansea,76,111
Bangor,73,111
Newport,175,111
Swansea,30,111
Swansea,36,111
Bangor,71,111
Swansea,65,111
Newport,3,111
Swansea,133,111
Cardiff,183,111
Swansea,75,111
Newport,153,111
Swansea,117,111
Newport,190,111
Newport,180,111
Swansea,55,111
Cardiff,48,111
Swansea,15,111
Bangor,1,111
Bangor,141,111
Newport,17,111
Newport,43,111
Swansea,105,111
Bangor,142,111
Cardiff,181,111
Cardiff,161,111
Newport,180,111
Swansea,149,111
Newport,68,111
Cardiff,188,111
Swansea,99,111
Swansea,41,111
Newport,61,111
Bangor,124,111
Cardiff,9,111
Swansea,144,111
Swansea,36,111
Swansea,84,111
Newport,200,111
Cardiff,44,111
Swansea,42,111
Newport,52,111
Bangor,56,111
Bangor,61,111
Bangor,81,111
Bangor,192,111
Bangor,170,111
Newport,3,111
Bangor,29,111
Cardiff,71,111
Bangor,14,111
Bangor,46,111
Bangor,165,111
Newport,146,111
Swansea,198,111
Bangor,130,111
Swansea,94,111
Swansea,103,111
Newport,69,111
Newport,36,111
Newport,142,111
Newport,30,111
Newport,179,111
Cardiff,198,111
Bangor,115,111
Bangor,69,111
Cardiff,21,111
Bangor,4,111
Newport,49,111
Swansea,108,111
Newport,138,111
Swansea,95,111
Newport,124,111
Swansea,135,111
Newport,58,111
Bangor,95,111
Newport,70,111
Cardiff,194,111
Newport,4,111
Swansea,192,111
Bangor,185,111
Cardiff,199,111
Swansea,61,111
Swansea,1,111
Newport,2,111
Bangor,24,111
Bangor,114,111
Newport,66,111
Cardiff,83,111
Newport,15,111
Newport,193,111
Cardiff,185,111
Bangor,118,111
Bangor,115,111
Bangor,129,111
Swansea,111,111
Swansea,11,111
Cardiff,58,111
Cardiff,194,111
Swansea,149,111
Bangor,52,111
Newport,168,111
Swansea,25,111
Swansea,170,111
Cardiff,11,111
Bangor,169,111
Swansea,178,111
Newport,159,111
Cardiff,6,111
Newport,159,111
Newport,139,111
Bangor,79,111
Swansea,75,111
Bangor,126,111
Cardiff,55,111
Newport,191,111
Swansea,118,111
Cardiff,189,111
Cardiff,131,111
Cardiff,67,111
Cardiff,92,111
Swansea,161,111
