City,Quantity,Product_Code
Bangor,107,98
Newport,3,98
Cardiff,135,98
Swansea,80,98
Swansea,103,98
Swansea,107,98
Newport,35,98
Newport,2,98
Cardiff,60,98
Newport,173,98
Swansea,44,98
Cardiff,30,98
Bangor,160,98
Cardiff,199,98
Newport,108,98
Swansea,68,98
Newport,120,98
Bangor,114,98
Bangor,92,98
Cardiff,171,98
Cardiff,183,98
Cardiff,122,98
Cardiff,167,98
Bangor,96,98
Bangor,167,98
Newport,29,98
Bangor,47,98
Swansea,151,98
Swansea,36,98
Swansea,153,98
Newport,165,98
Swansea,153,98
Newport,41,98
Cardiff,104,98
Newport,158,98
Newport,45,98
Bangor,18,98
Bangor,60,98
Swansea,128,98
Bangor,4,98
Swansea,109,98
Cardiff,3,98
Bangor,24,98
Swansea,118,98
Newport,175,98
Cardiff,191,98
Cardiff,2,98
Swansea,80,98
Swansea,36,98
Cardiff,93,98
Newport,22,98
Bangor,177,98
Bangor,8,98
Swansea,200,98
Swansea,190,98
Bangor,34,98
Bangor,121,98
Newport,191,98
Bangor,91,98
Cardiff,100,98
Cardiff,87,98
Newport,59,98
Bangor,164,98
Swansea,69,98
Swansea,28,98
Bangor,188,98
Bangor,55,98
Newport,162,98
Newport,195,98
Swansea,0,98
Bangor,104,98
Cardiff,186,98
Bangor,154,98
Newport,68,98
Bangor,84,98
Swansea,58,98
Cardiff,111,98
Swansea,117,98
Swansea,133,98
Bangor,0,98
Newport,110,98
Newport,55,98
Cardiff,35,98
Cardiff,108,98
Swansea,8,98
Newport,97,98
Cardiff,190,98
Cardiff,25,98
Cardiff,200,98
Cardiff,11,98
Newport,20,98
Swansea,33,98
Newport,170,98
Swansea,119,98
Bangor,60,98
Bangor,41,98
Newport,157,98
Swansea,190,98
Newport,182,98
Cardiff,42,98
Newport,66,98
Cardiff,6,98
Swansea,178,98
Cardiff,152,98
Newport,104,98
Bangor,131,98
Swansea,16,98
Cardiff,197,98
Newport,73,98
Swansea,102,98
Cardiff,17,98
Bangor,152,98
Newport,74,98
Cardiff,140,98
Swansea,10,98
Newport,133,98
Cardiff,61,98
Cardiff,41,98
Swansea,138,98
Cardiff,57,98
Newport,146,98
Cardiff,72,98
Swansea,148,98
Newport,12,98
Swansea,189,98
Swansea,110,98
Bangor,80,98
Newport,38,98
Newport,141,98
Newport,194,98
Newport,43,98
Bangor,122,98
Newport,86,98
Newport,85,98
Bangor,15,98
Newport,14,98
Newport,2,98
Bangor,30,98
Bangor,166,98
Cardiff,157,98
Newport,66,98
Newport,179,98
Bangor,148,98
Cardiff,33,98
Swansea,161,98
Swansea,161,98
Newport,83,98
Newport,19,98
Cardiff,31,98
Cardiff,5,98
Cardiff,54,98
Swansea,66,98
Cardiff,84,98
Newport,6,98
Swansea,12,98
Bangor,43,98
Cardiff,117,98
Cardiff,116,98
Newport,5,98
Newport,87,98
Bangor,180,98
Cardiff,31,98
Bangor,37,98
Newport,5,98
Newport,170,98
Newport,74,98
Swansea,166,98
Cardiff,161,98
Bangor,185,98
Bangor,154,98
Swansea,30,98
Newport,155,98
Newport,100,98
Swansea,38,98
Swansea,131,98
Swansea,98,98
Swansea,87,98
Cardiff,170,98
Bangor,79,98
Bangor,18,98
Newport,174,98
Bangor,198,98
Newport,99,98
Cardiff,180,98
Bangor,152,98
Swansea,66,98
Cardiff,98,98
Newport,182,98
Cardiff,192,98
Bangor,129,98
Swansea,163,98
Newport,19,98
Newport,63,98
Cardiff,104,98
Swansea,159,98
Cardiff,194,98
Swansea,182,98
Newport,88,98
Cardiff,155,98
Swansea,192,98
Bangor,52,98
Cardiff,86,98
Cardiff,77,98
Cardiff,10,98
Bangor,139,98
Cardiff,103,98
Cardiff,150,98
Cardiff,177,98
Newport,80,98
Cardiff,152,98
Swansea,115,98
Newport,199,98
Bangor,164,98
Cardiff,43,98
Bangor,171,98
Bangor,71,98
Newport,70,98
Bangor,175,98
Cardiff,98,98
Cardiff,172,98
Bangor,160,98
Bangor,40,98
Cardiff,43,98
Cardiff,76,98
Swansea,102,98
Bangor,93,98
Bangor,79,98
Bangor,105,98
Bangor,55,98
Bangor,72,98
Bangor,77,98
Bangor,200,98
Bangor,130,98
Bangor,80,98
Newport,170,98
Cardiff,94,98
Swansea,108,98
Swansea,170,98
Newport,113,98
Swansea,124,98
Swansea,110,98
Swansea,75,98
Swansea,114,98
Bangor,88,98
Bangor,181,98
Swansea,149,98
Cardiff,22,98
Newport,85,98
Newport,94,98
Swansea,82,98
Cardiff,173,98
