City,Quantity,Product_Code
Bangor,91,186
Newport,200,186
Cardiff,131,186
Newport,130,186
Bangor,107,186
Swansea,130,186
Swansea,127,186
Swansea,147,186
Newport,78,186
Bangor,3,186
Newport,163,186
Swansea,37,186
Cardiff,153,186
Bangor,175,186
Bangor,62,186
Newport,6,186
Bangor,175,186
Bangor,68,186
Newport,6,186
Swansea,84,186
Bangor,171,186
Newport,101,186
Bangor,156,186
Bangor,70,186
Swansea,12,186
Bangor,86,186
Bangor,180,186
Swansea,0,186
Swansea,187,186
Cardiff,123,186
Bangor,56,186
Swansea,0,186
Bangor,48,186
Newport,167,186
Bangor,155,186
Swansea,187,186
Newport,59,186
Bangor,24,186
Newport,169,186
Bangor,129,186
Newport,130,186
Newport,106,186
Cardiff,108,186
Swansea,81,186
Swansea,0,186
Swansea,196,186
Swansea,118,186
Newport,188,186
Swansea,139,186
Swansea,71,186
Cardiff,152,186
Newport,109,186
Newport,53,186
Swansea,26,186
Newport,93,186
Cardiff,15,186
Newport,182,186
Cardiff,85,186
Swansea,93,186
Newport,23,186
Cardiff,191,186
Newport,122,186
Swansea,88,186
Bangor,159,186
Newport,179,186
Cardiff,22,186
Newport,187,186
Newport,62,186
Cardiff,134,186
Newport,199,186
Cardiff,41,186
Swansea,61,186
Cardiff,111,186
Bangor,160,186
Cardiff,137,186
Cardiff,65,186
Cardiff,174,186
Newport,160,186
Swansea,79,186
Bangor,84,186
Swansea,120,186
Swansea,95,186
Newport,187,186
Bangor,8,186
Swansea,130,186
Bangor,17,186
Newport,199,186
Bangor,197,186
Swansea,168,186
Cardiff,182,186
Swansea,172,186
Cardiff,95,186
Cardiff,73,186
Bangor,184,186
Newport,79,186
Newport,193,186
Newport,5,186
Bangor,102,186
Cardiff,137,186
Cardiff,96,186
Newport,144,186
Cardiff,30,186
Bangor,52,186
Bangor,162,186
Cardiff,141,186
Newport,53,186
Newport,97,186
Cardiff,75,186
Cardiff,13,186
Cardiff,67,186
Swansea,67,186
Swansea,159,186
Bangor,134,186
Cardiff,164,186
Swansea,3,186
Bangor,158,186
Swansea,130,186
Newport,126,186
Bangor,59,186
Newport,19,186
Cardiff,92,186
Swansea,102,186
Swansea,36,186
Swansea,1,186
Bangor,66,186
Swansea,163,186
Swansea,152,186
Bangor,149,186
Cardiff,172,186
Bangor,119,186
Cardiff,165,186
Newport,85,186
Cardiff,33,186
Bangor,155,186
Swansea,112,186
Newport,84,186
Newport,162,186
Bangor,122,186
Cardiff,192,186
Swansea,97,186
Bangor,53,186
Newport,113,186
Cardiff,189,186
Bangor,101,186
Cardiff,74,186
Swansea,71,186
Cardiff,76,186
Newport,46,186
Bangor,181,186
Swansea,176,186
Cardiff,169,186
Cardiff,44,186
Newport,43,186
Bangor,69,186
Cardiff,187,186
Bangor,45,186
Newport,135,186
Bangor,193,186
Newport,29,186
Newport,98,186
Newport,90,186
Cardiff,46,186
Swansea,168,186
Newport,175,186
Swansea,131,186
Newport,136,186
Cardiff,64,186
Bangor,161,186
Swansea,55,186
Swansea,134,186
Swansea,178,186
Newport,77,186
Cardiff,72,186
Newport,46,186
Cardiff,191,186
Bangor,96,186
Newport,193,186
Newport,170,186
Bangor,3,186
Cardiff,0,186
Swansea,142,186
Cardiff,64,186
Newport,185,186
Swansea,56,186
Bangor,102,186
Swansea,123,186
Swansea,1,186
Newport,176,186
Newport,8,186
Cardiff,24,186
Cardiff,53,186
Cardiff,38,186
Swansea,157,186
Bangor,101,186
Swansea,155,186
Cardiff,127,186
Bangor,71,186
Bangor,125,186
Swansea,125,186
Cardiff,113,186
Swansea,165,186
Cardiff,22,186
Swansea,87,186
Newport,193,186
Newport,180,186
Newport,58,186
Bangor,40,186
Bangor,109,186
Bangor,190,186
Newport,104,186
Newport,69,186
Bangor,39,186
Newport,68,186
Cardiff,169,186
Bangor,21,186
Bangor,192,186
Newport,120,186
Bangor,152,186
Bangor,162,186
Swansea,179,186
Newport,191,186
Bangor,30,186
Swansea,10,186
Swansea,194,186
Cardiff,170,186
Bangor,193,186
Bangor,177,186
Bangor,177,186
Newport,26,186
Newport,62,186
Swansea,123,186
Newport,165,186
Newport,44,186
Swansea,98,186
Newport,97,186
Newport,12,186
Swansea,1,186
Cardiff,134,186
Newport,163,186
Cardiff,137,186
Bangor,80,186
Cardiff,70,186
Bangor,138,186
Swansea,145,186
Swansea,183,186
Cardiff,153,186
Bangor,194,186
Swansea,193,186
Swansea,2,186
Swansea,147,186
Bangor,123,186
