City,Quantity,Product_Code
Newport,79,67
Bangor,169,67
Bangor,30,67
Cardiff,94,67
Newport,171,67
Cardiff,115,67
Swansea,197,67
Bangor,145,67
Newport,96,67
Cardiff,32,67
Swansea,22,67
Cardiff,69,67
Bangor,49,67
Newport,171,67
Bangor,106,67
Cardiff,124,67
Newport,142,67
Cardiff,183,67
Newport,64,67
Cardiff,21,67
Bangor,119,67
Cardiff,53,67
Swansea,37,67
Swansea,10,67
Bangor,0,67
Bangor,130,67
Newport,43,67
Cardiff,77,67
Swansea,55,67
Cardiff,25,67
Newport,36,67
Bangor,52,67
Cardiff,123,67
Swansea,122,67
Bangor,138,67
Bangor,14,67
Newport,57,67
Bangor,37,67
Swansea,75,67
Bangor,132,67
Newport,194,67
Bangor,111,67
Bangor,43,67
Cardiff,107,67
Newport,165,67
Bangor,146,67
Bangor,120,67
Swansea,43,67
Swansea,52,67
Cardiff,175,67
Cardiff,29,67
Newport,20,67
Swansea,135,67
Newport,199,67
Swansea,165,67
Swansea,93,67
Bangor,37,67
Swansea,76,67
Newport,171,67
Newport,198,67
Swansea,171,67
Bangor,132,67
Bangor,180,67
Cardiff,50,67
Swansea,145,67
Newport,146,67
Swansea,105,67
Cardiff,133,67
Cardiff,177,67
Cardiff,43,67
Swansea,44,67
Newport,80,67
Newport,199,67
Newport,64,67
Cardiff,122,67
Bangor,64,67
Swansea,190,67
Cardiff,45,67
Swansea,111,67
Cardiff,156,67
Newport,76,67
Cardiff,37,67
Swansea,176,67
Bangor,108,67
Bangor,29,67
Bangor,31,67
Newport,175,67
Swansea,34,67
Cardiff,122,67
Bangor,164,67
Cardiff,106,67
Cardiff,56,67
Bangor,107,67
Bangor,143,67
Cardiff,95,67
Newport,161,67
Cardiff,105,67
Newport,29,67
Swansea,159,67
Newport,94,67
Swansea,108,67
Bangor,78,67
Cardiff,169,67
Newport,31,67
Bangor,122,67
Newport,3,67
Swansea,98,67
Cardiff,92,67
Bangor,30,67
Newport,36,67
Newport,178,67
Cardiff,146,67
Bangor,13,67
Cardiff,92,67
Cardiff,58,67
Bangor,93,67
Swansea,8,67
Cardiff,93,67
Bangor,45,67
Cardiff,126,67
Newport,99,67
Bangor,158,67
Swansea,176,67
Bangor,148,67
Cardiff,4,67
Cardiff,62,67
Bangor,152,67
Swansea,70,67
Cardiff,44,67
Cardiff,131,67
Newport,85,67
Cardiff,101,67
Cardiff,35,67
Newport,81,67
Swansea,117,67
Newport,120,67
Swansea,8,67
Cardiff,85,67
Cardiff,160,67
Newport,131,67
Cardiff,30,67
Bangor,32,67
Cardiff,166,67
Newport,181,67
Bangor,155,67
Swansea,39,67
Bangor,145,67
Bangor,26,67
Swansea,67,67
Newport,145,67
Bangor,79,67
Cardiff,60,67
Swansea,127,67
Newport,91,67
Swansea,48,67
Bangor,180,67
Bangor,137,67
Newport,67,67
Cardiff,195,67
Newport,181,67
Bangor,35,67
Newport,8,67
Swansea,168,67
Cardiff,135,67
Newport,40,67
Newport,58,67
Newport,161,67
Bangor,76,67
Cardiff,81,67
Cardiff,8,67
Swansea,156,67
Newport,89,67
Cardiff,128,67
Bangor,7,67
Bangor,109,67
Newport,57,67
Bangor,185,67
Newport,110,67
Bangor,27,67
Cardiff,110,67
Newport,198,67
Bangor,194,67
Newport,29,67
Cardiff,96,67
Cardiff,87,67
Swansea,155,67
Newport,123,67
Cardiff,197,67
Newport,172,67
Newport,78,67
Bangor,49,67
Bangor,181,67
Bangor,41,67
Swansea,161,67
Cardiff,34,67
Swansea,60,67
Cardiff,129,67
Cardiff,76,67
Cardiff,81,67
Swansea,118,67
Bangor,28,67
Bangor,44,67
Swansea,177,67
Bangor,12,67
Bangor,93,67
Newport,150,67
Swansea,147,67
Swansea,78,67
Cardiff,102,67
Swansea,74,67
Newport,174,67
Cardiff,36,67
Newport,49,67
Newport,67,67
Newport,29,67
Newport,103,67
Cardiff,130,67
Bangor,184,67
Newport,111,67
Cardiff,53,67
Newport,183,67
Cardiff,199,67
Cardiff,84,67
Bangor,42,67
Cardiff,191,67
Bangor,16,67
Cardiff,141,67
Bangor,117,67
Swansea,38,67
Bangor,140,67
Bangor,18,67
Newport,186,67
Bangor,186,67
Bangor,22,67
Bangor,56,67
Bangor,68,67
Bangor,1,67
Swansea,37,67
Newport,51,67
Swansea,58,67
Bangor,174,67
Cardiff,130,67
Cardiff,182,67
Newport,51,67
Cardiff,147,67
Swansea,18,67
Newport,124,67
Bangor,161,67
Swansea,108,67
Bangor,22,67
Newport,94,67
