City,Quantity,Product_Code
Swansea,159,137
Bangor,33,137
Newport,142,137
Bangor,74,137
Cardiff,175,137
Newport,111,137
Newport,124,137
Newport,92,137
Cardiff,57,137
Bangor,69,137
Bangor,79,137
Cardiff,77,137
Newport,31,137
Cardiff,99,137
Cardiff,196,137
Newport,56,137
Bangor,59,137
Bangor,144,137
Cardiff,75,137
Cardiff,112,137
Swansea,171,137
Cardiff,7,137
Newport,87,137
Cardiff,133,137
Bangor,31,137
Cardiff,4,137
Bangor,8,137
Cardiff,53,137
Bangor,23,137
Newport,177,137
Newport,104,137
Bangor,32,137
Swansea,152,137
Bangor,164,137
Newport,150,137
Newport,166,137
Newport,107,137
Swansea,113,137
Cardiff,109,137
Newport,179,137
Bangor,116,137
Newport,49,137
Bangor,81,137
Cardiff,90,137
Newport,50,137
Cardiff,56,137
Swansea,166,137
Bangor,71,137
Swansea,94,137
Bangor,133,137
Bangor,186,137
Bangor,44,137
Cardiff,178,137
Newport,81,137
Newport,94,137
Newport,158,137
Newport,67,137
Cardiff,130,137
Swansea,58,137
Cardiff,82,137
Newport,84,137
Newport,37,137
Swansea,125,137
Cardiff,142,137
Swansea,109,137
Cardiff,170,137
Swansea,136,137
Swansea,172,137
Bangor,76,137
Newport,97,137
Bangor,139,137
Cardiff,119,137
Newport,82,137
Newport,3,137
Cardiff,161,137
Swansea,106,137
Swansea,103,137
Swansea,162,137
Bangor,132,137
Swansea,31,137
Cardiff,39,137
Swansea,121,137
Swansea,102,137
Swansea,175,137
Swansea,138,137
Cardiff,42,137
Bangor,23,137
Cardiff,54,137
Newport,135,137
Newport,164,137
Swansea,143,137
Cardiff,98,137
Cardiff,88,137
Newport,28,137
Cardiff,38,137
Bangor,30,137
Cardiff,25,137
Newport,144,137
Bangor,132,137
Cardiff,167,137
Swansea,121,137
Swansea,83,137
Swansea,169,137
Swansea,9,137
Newport,82,137
Bangor,19,137
Bangor,42,137
Swansea,0,137
Cardiff,173,137
Cardiff,167,137
Swansea,148,137
Cardiff,82,137
Cardiff,8,137
Newport,182,137
Swansea,99,137
Cardiff,143,137
Cardiff,194,137
Newport,131,137
Cardiff,13,137
Cardiff,18,137
Cardiff,42,137
Swansea,139,137
Newport,95,137
Cardiff,24,137
Cardiff,180,137
Bangor,174,137
Swansea,198,137
Bangor,183,137
Swansea,173,137
Bangor,150,137
Bangor,172,137
Swansea,76,137
Cardiff,141,137
Bangor,30,137
Cardiff,17,137
Newport,128,137
Bangor,183,137
Newport,148,137
Cardiff,111,137
Swansea,48,137
Bangor,17,137
Bangor,174,137
Newport,134,137
Newport,18,137
Cardiff,49,137
Newport,86,137
Cardiff,135,137
Swansea,27,137
Bangor,108,137
Swansea,193,137
Swansea,109,137
Swansea,6,137
Swansea,61,137
Cardiff,103,137
Newport,56,137
Cardiff,20,137
Bangor,53,137
Newport,190,137
Newport,97,137
Swansea,182,137
Swansea,83,137
Swansea,150,137
Swansea,79,137
Cardiff,192,137
Bangor,127,137
Newport,67,137
Newport,53,137
Newport,70,137
Swansea,130,137
Cardiff,16,137
Bangor,198,137
Bangor,185,137
Newport,41,137
Cardiff,13,137
Swansea,165,137
Cardiff,25,137
Bangor,18,137
Newport,0,137
Swansea,8,137
Bangor,11,137
Cardiff,181,137
Newport,8,137
Bangor,97,137
Bangor,1,137
Swansea,122,137
Swansea,144,137
Swansea,130,137
Bangor,82,137
Newport,40,137
Newport,163,137
Cardiff,152,137
Bangor,2,137
Cardiff,11,137
Bangor,143,137
Swansea,146,137
Bangor,27,137
Newport,143,137
Swansea,73,137
Bangor,103,137
Swansea,22,137
Bangor,54,137
Cardiff,60,137
Cardiff,89,137
Bangor,152,137
Newport,59,137
Cardiff,166,137
Bangor,114,137
Cardiff,185,137
Swansea,89,137
Cardiff,143,137
Swansea,116,137
Bangor,200,137
Bangor,179,137
Swansea,5,137
Cardiff,178,137
Cardiff,14,137
Cardiff,73,137
Cardiff,120,137
Bangor,188,137
Newport,148,137
Bangor,168,137
Swansea,16,137
Cardiff,188,137
Bangor,160,137
Cardiff,114,137
Newport,24,137
Bangor,104,137
Cardiff,24,137
Swansea,101,137
Cardiff,88,137
Newport,71,137
Cardiff,34,137
Bangor,73,137
Newport,192,137
Cardiff,104,137
Newport,175,137
Bangor,132,137
Newport,107,137
Newport,80,137
Swansea,119,137
Swansea,129,137
Bangor,153,137
Swansea,160,137
Cardiff,80,137
Swansea,27,137
Cardiff,124,137
Newport,160,137
Swansea,30,137
Swansea,46,137
Cardiff,33,137
Cardiff,171,137
