City,Quantity,Product_Code
Cardiff,63,175
Swansea,92,175
Swansea,191,175
Swansea,178,175
Bangor,155,175
Bangor,97,175
Newport,168,175
Swansea,25,175
Newport,117,175
Cardiff,0,175
Cardiff,33,175
Swansea,88,175
Newport,181,175
Swansea,148,175
Swansea,90,175
Swansea,133,175
Swansea,80,175
Swansea,117,175
Newport,8,175
Swansea,110,175
Bangor,1,175
Swansea,177,175
Bangor,142,175
Swansea,98,175
Bangor,91,175
Newport,1,175
Cardiff,175,175
Cardiff,146,175
Bangor,199,175
Bangor,3,175
Bangor,10,175
Newport,159,175
Newport,125,175
Bangor,139,175
Newport,100,175
Bangor,156,175
Newport,114,175
Bangor,159,175
Cardiff,62,175
Bangor,92,175
Cardiff,99,175
Swansea,146,175
Swansea,159,175
Bangor,70,175
Cardiff,101,175
Swansea,21,175
Newport,45,175
Cardiff,46,175
Cardiff,144,175
Bangor,140,175
Cardiff,53,175
Bangor,139,175
Swansea,124,175
Swansea,106,175
Cardiff,102,175
Swansea,163,175
Cardiff,68,175
Swansea,6,175
Newport,18,175
Swansea,175,175
Bangor,149,175
Bangor,15,175
Newport,109,175
Newport,179,175
Swansea,24,175
Cardiff,138,175
Newport,151,175
Cardiff,114,175
Swansea,0,175
Swansea,59,175
Bangor,104,175
Bangor,44,175
Newport,78,175
Swansea,96,175
Swansea,125,175
Newport,80,175
Cardiff,125,175
Swansea,128,175
Newport,77,175
Bangor,51,175
Cardiff,135,175
Bangor,184,175
Bangor,179,175
Swansea,39,175
Swansea,200,175
Swansea,90,175
Bangor,50,175
Newport,5,175
Swansea,116,175
Swansea,155,175
Swansea,69,175
Swansea,84,175
Cardiff,108,175
Swansea,46,175
Newport,183,175
Swansea,130,175
Newport,164,175
Swansea,21,175
Newport,17,175
Bangor,25,175
Cardiff,151,175
Bangor,74,175
Cardiff,168,175
Cardiff,183,175
Bangor,131,175
Swansea,118,175
Bangor,174,175
Swansea,40,175
Bangor,157,175
Bangor,177,175
Swansea,180,175
Bangor,71,175
Swansea,57,175
Swansea,73,175
Bangor,41,175
Cardiff,158,175
Newport,158,175
Newport,18,175
Swansea,119,175
Bangor,114,175
Bangor,187,175
Cardiff,72,175
Newport,115,175
Newport,22,175
Newport,141,175
Bangor,198,175
Cardiff,126,175
Newport,185,175
Cardiff,98,175
Newport,50,175
Cardiff,123,175
Swansea,154,175
Cardiff,27,175
Bangor,44,175
Bangor,42,175
Bangor,83,175
Bangor,93,175
Swansea,186,175
Bangor,91,175
Bangor,138,175
Cardiff,66,175
Newport,64,175
Newport,142,175
Swansea,35,175
Newport,45,175
Cardiff,180,175
Swansea,56,175
Cardiff,141,175
Swansea,152,175
Cardiff,154,175
Newport,113,175
Cardiff,44,175
Newport,2,175
Newport,49,175
Cardiff,97,175
Swansea,27,175
Cardiff,186,175
Swansea,192,175
Bangor,131,175
Bangor,31,175
Bangor,61,175
Bangor,0,175
Swansea,52,175
Cardiff,64,175
Bangor,112,175
Bangor,151,175
Bangor,83,175
Bangor,171,175
Swansea,120,175
Swansea,94,175
Swansea,52,175
Cardiff,123,175
Bangor,90,175
Cardiff,83,175
Swansea,32,175
Bangor,21,175
Bangor,52,175
Bangor,158,175
Newport,36,175
Cardiff,75,175
Newport,184,175
Bangor,62,175
Cardiff,137,175
Swansea,5,175
Newport,140,175
Bangor,199,175
Bangor,136,175
Swansea,198,175
Bangor,48,175
Bangor,142,175
Newport,157,175
Newport,178,175
Cardiff,34,175
Cardiff,15,175
Newport,95,175
Newport,120,175
Bangor,35,175
Newport,117,175
Swansea,66,175
Newport,188,175
Cardiff,54,175
Cardiff,24,175
Cardiff,79,175
Cardiff,188,175
Cardiff,132,175
Newport,134,175
Cardiff,138,175
Swansea,71,175
Cardiff,104,175
Bangor,133,175
Cardiff,97,175
Cardiff,116,175
Bangor,64,175
Cardiff,123,175
Cardiff,156,175
Swansea,120,175
Bangor,174,175
Bangor,111,175
Cardiff,79,175
Cardiff,92,175
Swansea,182,175
Cardiff,165,175
Newport,121,175
Bangor,162,175
Swansea,150,175
Bangor,184,175
Cardiff,20,175
Bangor,30,175
Bangor,68,175
Swansea,192,175
Swansea,166,175
Newport,198,175
Bangor,188,175
Newport,22,175
Swansea,84,175
Cardiff,127,175
Newport,161,175
Cardiff,160,175
Newport,47,175
Newport,124,175
Newport,107,175
Cardiff,200,175
Bangor,150,175
Newport,91,175
Swansea,100,175
Cardiff,14,175
Newport,61,175
Cardiff,6,175
Bangor,72,175
Bangor,124,175
Newport,24,175
