City,Quantity,Product_Code
Cardiff,25,20
Bangor,112,20
Swansea,120,20
Swansea,27,20
Swansea,183,20
Cardiff,176,20
Cardiff,163,20
Cardiff,118,20
Cardiff,129,20
Swansea,87,20
Newport,4,20
Bangor,8,20
Swansea,114,20
Swansea,190,20
Bangor,166,20
Bangor,68,20
Bangor,2,20
Bangor,39,20
Swansea,194,20
Newport,15,20
Bangor,105,20
Swansea,71,20
Bangor,181,20
Swansea,138,20
Newport,37,20
Newport,37,20
Swansea,152,20
Bangor,139,20
Bangor,109,20
Cardiff,77,20
Newport,38,20
Bangor,6,20
Cardiff,73,20
Bangor,139,20
Newport,161,20
Bangor,73,20
Cardiff,170,20
Bangor,4,20
Newport,44,20
Bangor,168,20
Newport,105,20
Swansea,74,20
Cardiff,126,20
Cardiff,65,20
Newport,10,20
Cardiff,26,20
Swansea,129,20
Bangor,180,20
Swansea,96,20
Cardiff,76,20
Cardiff,160,20
Cardiff,115,20
Newport,111,20
Swansea,61,20
Swansea,118,20
Cardiff,63,20
Newport,161,20
Newport,116,20
Newport,190,20
Bangor,190,20
Cardiff,158,20
Newport,78,20
Bangor,133,20
Newport,49,20
Bangor,102,20
Bangor,185,20
Swansea,158,20
Swansea,180,20
Cardiff,69,20
Cardiff,73,20
Swansea,128,20
Cardiff,29,20
Bangor,139,20
Newport,43,20
Swansea,52,20
Cardiff,3,20
Swansea,112,20
Cardiff,89,20
Swansea,180,20
Newport,5,20
Swansea,175,20
Newport,77,20
Bangor,35,20
Newport,143,20
Newport,25,20
Swansea,15,20
Cardiff,105,20
Bangor,191,20
Swansea,198,20
Cardiff,112,20
Bangor,139,20
Bangor,170,20
Newport,185,20
Swansea,25,20
Newport,70,20
Bangor,33,20
Bangor,99,20
Newport,60,20
Bangor,51,20
Swansea,15,20
Cardiff,55,20
Swansea,198,20
Bangor,118,20
Newport,151,20
Swansea,89,20
Swansea,195,20
Bangor,2,20
Newport,115,20
Cardiff,161,20
Newport,8,20
Newport,169,20
Cardiff,110,20
Newport,139,20
Cardiff,128,20
Bangor,123,20
Swansea,53,20
Cardiff,194,20
Newport,37,20
Bangor,46,20
Cardiff,124,20
Newport,163,20
Cardiff,120,20
Cardiff,16,20
Swansea,11,20
Newport,120,20
Cardiff,56,20
Swansea,65,20
Swansea,153,20
Bangor,137,20
Bangor,85,20
Bangor,86,20
Newport,124,20
Newport,67,20
Cardiff,113,20
Swansea,166,20
Bangor,94,20
Newport,131,20
Cardiff,169,20
Cardiff,2,20
Newport,34,20
Cardiff,119,20
Newport,81,20
Swansea,135,20
Swansea,54,20
Newport,149,20
Cardiff,96,20
Cardiff,128,20
Bangor,59,20
Newport,98,20
Newport,167,20
Newport,123,20
Swansea,103,20
Cardiff,148,20
Cardiff,133,20
Swansea,99,20
Bangor,170,20
Cardiff,75,20
Bangor,57,20
Swansea,5,20
Bangor,72,20
Swansea,97,20
Swansea,66,20
Bangor,23,20
Newport,198,20
Swansea,162,20
Bangor,43,20
Bangor,78,20
Swansea,200,20
Bangor,23,20
Cardiff,66,20
Newport,108,20
Swansea,124,20
Bangor,45,20
Newport,31,20
Cardiff,38,20
Bangor,191,20
Newport,28,20
Bangor,5,20
Swansea,5,20
Swansea,68,20
Swansea,117,20
Newport,94,20
Cardiff,50,20
Cardiff,128,20
Cardiff,34,20
Swansea,182,20
Swansea,18,20
Cardiff,151,20
Newport,36,20
Cardiff,177,20
Newport,76,20
Bangor,36,20
Cardiff,155,20
Cardiff,87,20
Bangor,175,20
Swansea,84,20
Swansea,112,20
Swansea,106,20
Swansea,54,20
Cardiff,149,20
Cardiff,59,20
Newport,31,20
Bangor,133,20
Bangor,112,20
Swansea,168,20
Newport,82,20
Swansea,171,20
Swansea,176,20
Newport,60,20
Swansea,7,20
Newport,13,20
Bangor,61,20
Newport,115,20
Newport,103,20
Swansea,171,20
Newport,89,20
Bangor,34,20
Newport,164,20
Cardiff,160,20
Swansea,80,20
Swansea,14,20
Newport,142,20
Newport,151,20
Newport,48,20
Bangor,8,20
Newport,55,20
Swansea,104,20
Bangor,88,20
Cardiff,62,20
Newport,2,20
Newport,1,20
Swansea,28,20
Swansea,164,20
Cardiff,78,20
Bangor,97,20
Cardiff,158,20
Cardiff,51,20
Bangor,129,20
Cardiff,138,20
Cardiff,158,20
Cardiff,119,20
Newport,86,20
Swansea,75,20
Swansea,134,20
Cardiff,9,20
Bangor,17,20
Cardiff,32,20
Bangor,42,20
Cardiff,170,20
Cardiff,48,20
Bangor,62,20
