City,Quantity,Product_Code
Bangor,102,134
Newport,24,134
Bangor,16,134
Swansea,158,134
Swansea,12,134
Cardiff,1,134
Bangor,10,134
Bangor,177,134
Newport,200,134
Bangor,115,134
Bangor,180,134
Bangor,197,134
Swansea,54,134
Newport,35,134
Cardiff,4,134
Cardiff,181,134
Swansea,39,134
Cardiff,76,134
Bangor,30,134
Bangor,59,134
Bangor,153,134
Cardiff,34,134
Newport,188,134
Cardiff,114,134
Cardiff,165,134
Newport,192,134
Swansea,45,134
Cardiff,88,134
Swansea,196,134
Newport,190,134
Bangor,81,134
Bangor,128,134
Newport,21,134
Bangor,17,134
Bangor,1,134
Cardiff,35,134
Bangor,119,134
Cardiff,88,134
Bangor,140,134
Cardiff,95,134
Bangor,154,134
Cardiff,139,134
Newport,147,134
Swansea,28,134
Bangor,65,134
Swansea,77,134
Swansea,119,134
Bangor,2,134
Bangor,146,134
Swansea,27,134
Bangor,84,134
Swansea,154,134
Swansea,112,134
Swansea,74,134
Bangor,131,134
Cardiff,48,134
Cardiff,139,134
Bangor,178,134
Cardiff,37,134
Newport,197,134
Bangor,130,134
Newport,48,134
Bangor,88,134
Swansea,18,134
Newport,147,134
Swansea,24,134
Bangor,196,134
Swansea,49,134
Cardiff,130,134
Newport,154,134
Swansea,196,134
Cardiff,198,134
Swansea,127,134
Newport,93,134
Swansea,102,134
Cardiff,40,134
Bangor,185,134
Newport,122,134
Bangor,97,134
Newport,170,134
Bangor,52,134
Bangor,115,134
Newport,112,134
Cardiff,172,134
Cardiff,137,134
Newport,7,134
Newport,116,134
Cardiff,178,134
Newport,113,134
Cardiff,98,134
Newport,73,134
Newport,200,134
Newport,72,134
Bangor,180,134
Newport,23,134
Newport,28,134
Bangor,135,134
Swansea,94,134
Bangor,68,134
Newport,96,134
Bangor,56,134
Swansea,124,134
Newport,86,134
Bangor,165,134
Swansea,25,134
Newport,196,134
Bangor,27,134
Bangor,186,134
Cardiff,38,134
Newport,107,134
Cardiff,144,134
Newport,78,134
Newport,158,134
Bangor,185,134
Swansea,30,134
Cardiff,39,134
Cardiff,143,134
Cardiff,76,134
Bangor,22,134
Newport,19,134
Swansea,200,134
Swansea,98,134
Swansea,161,134
Bangor,86,134
Newport,27,134
Bangor,130,134
Newport,169,134
Cardiff,24,134
Cardiff,133,134
Cardiff,92,134
Cardiff,46,134
Newport,97,134
Bangor,167,134
Newport,187,134
Cardiff,88,134
Bangor,8,134
Bangor,45,134
Swansea,78,134
Newport,149,134
Bangor,8,134
Swansea,35,134
Bangor,141,134
Cardiff,124,134
Cardiff,40,134
Bangor,60,134
Cardiff,44,134
Swansea,58,134
Newport,126,134
Newport,34,134
Newport,133,134
Swansea,96,134
Bangor,23,134
Newport,1,134
Swansea,61,134
Cardiff,37,134
Cardiff,54,134
Swansea,177,134
Cardiff,136,134
Newport,34,134
Swansea,151,134
Swansea,65,134
Newport,29,134
Cardiff,132,134
Newport,166,134
Newport,139,134
Newport,28,134
Cardiff,63,134
Cardiff,68,134
Cardiff,191,134
Newport,191,134
Bangor,99,134
Swansea,162,134
Swansea,176,134
Bangor,30,134
Swansea,139,134
Bangor,13,134
Newport,80,134
Bangor,164,134
Bangor,19,134
Cardiff,144,134
Newport,8,134
Bangor,50,134
Bangor,24,134
Newport,156,134
Bangor,60,134
Newport,90,134
Cardiff,49,134
Bangor,93,134
Cardiff,43,134
Newport,89,134
Bangor,178,134
Newport,150,134
Cardiff,179,134
Newport,185,134
Swansea,84,134
Cardiff,102,134
Cardiff,198,134
Bangor,171,134
Swansea,126,134
Newport,5,134
Cardiff,71,134
Newport,185,134
Cardiff,36,134
Newport,114,134
Swansea,181,134
Cardiff,85,134
Bangor,72,134
Bangor,20,134
Cardiff,148,134
Swansea,123,134
Swansea,6,134
Bangor,87,134
Bangor,84,134
Newport,161,134
Swansea,20,134
Cardiff,118,134
Swansea,149,134
Bangor,95,134
Swansea,39,134
Swansea,96,134
Bangor,107,134
Bangor,101,134
Newport,148,134
Cardiff,181,134
Cardiff,9,134
Bangor,155,134
Swansea,168,134
Newport,159,134
Newport,167,134
Newport,168,134
Cardiff,154,134
Swansea,79,134
Newport,97,134
Swansea,29,134
Newport,110,134
Bangor,139,134
Cardiff,121,134
Cardiff,87,134
Newport,179,134
Swansea,199,134
Newport,57,134
Cardiff,182,134
Bangor,157,134
Newport,182,134
Cardiff,103,134
Cardiff,35,134
Newport,5,134
Swansea,63,134
Swansea,86,134
Swansea,39,134
Newport,120,134
