City,Quantity,Product_Code
Cardiff,69,95
Bangor,62,95
Bangor,174,95
Bangor,182,95
Swansea,190,95
Swansea,77,95
Swansea,176,95
Newport,150,95
Newport,46,95
Bangor,84,95
Cardiff,181,95
Cardiff,19,95
Cardiff,30,95
Newport,88,95
Cardiff,64,95
Swansea,130,95
Newport,24,95
Cardiff,42,95
Bangor,75,95
Newport,60,95
Cardiff,7,95
Cardiff,66,95
Swansea,166,95
Newport,113,95
Bangor,117,95
Swansea,171,95
Swansea,63,95
Swansea,69,95
Swansea,10,95
Cardiff,95,95
Bangor,17,95
Bangor,68,95
Bangor,176,95
Newport,166,95
Bangor,154,95
Bangor,0,95
Bangor,106,95
Cardiff,14,95
Bangor,52,95
Bangor,141,95
Cardiff,190,95
Newport,4,95
Newport,161,95
Bangor,119,95
Swansea,163,95
Bangor,40,95
Cardiff,160,95
Newport,177,95
Cardiff,161,95
Bangor,80,95
Swansea,19,95
Bangor,158,95
Swansea,2,95
Newport,193,95
Newport,44,95
Newport,50,95
Newport,197,95
Bangor,22,95
Cardiff,50,95
Newport,141,95
Swansea,97,95
Bangor,171,95
Newport,10,95
Bangor,117,95
Bangor,153,95
Bangor,70,95
Cardiff,25,95
Cardiff,36,95
Swansea,9,95
Cardiff,6,95
Cardiff,137,95
Swansea,7,95
Bangor,156,95
Swansea,169,95
Bangor,30,95
Bangor,114,95
Cardiff,115,95
Cardiff,103,95
Newport,170,95
Swansea,162,95
Bangor,137,95
Bangor,69,95
Bangor,63,95
Cardiff,173,95
Bangor,140,95
Swansea,121,95
Bangor,180,95
Swansea,22,95
Newport,127,95
Cardiff,125,95
Bangor,1,95
Newport,92,95
Bangor,60,95
Cardiff,78,95
Swansea,136,95
Swansea,55,95
Cardiff,7,95
Newport,63,95
Bangor,190,95
Newport,110,95
Swansea,151,95
Swansea,139,95
Bangor,98,95
Swansea,162,95
Swansea,189,95
Newport,138,95
Bangor,187,95
Swansea,138,95
Bangor,105,95
Bangor,114,95
Cardiff,47,95
Newport,169,95
Bangor,128,95
Cardiff,78,95
Newport,103,95
Newport,109,95
Cardiff,163,95
Bangor,170,95
Cardiff,172,95
Swansea,102,95
Cardiff,170,95
Cardiff,115,95
Newport,88,95
Newport,149,95
Cardiff,78,95
Cardiff,129,95
Bangor,130,95
Cardiff,65,95
Newport,135,95
Swansea,71,95
Newport,47,95
Cardiff,112,95
Bangor,123,95
Cardiff,59,95
Cardiff,179,95
Newport,42,95
Swansea,150,95
Bangor,125,95
Swansea,100,95
Swansea,197,95
Newport,197,95
Cardiff,120,95
Bangor,76,95
Bangor,118,95
Newport,1,95
Bangor,78,95
Swansea,155,95
Cardiff,86,95
Cardiff,45,95
Newport,12,95
Swansea,45,95
Bangor,105,95
Swansea,71,95
Cardiff,3,95
Newport,119,95
Bangor,43,95
Bangor,28,95
Newport,71,95
Cardiff,138,95
Swansea,153,95
Bangor,95,95
Newport,175,95
Cardiff,66,95
Cardiff,2,95
Swansea,62,95
Bangor,23,95
Bangor,186,95
Newport,6,95
Bangor,143,95
Newport,87,95
Newport,47,95
Newport,148,95
Swansea,9,95
Cardiff,39,95
Newport,116,95
Bangor,126,95
Swansea,79,95
Newport,110,95
Cardiff,121,95
Bangor,88,95
Swansea,14,95
Bangor,54,95
Newport,200,95
Bangor,46,95
Bangor,4,95
Swansea,188,95
Cardiff,149,95
Swansea,55,95
Cardiff,53,95
Cardiff,98,95
Bangor,167,95
Cardiff,89,95
Newport,128,95
Cardiff,121,95
Swansea,42,95
Newport,42,95
Bangor,13,95
Newport,17,95
Newport,21,95
Cardiff,197,95
Bangor,181,95
Newport,136,95
Swansea,143,95
Swansea,165,95
Swansea,182,95
Newport,71,95
Newport,120,95
Bangor,160,95
Newport,4,95
Bangor,176,95
Bangor,8,95
Cardiff,8,95
Cardiff,55,95
Swansea,20,95
Swansea,30,95
Newport,66,95
Cardiff,5,95
Newport,111,95
Newport,90,95
Bangor,28,95
Cardiff,42,95
Newport,135,95
Bangor,118,95
Cardiff,47,95
Bangor,92,95
Bangor,113,95
Cardiff,102,95
Bangor,43,95
Cardiff,16,95
Bangor,121,95
Cardiff,125,95
Newport,105,95
Swansea,185,95
Bangor,166,95
Swansea,58,95
Bangor,45,95
Bangor,199,95
Cardiff,15,95
Newport,178,95
Cardiff,66,95
Newport,54,95
Bangor,93,95
Newport,181,95
Swansea,54,95
Swansea,115,95
Cardiff,124,95
Swansea,93,95
Bangor,133,95
Bangor,13,95
Swansea,22,95
Bangor,27,95
