City,Quantity,Product_Code
Newport,145,53
Newport,88,53
Bangor,111,53
Swansea,161,53
Cardiff,52,53
Bangor,166,53
Cardiff,67,53
Bangor,180,53
Bangor,53,53
Cardiff,120,53
Swansea,2,53
Bangor,71,53
Cardiff,148,53
Swansea,156,53
Bangor,162,53
Newport,80,53
Bangor,165,53
Bangor,69,53
Cardiff,12,53
Bangor,162,53
Newport,82,53
Bangor,57,53
Bangor,0,53
Cardiff,113,53
Swansea,192,53
Swansea,127,53
Bangor,185,53
Bangor,148,53
Cardiff,60,53
Newport,199,53
Bangor,145,53
Cardiff,42,53
Newport,196,53
Bangor,167,53
Newport,39,53
Swansea,188,53
Bangor,163,53
Cardiff,28,53
Bangor,34,53
Newport,154,53
Newport,1,53
Newport,113,53
Cardiff,108,53
Bangor,165,53
Bangor,133,53
Cardiff,166,53
Cardiff,127,53
Bangor,14,53
Bangor,66,53
Bangor,15,53
Bangor,42,53
Newport,59,53
Bangor,117,53
Newport,197,53
Cardiff,112,53
Cardiff,191,53
Newport,159,53
Bangor,113,53
Swansea,117,53
Swansea,18,53
Bangor,20,53
Bangor,107,53
Bangor,30,53
Cardiff,177,53
Bangor,128,53
Bangor,73,53
Swansea,31,53
Newport,98,53
Swansea,176,53
Cardiff,110,53
Bangor,62,53
Bangor,199,53
Newport,50,53
Swansea,58,53
Cardiff,197,53
Newport,194,53
Swansea,4,53
Bangor,66,53
Swansea,124,53
Newport,127,53
Cardiff,73,53
Swansea,29,53
Newport,5,53
Swansea,58,53
Cardiff,151,53
Cardiff,200,53
Cardiff,66,53
Bangor,91,53
Swansea,197,53
Cardiff,129,53
Cardiff,62,53
Newport,61,53
Newport,59,53
Newport,177,53
Cardiff,42,53
Cardiff,117,53
Newport,102,53
Cardiff,194,53
Bangor,158,53
Cardiff,104,53
Newport,44,53
Swansea,186,53
Cardiff,16,53
Bangor,139,53
Cardiff,92,53
Bangor,151,53
Swansea,80,53
Newport,94,53
Bangor,6,53
Cardiff,109,53
Swansea,37,53
Bangor,147,53
Swansea,109,53
Newport,143,53
Newport,56,53
Swansea,91,53
Swansea,194,53
Newport,128,53
Swansea,125,53
Cardiff,186,53
Cardiff,197,53
Cardiff,164,53
Newport,175,53
Bangor,111,53
Swansea,39,53
Cardiff,51,53
Swansea,107,53
Bangor,57,53
Newport,2,53
Bangor,96,53
Swansea,84,53
Swansea,24,53
Newport,188,53
Cardiff,51,53
Newport,34,53
Newport,191,53
Cardiff,52,53
Bangor,19,53
Bangor,184,53
Cardiff,196,53
Bangor,56,53
Bangor,146,53
Swansea,73,53
Swansea,115,53
Bangor,28,53
Swansea,184,53
Swansea,29,53
Newport,160,53
Swansea,175,53
Cardiff,83,53
Swansea,104,53
Swansea,199,53
Newport,131,53
Newport,110,53
Cardiff,128,53
Swansea,196,53
Bangor,115,53
Cardiff,55,53
Cardiff,163,53
Cardiff,102,53
Newport,183,53
Bangor,167,53
Bangor,113,53
Cardiff,61,53
Cardiff,163,53
Cardiff,24,53
Cardiff,156,53
Cardiff,53,53
Cardiff,27,53
Newport,99,53
Cardiff,154,53
Newport,167,53
Swansea,124,53
Cardiff,108,53
Newport,54,53
Bangor,34,53
Newport,102,53
Cardiff,180,53
Bangor,12,53
Swansea,126,53
Newport,60,53
Swansea,79,53
Cardiff,48,53
Swansea,151,53
Newport,3,53
Swansea,89,53
Swansea,67,53
Bangor,17,53
Swansea,63,53
Cardiff,100,53
Cardiff,25,53
Newport,193,53
Bangor,3,53
Swansea,180,53
Bangor,111,53
Swansea,127,53
Cardiff,99,53
Bangor,129,53
Newport,44,53
Newport,59,53
Newport,174,53
Newport,171,53
Newport,141,53
Cardiff,153,53
Newport,62,53
Cardiff,9,53
Swansea,127,53
Cardiff,96,53
Newport,74,53
Cardiff,19,53
Bangor,19,53
Swansea,119,53
Newport,151,53
Bangor,181,53
Swansea,178,53
Bangor,16,53
Cardiff,114,53
Swansea,101,53
Newport,130,53
Newport,80,53
Bangor,21,53
Swansea,66,53
Newport,101,53
Bangor,34,53
Bangor,62,53
Newport,180,53
Bangor,196,53
Bangor,157,53
Swansea,163,53
Cardiff,62,53
Bangor,126,53
Swansea,24,53
Swansea,89,53
Cardiff,174,53
Bangor,195,53
Bangor,63,53
Newport,108,53
Newport,132,53
Newport,8,53
Swansea,77,53
Swansea,100,53
Swansea,119,53
Swansea,174,53
Swansea,93,53
Bangor,67,53
Newport,153,53
Cardiff,50,53
Swansea,48,53
Cardiff,100,53
Cardiff,59,53
Swansea,12,53
