City,Quantity,Product_Code
Newport,47,74
Cardiff,170,74
Cardiff,159,74
Cardiff,78,74
Bangor,195,74
Cardiff,128,74
Bangor,99,74
Swansea,9,74
Bangor,114,74
Newport,95,74
Swansea,93,74
Swansea,46,74
Cardiff,121,74
Swansea,20,74
Bangor,154,74
Bangor,152,74
Bangor,107,74
Cardiff,130,74
Newport,88,74
Newport,173,74
Cardiff,51,74
Cardiff,11,74
Bangor,122,74
Bangor,186,74
Swansea,19,74
Newport,65,74
Swansea,25,74
Cardiff,185,74
Newport,0,74
Bangor,43,74
Newport,142,74
Newport,45,74
Bangor,169,74
Swansea,82,74
Swansea,19,74
Newport,187,74
Newport,163,74
Swansea,197,74
Bangor,86,74
Bangor,20,74
Newport,97,74
Bangor,46,74
Swansea,96,74
Swansea,94,74
Newport,89,74
Cardiff,17,74
Newport,122,74
Bangor,140,74
Swansea,20,74
Cardiff,113,74
Bangor,121,74
Cardiff,59,74
Bangor,65,74
Cardiff,130,74
Cardiff,167,74
Bangor,80,74
Bangor,95,74
Cardiff,50,74
Cardiff,81,74
Newport,142,74
Swansea,75,74
Newport,162,74
Newport,40,74
Bangor,62,74
Newport,170,74
Cardiff,64,74
Newport,195,74
Cardiff,118,74
Newport,22,74
Cardiff,102,74
Swansea,16,74
Bangor,5,74
Newport,114,74
Newport,30,74
Swansea,136,74
Newport,63,74
Bangor,81,74
Swansea,122,74
Newport,173,74
Bangor,96,74
Bangor,34,74
Newport,75,74
Bangor,136,74
Newport,107,74
Swansea,171,74
Bangor,174,74
Cardiff,180,74
Bangor,187,74
Cardiff,122,74
Swansea,31,74
Bangor,9,74
Cardiff,136,74
Swansea,61,74
Newport,71,74
Swansea,173,74
Bangor,8,74
Swansea,103,74
Bangor,7,74
Swansea,5,74
Bangor,121,74
Newport,31,74
Bangor,19,74
Swansea,165,74
Cardiff,66,74
Swansea,10,74
Cardiff,115,74
Swansea,200,74
Swansea,125,74
Cardiff,84,74
Newport,53,74
Cardiff,125,74
Swansea,30,74
Swansea,24,74
Swansea,47,74
Newport,78,74
Swansea,161,74
Newport,22,74
Cardiff,94,74
Swansea,45,74
Bangor,194,74
Cardiff,38,74
Bangor,100,74
Bangor,196,74
Swansea,56,74
Bangor,18,74
Newport,200,74
Newport,126,74
Cardiff,91,74
Bangor,115,74
Bangor,177,74
Bangor,167,74
Bangor,142,74
Newport,75,74
Bangor,78,74
Swansea,190,74
Cardiff,194,74
Cardiff,56,74
Newport,75,74
Bangor,107,74
Newport,126,74
Cardiff,91,74
Cardiff,121,74
Newport,64,74
Bangor,144,74
Cardiff,141,74
Bangor,85,74
Cardiff,190,74
Swansea,166,74
Swansea,47,74
Swansea,28,74
Cardiff,73,74
Swansea,33,74
Swansea,172,74
Newport,19,74
Cardiff,82,74
Swansea,116,74
Newport,111,74
Bangor,193,74
Swansea,197,74
Swansea,133,74
Swansea,114,74
Swansea,83,74
Newport,190,74
Bangor,195,74
Swansea,37,74
Bangor,77,74
Cardiff,188,74
Cardiff,123,74
Cardiff,185,74
Cardiff,55,74
Bangor,107,74
Newport,68,74
Cardiff,80,74
Swansea,43,74
Cardiff,112,74
Bangor,67,74
Swansea,135,74
Swansea,94,74
Swansea,200,74
Swansea,68,74
Swansea,104,74
Bangor,68,74
Swansea,101,74
Swansea,169,74
Cardiff,84,74
Swansea,7,74
Cardiff,20,74
Newport,30,74
Newport,187,74
Bangor,23,74
Swansea,110,74
Cardiff,159,74
Swansea,29,74
Swansea,188,74
Bangor,127,74
Swansea,139,74
Cardiff,156,74
Bangor,81,74
Swansea,54,74
Bangor,27,74
Newport,112,74
Newport,198,74
Bangor,144,74
Cardiff,181,74
Bangor,131,74
Swansea,57,74
Swansea,104,74
Swansea,184,74
Newport,128,74
Newport,6,74
Newport,122,74
Bangor,194,74
Newport,55,74
Bangor,25,74
Bangor,200,74
Swansea,29,74
Newport,105,74
Newport,99,74
Bangor,122,74
Cardiff,117,74
Bangor,90,74
Cardiff,102,74
Swansea,180,74
Swansea,103,74
Swansea,107,74
Swansea,134,74
Cardiff,198,74
Newport,29,74
Cardiff,188,74
Newport,157,74
Bangor,185,74
Swansea,78,74
Swansea,170,74
Swansea,66,74
Swansea,150,74
Bangor,33,74
Cardiff,46,74
Bangor,46,74
Bangor,108,74
Bangor,175,74
Bangor,196,74
Bangor,48,74
Bangor,67,74
Bangor,38,74
Swansea,155,74
Cardiff,132,74
Swansea,76,74
Cardiff,198,74
Cardiff,89,74
Newport,63,74
Cardiff,140,74
