City,Quantity,Product_Code
Bangor,133,120
Swansea,189,120
Cardiff,149,120
Cardiff,100,120
Newport,87,120
Newport,42,120
Swansea,127,120
Bangor,189,120
Cardiff,142,120
Newport,140,120
Swansea,102,120
Cardiff,67,120
Cardiff,167,120
Bangor,136,120
Bangor,2,120
Newport,164,120
Cardiff,168,120
Newport,159,120
Cardiff,141,120
Cardiff,167,120
Newport,75,120
Bangor,146,120
Bangor,82,120
Newport,30,120
Swansea,184,120
Swansea,71,120
Bangor,117,120
Swansea,4,120
Bangor,185,120
Cardiff,41,120
Cardiff,20,120
Newport,88,120
Newport,52,120
Newport,5,120
Cardiff,38,120
Swansea,136,120
Swansea,21,120
Bangor,20,120
Bangor,40,120
Swansea,154,120
Cardiff,128,120
Newport,74,120
Newport,150,120
Newport,71,120
Newport,197,120
Cardiff,159,120
Swansea,125,120
Bangor,178,120
Cardiff,104,120
Bangor,92,120
Newport,144,120
Newport,153,120
Bangor,199,120
Swansea,14,120
Newport,73,120
Newport,14,120
Newport,5,120
Swansea,189,120
Swansea,38,120
Newport,104,120
Swansea,121,120
Cardiff,97,120
Bangor,184,120
Newport,184,120
Bangor,124,120
Cardiff,132,120
Newport,88,120
Cardiff,74,120
Newport,168,120
Cardiff,18,120
Bangor,130,120
Swansea,106,120
Bangor,66,120
Cardiff,25,120
Cardiff,196,120
Cardiff,47,120
Swansea,133,120
Cardiff,38,120
Swansea,114,120
Bangor,62,120
Newport,186,120
Swansea,143,120
Cardiff,129,120
Cardiff,117,120
Newport,82,120
Swansea,42,120
Cardiff,198,120
Cardiff,172,120
Cardiff,4,120
Cardiff,121,120
Newport,18,120
Newport,0,120
Swansea,145,120
Swansea,167,120
Cardiff,195,120
Swansea,173,120
Cardiff,11,120
Newport,123,120
Cardiff,19,120
Bangor,1,120
Cardiff,39,120
Newport,188,120
Bangor,66,120
Bangor,54,120
Swansea,73,120
Cardiff,100,120
Cardiff,19,120
Cardiff,113,120
Swansea,18,120
Bangor,198,120
Bangor,172,120
Cardiff,32,120
Swansea,47,120
Newport,33,120
Newport,191,120
Cardiff,46,120
Newport,192,120
Bangor,138,120
Newport,99,120
Swansea,113,120
Cardiff,75,120
Bangor,196,120
Bangor,31,120
Cardiff,128,120
Cardiff,19,120
Newport,114,120
Newport,195,120
Cardiff,150,120
Bangor,173,120
Newport,163,120
Swansea,10,120
Swansea,194,120
Swansea,89,120
Swansea,141,120
Swansea,137,120
Newport,11,120
Cardiff,154,120
Newport,57,120
Swansea,186,120
Bangor,73,120
Bangor,76,120
Bangor,152,120
Newport,44,120
Swansea,193,120
Newport,95,120
Newport,80,120
Newport,183,120
Newport,34,120
Cardiff,199,120
Swansea,29,120
Newport,182,120
Newport,193,120
Newport,19,120
Swansea,24,120
Swansea,52,120
Cardiff,53,120
Cardiff,83,120
Bangor,8,120
Bangor,180,120
Bangor,132,120
Swansea,24,120
Swansea,148,120
Bangor,134,120
Bangor,181,120
Swansea,27,120
Cardiff,165,120
Cardiff,46,120
Swansea,183,120
Cardiff,83,120
Newport,161,120
Newport,181,120
Cardiff,14,120
Swansea,6,120
Newport,174,120
Cardiff,199,120
Bangor,107,120
Newport,47,120
Cardiff,6,120
Bangor,155,120
Newport,186,120
Cardiff,113,120
Swansea,38,120
Swansea,42,120
Cardiff,143,120
Bangor,9,120
Newport,122,120
Bangor,130,120
Bangor,7,120
Bangor,81,120
Cardiff,17,120
Bangor,36,120
Bangor,81,120
Bangor,95,120
Cardiff,16,120
Cardiff,69,120
Newport,134,120
Cardiff,185,120
Swansea,94,120
Newport,29,120
Swansea,28,120
Bangor,128,120
Cardiff,147,120
Cardiff,112,120
Swansea,137,120
Bangor,44,120
Bangor,185,120
Newport,66,120
Swansea,191,120
Cardiff,39,120
Newport,64,120
Cardiff,13,120
Newport,23,120
Bangor,134,120
Bangor,158,120
Swansea,1,120
Cardiff,5,120
Bangor,171,120
Swansea,63,120
Bangor,136,120
Bangor,59,120
Newport,23,120
Swansea,169,120
Swansea,72,120
Swansea,61,120
Newport,187,120
Cardiff,92,120
Newport,26,120
Bangor,146,120
Newport,25,120
Bangor,13,120
Swansea,24,120
Swansea,66,120
Swansea,30,120
Cardiff,123,120
Swansea,27,120
Newport,104,120
Swansea,136,120
Bangor,27,120
Bangor,66,120
Newport,190,120
Swansea,134,120
Cardiff,169,120
Bangor,151,120
Newport,127,120
Swansea,178,120
Cardiff,82,120
Bangor,135,120
Cardiff,172,120
Cardiff,35,120
Bangor,161,120
Swansea,6,120
