City,Quantity,Product_Code
Bangor,21,99
Newport,94,99
Newport,62,99
Newport,65,99
Swansea,103,99
Cardiff,116,99
Newport,59,99
Bangor,96,99
Newport,39,99
Bangor,42,99
Newport,18,99
Swansea,80,99
Newport,47,99
Newport,133,99
Newport,59,99
Swansea,128,99
Cardiff,196,99
Newport,84,99
Bangor,35,99
Newport,11,99
Bangor,49,99
Swansea,1,99
Swansea,40,99
Cardiff,186,99
Newport,64,99
Cardiff,126,99
Swansea,127,99
Cardiff,181,99
Swansea,185,99
Newport,56,99
Swansea,175,99
Bangor,144,99
Swansea,32,99
Swansea,65,99
Swansea,199,99
Swansea,86,99
Bangor,63,99
Swansea,79,99
Cardiff,86,99
Swansea,87,99
Cardiff,136,99
Bangor,61,99
Swansea,86,99
Newport,26,99
Bangor,137,99
Swansea,50,99
Cardiff,86,99
Swansea,89,99
Bangor,26,99
Bangor,128,99
Cardiff,173,99
Cardiff,58,99
Bangor,95,99
Cardiff,67,99
Bangor,46,99
Swansea,197,99
Newport,143,99
Swansea,25,99
Cardiff,48,99
Cardiff,86,99
Swansea,67,99
Bangor,106,99
Cardiff,23,99
Newport,40,99
Swansea,148,99
Cardiff,121,99
Swansea,66,99
Swansea,148,99
Bangor,163,99
Swansea,58,99
Newport,145,99
Newport,56,99
Newport,79,99
Swansea,61,99
Bangor,89,99
Swansea,191,99
Newport,41,99
Swansea,75,99
Bangor,169,99
Bangor,185,99
Bangor,182,99
Bangor,37,99
Swansea,174,99
Newport,178,99
Cardiff,21,99
Newport,69,99
Swansea,147,99
Bangor,41,99
Cardiff,134,99
Cardiff,134,99
Bangor,26,99
Bangor,135,99
Swansea,136,99
Bangor,199,99
Newport,152,99
Swansea,195,99
Newport,179,99
Cardiff,142,99
Swansea,135,99
Swansea,49,99
Swansea,186,99
Newport,158,99
Swansea,176,99
Cardiff,104,99
Bangor,156,99
Cardiff,0,99
Cardiff,86,99
Bangor,72,99
Newport,76,99
Cardiff,63,99
Swansea,143,99
Bangor,13,99
Cardiff,112,99
Newport,96,99
Cardiff,172,99
Swansea,16,99
Newport,130,99
Bangor,148,99
Newport,172,99
Cardiff,160,99
Cardiff,144,99
Bangor,172,99
Cardiff,145,99
Bangor,156,99
Newport,44,99
Newport,160,99
Cardiff,34,99
Newport,198,99
Swansea,160,99
Swansea,156,99
Swansea,171,99
Cardiff,192,99
Newport,92,99
Bangor,18,99
Bangor,150,99
Swansea,28,99
Bangor,128,99
Cardiff,94,99
Bangor,79,99
Swansea,129,99
Cardiff,182,99
Newport,125,99
Swansea,112,99
Cardiff,32,99
Newport,45,99
Newport,35,99
Bangor,197,99
Newport,82,99
Cardiff,80,99
Newport,46,99
Cardiff,188,99
Swansea,132,99
Bangor,106,99
Cardiff,168,99
Bangor,108,99
Bangor,23,99
Bangor,168,99
Bangor,23,99
Newport,164,99
Newport,133,99
Swansea,137,99
Swansea,155,99
Cardiff,39,99
Bangor,52,99
Bangor,200,99
Newport,10,99
Bangor,97,99
Newport,18,99
Newport,63,99
Newport,191,99
Cardiff,138,99
Cardiff,21,99
Swansea,79,99
Newport,190,99
Swansea,13,99
Swansea,118,99
Swansea,198,99
Bangor,6,99
Newport,22,99
Bangor,27,99
Cardiff,59,99
Bangor,111,99
Cardiff,45,99
Newport,155,99
Bangor,51,99
Swansea,123,99
Cardiff,147,99
Cardiff,30,99
Newport,117,99
Newport,52,99
Cardiff,100,99
Swansea,104,99
Swansea,67,99
Newport,172,99
Swansea,88,99
Swansea,25,99
Bangor,109,99
Newport,0,99
Bangor,42,99
Newport,43,99
Bangor,9,99
Swansea,100,99
Newport,76,99
Swansea,41,99
Bangor,185,99
Cardiff,67,99
Bangor,176,99
Bangor,3,99
Bangor,84,99
Cardiff,68,99
Swansea,181,99
Bangor,176,99
Bangor,54,99
Newport,44,99
Bangor,113,99
Newport,181,99
Cardiff,107,99
Swansea,14,99
Swansea,11,99
Bangor,121,99
Bangor,61,99
Bangor,138,99
Newport,2,99
Newport,27,99
Swansea,97,99
Bangor,139,99
Bangor,112,99
Bangor,156,99
Newport,63,99
Swansea,19,99
Bangor,7,99
Newport,126,99
Cardiff,46,99
Bangor,12,99
Cardiff,52,99
Cardiff,11,99
Cardiff,139,99
Cardiff,197,99
Newport,36,99
Bangor,171,99
Bangor,156,99
Bangor,107,99
Cardiff,64,99
Newport,11,99
Newport,179,99
Swansea,43,99
Cardiff,82,99
Swansea,67,99
Swansea,44,99
Swansea,181,99
Newport,24,99
