City,Quantity,Product_Code
Bangor,62,62
Swansea,119,62
Newport,177,62
Cardiff,68,62
Bangor,162,62
Cardiff,60,62
Swansea,26,62
Cardiff,190,62
Cardiff,16,62
Bangor,189,62
Swansea,113,62
Cardiff,105,62
Swansea,54,62
Cardiff,119,62
Cardiff,81,62
Cardiff,130,62
Bangor,164,62
Newport,76,62
Cardiff,18,62
Bangor,18,62
Newport,83,62
Newport,175,62
Cardiff,41,62
Bangor,48,62
Swansea,192,62
Bangor,151,62
Bangor,20,62
Newport,5,62
Swansea,178,62
Bangor,145,62
Cardiff,73,62
Newport,141,62
Cardiff,62,62
Bangor,187,62
Cardiff,109,62
Newport,195,62
Bangor,165,62
Swansea,118,62
Bangor,31,62
Newport,185,62
Cardiff,183,62
Swansea,61,62
Swansea,113,62
Cardiff,175,62
Swansea,24,62
Cardiff,22,62
Swansea,35,62
Newport,95,62
Bangor,29,62
Swansea,28,62
Cardiff,85,62
Cardiff,189,62
Swansea,1,62
Swansea,27,62
Newport,171,62
Bangor,116,62
Cardiff,89,62
Newport,46,62
Swansea,96,62
Cardiff,176,62
Cardiff,48,62
Bangor,137,62
Swansea,36,62
Bangor,123,62
Newport,46,62
Newport,14,62
Newport,57,62
Newport,112,62
Cardiff,162,62
Bangor,14,62
Swansea,68,62
Bangor,41,62
Bangor,136,62
Bangor,17,62
Swansea,47,62
Newport,7,62
Bangor,39,62
Newport,36,62
Swansea,153,62
Cardiff,20,62
Newport,145,62
Newport,166,62
Bangor,65,62
Cardiff,120,62
Bangor,107,62
Bangor,56,62
Cardiff,42,62
Newport,62,62
Swansea,150,62
Swansea,161,62
Swansea,4,62
Cardiff,35,62
Newport,131,62
Cardiff,190,62
Newport,97,62
Newport,96,62
Newport,185,62
Bangor,166,62
Swansea,177,62
Swansea,130,62
Swansea,136,62
Bangor,77,62
Cardiff,29,62
Cardiff,22,62
Cardiff,111,62
Bangor,141,62
Swansea,58,62
Cardiff,85,62
Cardiff,166,62
Newport,77,62
Swansea,100,62
Swansea,174,62
Newport,27,62
Swansea,118,62
Bangor,82,62
Newport,149,62
Cardiff,149,62
Bangor,145,62
Bangor,128,62
Bangor,91,62
Newport,117,62
Cardiff,107,62
Cardiff,22,62
Cardiff,93,62
Cardiff,144,62
Swansea,12,62
Swansea,180,62
Newport,165,62
Cardiff,119,62
Cardiff,182,62
Bangor,15,62
Newport,41,62
Newport,151,62
Swansea,61,62
Newport,160,62
Bangor,76,62
Cardiff,90,62
Swansea,165,62
Bangor,174,62
Swansea,133,62
Swansea,82,62
Bangor,123,62
Swansea,90,62
Newport,150,62
Bangor,101,62
Newport,92,62
Bangor,146,62
Cardiff,116,62
Newport,20,62
Newport,29,62
Cardiff,62,62
Cardiff,132,62
Newport,76,62
Newport,112,62
Cardiff,25,62
Cardiff,88,62
Bangor,121,62
Bangor,113,62
Bangor,133,62
Swansea,43,62
Bangor,97,62
Swansea,33,62
Bangor,120,62
Newport,1,62
Swansea,34,62
Bangor,21,62
Newport,106,62
Newport,43,62
Bangor,15,62
Swansea,42,62
Swansea,26,62
Swansea,106,62
Bangor,129,62
Cardiff,52,62
Swansea,9,62
Bangor,87,62
Swansea,79,62
Bangor,171,62
Swansea,52,62
Swansea,42,62
Cardiff,114,62
Newport,164,62
Swansea,129,62
Bangor,106,62
Cardiff,81,62
Cardiff,155,62
Cardiff,115,62
Newport,97,62
Cardiff,129,62
Bangor,156,62
Swansea,94,62
Swansea,145,62
Bangor,24,62
Bangor,2,62
Newport,64,62
Cardiff,25,62
Newport,8,62
Bangor,122,62
Cardiff,156,62
Bangor,73,62
Cardiff,105,62
Newport,3,62
Newport,64,62
Newport,123,62
Cardiff,48,62
Swansea,35,62
Cardiff,3,62
Swansea,193,62
Newport,173,62
Bangor,33,62
Bangor,7,62
Swansea,20,62
Swansea,39,62
Cardiff,85,62
Newport,106,62
Swansea,94,62
Cardiff,82,62
Newport,14,62
Cardiff,119,62
Swansea,175,62
Bangor,189,62
Newport,113,62
Newport,4,62
Cardiff,119,62
Bangor,53,62
Bangor,105,62
Newport,2,62
Newport,152,62
Bangor,149,62
Bangor,29,62
Cardiff,76,62
Newport,51,62
Cardiff,29,62
Cardiff,158,62
Swansea,193,62
Cardiff,72,62
Bangor,113,62
Cardiff,184,62
Bangor,184,62
Swansea,41,62
Cardiff,20,62
Newport,51,62
Bangor,144,62
Swansea,57,62
Cardiff,161,62
Newport,114,62
Swansea,108,62
Bangor,51,62
Bangor,125,62
Swansea,112,62
Swansea,184,62
