City,Quantity,Product_Code
Cardiff,52,52
Newport,72,52
Swansea,172,52
Cardiff,59,52
Newport,137,52
Swansea,104,52
Cardiff,113,52
Swansea,86,52
Bangor,71,52
Swansea,148,52
Cardiff,91,52
Cardiff,34,52
Bangor,90,52
Swansea,115,52
Swansea,82,52
Newport,179,52
Bangor,82,52
Swansea,47,52
Swansea,50,52
Cardiff,154,52
Newport,85,52
Newport,150,52
Cardiff,74,52
Swansea,154,52
Bangor,148,52
Newport,178,52
Bangor,31,52
Cardiff,106,52
Swansea,1,52
Swansea,114,52
Swansea,13,52
Newport,36,52
Swansea,86,52
Cardiff,115,52
Swansea,197,52
Newport,70,52
Newport,71,52
Cardiff,127,52
Newport,180,52
Cardiff,156,52
Bangor,157,52
Cardiff,177,52
Cardiff,47,52
Bangor,148,52
Swansea,157,52
Bangor,71,52
Cardiff,20,52
Cardiff,90,52
Cardiff,40,52
Newport,43,52
Cardiff,159,52
Newport,138,52
Cardiff,176,52
Newport,126,52
Cardiff,12,52
Swansea,114,52
Cardiff,107,52
Swansea,130,52
Bangor,117,52
Bangor,175,52
Newport,157,52
Bangor,50,52
Swansea,2,52
Bangor,131,52
Bangor,116,52
Swansea,171,52
Bangor,189,52
Swansea,138,52
Cardiff,1,52
Swansea,95,52
Bangor,151,52
Newport,68,52
Swansea,15,52
Cardiff,12,52
Bangor,94,52
Bangor,172,52
Bangor,133,52
Cardiff,75,52
Swansea,98,52
Swansea,39,52
Bangor,70,52
Cardiff,200,52
Swansea,98,52
Swansea,122,52
Bangor,130,52
Swansea,151,52
Bangor,78,52
Swansea,172,52
Swansea,196,52
Cardiff,122,52
Swansea,13,52
Swansea,168,52
Bangor,102,52
Bangor,69,52
Swansea,136,52
Cardiff,155,52
Swansea,36,52
Bangor,90,52
Bangor,197,52
Swansea,84,52
Bangor,44,52
Cardiff,92,52
Newport,144,52
Swansea,128,52
Swansea,91,52
Newport,0,52
Newport,26,52
Cardiff,71,52
Bangor,118,52
Bangor,134,52
Cardiff,52,52
Swansea,186,52
Swansea,8,52
Bangor,23,52
Swansea,156,52
Swansea,125,52
Bangor,150,52
Newport,192,52
Swansea,192,52
Cardiff,184,52
Bangor,95,52
Newport,129,52
Newport,134,52
Cardiff,19,52
Swansea,101,52
Newport,120,52
Newport,97,52
Cardiff,89,52
Newport,140,52
Bangor,188,52
Swansea,134,52
Bangor,170,52
Bangor,68,52
Swansea,200,52
Swansea,3,52
Cardiff,133,52
Newport,185,52
Swansea,109,52
Bangor,196,52
Newport,29,52
Bangor,40,52
Cardiff,195,52
Swansea,190,52
Swansea,59,52
Swansea,1,52
Swansea,105,52
Newport,169,52
Newport,175,52
Swansea,90,52
Newport,141,52
Swansea,14,52
Newport,195,52
Cardiff,195,52
Swansea,199,52
Swansea,123,52
Swansea,98,52
Bangor,126,52
Newport,46,52
Bangor,1,52
Newport,184,52
Cardiff,151,52
Bangor,9,52
Cardiff,43,52
Cardiff,124,52
Swansea,176,52
Swansea,138,52
Swansea,62,52
Cardiff,41,52
Swansea,120,52
Bangor,90,52
Cardiff,5,52
Newport,50,52
Newport,128,52
Cardiff,158,52
Bangor,39,52
Bangor,59,52
Newport,25,52
Swansea,88,52
Cardiff,85,52
Swansea,168,52
Swansea,179,52
Swansea,183,52
Swansea,155,52
Cardiff,108,52
Swansea,97,52
Cardiff,175,52
Cardiff,65,52
Swansea,137,52
Cardiff,192,52
Bangor,120,52
Newport,106,52
Newport,81,52
Cardiff,36,52
Newport,150,52
Swansea,46,52
Newport,43,52
Cardiff,7,52
Newport,37,52
Bangor,48,52
Cardiff,24,52
Newport,78,52
Newport,126,52
Bangor,145,52
Swansea,9,52
Cardiff,179,52
Cardiff,20,52
Bangor,25,52
Newport,113,52
Bangor,192,52
Bangor,176,52
Swansea,115,52
Cardiff,181,52
Bangor,54,52
Swansea,124,52
Cardiff,193,52
Newport,126,52
Swansea,131,52
Swansea,177,52
Swansea,108,52
Swansea,93,52
Cardiff,26,52
Bangor,73,52
Swansea,66,52
Swansea,132,52
Bangor,70,52
Newport,185,52
Cardiff,153,52
Bangor,162,52
Cardiff,118,52
Cardiff,22,52
Swansea,181,52
Cardiff,194,52
Newport,27,52
Newport,132,52
Cardiff,82,52
Swansea,28,52
Newport,97,52
Cardiff,38,52
Swansea,93,52
Bangor,167,52
Newport,23,52
Newport,77,52
Bangor,169,52
Newport,152,52
Bangor,130,52
Newport,116,52
Cardiff,140,52
Newport,170,52
Swansea,0,52
Swansea,129,52
Swansea,182,52
