City,Quantity,Product_Code
Bangor,127,114
Swansea,129,114
Newport,1,114
Cardiff,169,114
Swansea,128,114
Swansea,181,114
Newport,21,114
Cardiff,134,114
Cardiff,137,114
Cardiff,136,114
Cardiff,123,114
Swansea,55,114
Bangor,123,114
Newport,91,114
Bangor,156,114
Swansea,51,114
Swansea,29,114
Newport,29,114
Newport,117,114
Bangor,149,114
Bangor,42,114
Newport,38,114
Newport,27,114
Bangor,156,114
Newport,64,114
Bangor,37,114
Swansea,181,114
Bangor,168,114
Bangor,111,114
Newport,117,114
Bangor,119,114
Newport,0,114
Bangor,172,114
Bangor,46,114
Newport,135,114
Newport,39,114
Newport,116,114
Swansea,129,114
Cardiff,2,114
Newport,55,114
Cardiff,5,114
Bangor,52,114
Cardiff,61,114
Cardiff,10,114
Swansea,94,114
Swansea,134,114
Newport,105,114
Swansea,116,114
Bangor,67,114
Swansea,4,114
Newport,79,114
Cardiff,59,114
Cardiff,128,114
Swansea,174,114
Cardiff,122,114
Cardiff,180,114
Newport,78,114
Newport,42,114
Newport,100,114
Cardiff,149,114
Swansea,88,114
Bangor,13,114
Swansea,73,114
Cardiff,196,114
Newport,83,114
Swansea,67,114
Newport,186,114
Bangor,79,114
Cardiff,192,114
Newport,197,114
Swansea,116,114
Cardiff,25,114
Newport,147,114
Bangor,29,114
Bangor,191,114
Cardiff,144,114
Swansea,114,114
Swansea,112,114
Newport,97,114
Swansea,172,114
Bangor,121,114
Newport,117,114
Newport,44,114
Swansea,111,114
Swansea,38,114
Swansea,30,114
Bangor,80,114
Swansea,92,114
Cardiff,133,114
Newport,92,114
Newport,46,114
Cardiff,53,114
Swansea,13,114
Swansea,30,114
Swansea,95,114
Swansea,22,114
Bangor,70,114
Newport,27,114
Cardiff,47,114
Swansea,119,114
Cardiff,177,114
Swansea,55,114
Cardiff,9,114
Swansea,134,114
Swansea,93,114
Swansea,105,114
Newport,127,114
Cardiff,138,114
Newport,79,114
Cardiff,141,114
Newport,68,114
Newport,100,114
Cardiff,0,114
Swansea,90,114
Swansea,87,114
Swansea,36,114
Cardiff,186,114
Swansea,74,114
Bangor,188,114
Bangor,146,114
Swansea,154,114
Cardiff,116,114
Newport,165,114
Bangor,158,114
Swansea,113,114
Cardiff,37,114
Bangor,44,114
Cardiff,122,114
Newport,46,114
Cardiff,74,114
Swansea,66,114
Bangor,30,114
Swansea,73,114
Newport,67,114
Cardiff,151,114
Bangor,31,114
Newport,116,114
Bangor,159,114
Swansea,179,114
Newport,49,114
Swansea,26,114
Newport,90,114
Swansea,125,114
Cardiff,182,114
Cardiff,19,114
Bangor,169,114
Newport,18,114
Cardiff,112,114
Swansea,20,114
Cardiff,194,114
Bangor,4,114
Newport,121,114
Swansea,195,114
Newport,90,114
Swansea,63,114
Bangor,107,114
Cardiff,11,114
Cardiff,113,114
Bangor,116,114
Cardiff,186,114
Newport,159,114
Cardiff,178,114
Bangor,24,114
Cardiff,165,114
Swansea,154,114
Bangor,158,114
Swansea,14,114
Swansea,94,114
Newport,166,114
Newport,16,114
Bangor,61,114
Bangor,138,114
Cardiff,22,114
Newport,42,114
Swansea,78,114
Swansea,54,114
Bangor,23,114
Swansea,30,114
Bangor,1,114
Swansea,145,114
Cardiff,34,114
Cardiff,68,114
Cardiff,111,114
Cardiff,146,114
Newport,88,114
Swansea,21,114
Swansea,22,114
Bangor,83,114
Swansea,136,114
Cardiff,48,114
Cardiff,51,114
Swansea,195,114
Swansea,43,114
Cardiff,161,114
Cardiff,194,114
Bangor,196,114
Swansea,3,114
Newport,105,114
Swansea,48,114
Newport,173,114
Newport,139,114
Bangor,131,114
Newport,10,114
Newport,23,114
Cardiff,9,114
Newport,175,114
Bangor,137,114
Newport,31,114
Bangor,194,114
Swansea,75,114
Bangor,41,114
Cardiff,80,114
Cardiff,22,114
Swansea,69,114
Newport,34,114
Swansea,138,114
Cardiff,153,114
Swansea,108,114
Bangor,47,114
Cardiff,8,114
Newport,30,114
Swansea,75,114
Cardiff,198,114
Newport,30,114
Newport,27,114
Cardiff,30,114
Bangor,164,114
Swansea,196,114
Cardiff,42,114
Swansea,105,114
Bangor,185,114
Swansea,8,114
Newport,194,114
Swansea,163,114
Swansea,106,114
Swansea,44,114
Newport,19,114
Swansea,55,114
Newport,14,114
Cardiff,50,114
Bangor,160,114
Bangor,21,114
Cardiff,133,114
Cardiff,63,114
Swansea,50,114
Swansea,46,114
Cardiff,172,114
Swansea,194,114
Cardiff,72,114
Newport,23,114
Bangor,17,114
