City,Quantity,Product_Code
Newport,163,187
Swansea,49,187
Cardiff,40,187
Bangor,138,187
Cardiff,87,187
Swansea,144,187
Bangor,65,187
Newport,62,187
Swansea,196,187
Bangor,13,187
Bangor,22,187
Newport,20,187
Cardiff,16,187
Newport,130,187
Newport,81,187
Bangor,14,187
Swansea,144,187
Swansea,132,187
Swansea,52,187
Cardiff,18,187
Cardiff,81,187
Newport,160,187
Cardiff,72,187
Swansea,95,187
Bangor,114,187
Swansea,133,187
Cardiff,67,187
Newport,71,187
Bangor,121,187
Newport,125,187
Newport,165,187
Newport,4,187
Bangor,106,187
Cardiff,141,187
Newport,182,187
Newport,75,187
Swansea,86,187
Swansea,135,187
Cardiff,142,187
Bangor,63,187
Cardiff,189,187
Newport,97,187
Bangor,181,187
Cardiff,67,187
Swansea,151,187
Swansea,97,187
Bangor,86,187
Cardiff,196,187
Bangor,114,187
Newport,55,187
Cardiff,16,187
Bangor,82,187
Bangor,189,187
Newport,46,187
Newport,64,187
Cardiff,42,187
Swansea,53,187
Newport,174,187
Bangor,10,187
Swansea,159,187
Swansea,47,187
Cardiff,123,187
Swansea,54,187
Swansea,60,187
Bangor,167,187
Newport,22,187
Newport,65,187
Newport,86,187
Newport,137,187
Newport,73,187
Cardiff,46,187
Swansea,22,187
Bangor,182,187
Bangor,14,187
Swansea,32,187
Newport,158,187
Cardiff,127,187
Cardiff,36,187
Swansea,110,187
Swansea,89,187
Swansea,30,187
Swansea,101,187
Newport,93,187
Swansea,20,187
Newport,146,187
Cardiff,40,187
Newport,152,187
Cardiff,60,187
Swansea,117,187
Newport,84,187
Bangor,105,187
Bangor,33,187
Newport,91,187
Cardiff,34,187
Bangor,7,187
Cardiff,70,187
Cardiff,192,187
Cardiff,188,187
Bangor,16,187
Swansea,14,187
Cardiff,200,187
Cardiff,55,187
Swansea,1,187
Cardiff,133,187
Swansea,176,187
Bangor,28,187
Cardiff,137,187
Cardiff,13,187
Newport,49,187
Cardiff,59,187
Swansea,73,187
Cardiff,186,187
Newport,143,187
Swansea,142,187
Bangor,21,187
Cardiff,83,187
Newport,134,187
Cardiff,23,187
Bangor,187,187
Bangor,49,187
Swansea,35,187
Bangor,130,187
Bangor,36,187
Cardiff,193,187
Newport,107,187
Swansea,54,187
Newport,19,187
Newport,104,187
Newport,47,187
Cardiff,61,187
Bangor,67,187
Swansea,137,187
Newport,39,187
Cardiff,122,187
Swansea,150,187
Cardiff,2,187
Swansea,86,187
Newport,116,187
Bangor,18,187
Bangor,169,187
Bangor,171,187
Swansea,36,187
Bangor,195,187
Newport,34,187
Cardiff,151,187
Swansea,126,187
Cardiff,52,187
Cardiff,183,187
Newport,87,187
Newport,188,187
Newport,130,187
Bangor,8,187
Cardiff,150,187
Swansea,83,187
Newport,31,187
Bangor,109,187
Swansea,16,187
Swansea,151,187
Newport,156,187
Newport,145,187
Swansea,58,187
Bangor,57,187
Newport,122,187
Swansea,31,187
Newport,81,187
Bangor,165,187
Bangor,174,187
Bangor,97,187
Cardiff,61,187
Bangor,101,187
Cardiff,130,187
Bangor,25,187
Swansea,3,187
Bangor,187,187
Bangor,124,187
Cardiff,113,187
Bangor,155,187
Newport,158,187
Cardiff,130,187
Bangor,51,187
Cardiff,75,187
Bangor,73,187
Cardiff,139,187
Cardiff,114,187
Newport,57,187
Bangor,180,187
Newport,132,187
Cardiff,193,187
Newport,103,187
Swansea,95,187
Newport,157,187
Bangor,103,187
Bangor,9,187
Cardiff,38,187
Bangor,30,187
Newport,94,187
Cardiff,28,187
Cardiff,162,187
Cardiff,89,187
Bangor,53,187
Cardiff,70,187
Bangor,29,187
Swansea,72,187
Newport,43,187
Newport,114,187
Bangor,111,187
Bangor,5,187
Newport,3,187
Cardiff,144,187
Newport,103,187
Bangor,73,187
Swansea,110,187
Swansea,6,187
Cardiff,113,187
Newport,162,187
Cardiff,113,187
Swansea,97,187
Newport,166,187
Swansea,155,187
Swansea,141,187
Cardiff,194,187
Bangor,10,187
Swansea,183,187
Newport,90,187
Cardiff,21,187
Swansea,38,187
Newport,46,187
Cardiff,128,187
Cardiff,41,187
Bangor,182,187
Swansea,191,187
Bangor,46,187
Swansea,59,187
Swansea,119,187
Cardiff,178,187
Cardiff,136,187
Bangor,17,187
Newport,58,187
Newport,3,187
Newport,32,187
Bangor,113,187
Cardiff,22,187
Newport,73,187
Bangor,147,187
Bangor,199,187
Swansea,174,187
Swansea,118,187
Newport,181,187
Swansea,79,187
Cardiff,52,187
Newport,172,187
