City,Quantity,Product_Code
Bangor,76,117
Newport,102,117
Swansea,121,117
Bangor,78,117
Cardiff,33,117
Newport,16,117
Bangor,125,117
Swansea,97,117
Cardiff,180,117
Bangor,157,117
Swansea,113,117
Newport,179,117
Cardiff,107,117
Swansea,98,117
Bangor,128,117
Cardiff,15,117
Bangor,148,117
Cardiff,32,117
Swansea,163,117
Newport,34,117
Swansea,195,117
Bangor,49,117
Bangor,29,117
Cardiff,80,117
Swansea,135,117
Swansea,199,117
Newport,169,117
Bangor,165,117
Newport,35,117
Swansea,105,117
Bangor,143,117
Swansea,72,117
Swansea,87,117
Cardiff,40,117
Cardiff,126,117
Bangor,17,117
Bangor,163,117
Bangor,73,117
Bangor,94,117
Bangor,90,117
Cardiff,11,117
Cardiff,106,117
Newport,106,117
Bangor,148,117
Newport,116,117
Cardiff,63,117
Bangor,110,117
Bangor,123,117
Swansea,82,117
Bangor,35,117
Swansea,88,117
Bangor,32,117
Bangor,117,117
Newport,105,117
Newport,126,117
Swansea,26,117
Newport,154,117
Swansea,185,117
Newport,195,117
Cardiff,22,117
Cardiff,110,117
Bangor,176,117
Newport,82,117
Newport,166,117
Cardiff,186,117
Cardiff,121,117
Newport,105,117
Cardiff,86,117
Swansea,71,117
Cardiff,196,117
Bangor,96,117
Cardiff,166,117
Swansea,51,117
Cardiff,14,117
Bangor,1,117
Cardiff,57,117
Swansea,134,117
Bangor,58,117
Swansea,79,117
Cardiff,108,117
Cardiff,10,117
Bangor,157,117
Swansea,180,117
Cardiff,193,117
Cardiff,187,117
Cardiff,127,117
Cardiff,24,117
Cardiff,86,117
Swansea,105,117
Bangor,171,117
Cardiff,57,117
Cardiff,42,117
Cardiff,43,117
Bangor,60,117
Swansea,199,117
Swansea,126,117
Newport,135,117
Bangor,33,117
Bangor,100,117
Bangor,119,117
Newport,134,117
Swansea,82,117
Swansea,96,117
Newport,183,117
Bangor,115,117
Cardiff,169,117
Cardiff,38,117
Bangor,77,117
Newport,132,117
Bangor,174,117
Swansea,186,117
Cardiff,9,117
Cardiff,74,117
Newport,34,117
Bangor,156,117
Bangor,199,117
Cardiff,177,117
Newport,67,117
Newport,98,117
Newport,174,117
Cardiff,5,117
Swansea,100,117
Bangor,5,117
Cardiff,166,117
Newport,15,117
Cardiff,29,117
Newport,0,117
Bangor,62,117
Swansea,136,117
Cardiff,93,117
Cardiff,154,117
Swansea,116,117
Cardiff,118,117
Cardiff,53,117
Newport,3,117
Newport,182,117
Cardiff,200,117
Swansea,90,117
Newport,51,117
Newport,76,117
Newport,87,117
Cardiff,11,117
Newport,180,117
Bangor,148,117
Bangor,2,117
Swansea,51,117
Cardiff,186,117
Swansea,193,117
Newport,35,117
Swansea,29,117
Cardiff,15,117
Bangor,123,117
Bangor,142,117
Bangor,171,117
Swansea,68,117
Newport,88,117
Bangor,8,117
Cardiff,57,117
Bangor,197,117
Swansea,141,117
Bangor,100,117
Swansea,21,117
Newport,74,117
Bangor,31,117
Newport,67,117
Cardiff,172,117
Bangor,0,117
Bangor,159,117
Swansea,122,117
Newport,130,117
Swansea,124,117
Cardiff,199,117
Cardiff,25,117
Cardiff,40,117
Bangor,59,117
Bangor,28,117
Cardiff,74,117
Newport,93,117
Swansea,113,117
Cardiff,146,117
Newport,171,117
Cardiff,120,117
Swansea,111,117
Bangor,0,117
Swansea,63,117
Cardiff,181,117
Newport,134,117
Swansea,4,117
Swansea,34,117
Bangor,121,117
Newport,131,117
Newport,155,117
Bangor,3,117
Cardiff,104,117
Newport,13,117
Newport,153,117
Cardiff,76,117
Swansea,16,117
Newport,35,117
Newport,105,117
Cardiff,16,117
Swansea,43,117
Bangor,156,117
Bangor,24,117
Cardiff,15,117
Cardiff,5,117
Cardiff,122,117
Cardiff,94,117
Bangor,198,117
Swansea,95,117
Bangor,33,117
Bangor,132,117
Bangor,136,117
Cardiff,180,117
Swansea,115,117
Swansea,134,117
Cardiff,169,117
Newport,100,117
Swansea,82,117
Bangor,162,117
Bangor,69,117
Swansea,48,117
Newport,189,117
Newport,142,117
Newport,188,117
Cardiff,90,117
Newport,86,117
Swansea,185,117
Cardiff,121,117
Cardiff,1,117
Cardiff,153,117
Newport,146,117
Newport,157,117
Cardiff,97,117
Newport,178,117
Bangor,75,117
Bangor,114,117
Bangor,53,117
Swansea,9,117
Newport,180,117
Swansea,188,117
Newport,182,117
Newport,22,117
Bangor,40,117
Bangor,56,117
Swansea,135,117
Cardiff,136,117
Newport,28,117
Bangor,168,117
Newport,173,117
Newport,42,117
