City,Quantity,Product_Code
Newport,50,100
Swansea,28,100
Cardiff,135,100
Cardiff,73,100
Cardiff,76,100
Cardiff,38,100
Swansea,165,100
Cardiff,39,100
Cardiff,56,100
Swansea,170,100
Cardiff,90,100
Newport,180,100
Newport,107,100
Cardiff,139,100
Cardiff,137,100
Bangor,56,100
Newport,37,100
Newport,35,100
Cardiff,41,100
Bangor,100,100
Bangor,98,100
Swansea,48,100
Swansea,163,100
Swansea,157,100
Newport,94,100
Newport,11,100
Swansea,33,100
Newport,85,100
Cardiff,6,100
Newport,1,100
Newport,173,100
Newport,124,100
Newport,5,100
Cardiff,76,100
Newport,89,100
Cardiff,148,100
Cardiff,165,100
Cardiff,34,100
Swansea,132,100
Swansea,71,100
Cardiff,155,100
Cardiff,137,100
Swansea,67,100
Newport,142,100
Swansea,85,100
Newport,60,100
Cardiff,7,100
Bangor,17,100
Bangor,81,100
Swansea,82,100
Swansea,154,100
Newport,170,100
Swansea,15,100
Bangor,194,100
Cardiff,172,100
Newport,32,100
Bangor,183,100
Newport,49,100
Newport,31,100
Cardiff,14,100
Bangor,38,100
Swansea,16,100
Swansea,68,100
Newport,159,100
Swansea,35,100
Swansea,78,100
Bangor,147,100
Swansea,176,100
Newport,119,100
Bangor,74,100
Bangor,177,100
Swansea,16,100
Bangor,185,100
Cardiff,141,100
Newport,178,100
Swansea,0,100
Bangor,126,100
Cardiff,61,100
Bangor,147,100
Bangor,160,100
Bangor,12,100
Swansea,183,100
Cardiff,31,100
Newport,172,100
Swansea,190,100
Swansea,48,100
Swansea,58,100
Bangor,85,100
Newport,115,100
Cardiff,136,100
Bangor,138,100
Newport,132,100
Newport,89,100
Bangor,18,100
Swansea,39,100
Cardiff,127,100
Newport,141,100
Cardiff,191,100
Bangor,193,100
Cardiff,104,100
Newport,41,100
Newport,38,100
Swansea,18,100
Bangor,9,100
Bangor,139,100
Newport,102,100
Newport,127,100
Swansea,51,100
Bangor,109,100
Newport,99,100
Bangor,123,100
Newport,117,100
Newport,90,100
Newport,181,100
Newport,35,100
Bangor,189,100
Cardiff,110,100
Cardiff,102,100
Cardiff,186,100
Swansea,155,100
Newport,189,100
Swansea,189,100
Cardiff,133,100
Newport,196,100
Newport,39,100
Swansea,154,100
Swansea,142,100
Cardiff,106,100
Cardiff,78,100
Bangor,73,100
Swansea,120,100
Swansea,15,100
Bangor,3,100
Swansea,199,100
Cardiff,94,100
Bangor,185,100
Cardiff,56,100
Newport,18,100
Cardiff,186,100
Bangor,132,100
Cardiff,118,100
Newport,6,100
Bangor,162,100
Swansea,200,100
Newport,158,100
Swansea,126,100
Cardiff,111,100
Cardiff,153,100
Cardiff,6,100
Bangor,23,100
Swansea,17,100
Newport,175,100
Swansea,147,100
Cardiff,61,100
Bangor,141,100
Newport,175,100
Newport,123,100
Newport,35,100
Newport,110,100
Newport,173,100
Swansea,18,100
Cardiff,167,100
Newport,43,100
Cardiff,105,100
Swansea,19,100
Swansea,125,100
Bangor,50,100
Swansea,194,100
Bangor,151,100
Bangor,95,100
Swansea,190,100
Swansea,105,100
Bangor,98,100
Cardiff,103,100
Cardiff,186,100
Swansea,172,100
Bangor,159,100
Bangor,108,100
Newport,76,100
Newport,30,100
Newport,78,100
Newport,176,100
Newport,30,100
Swansea,66,100
Newport,91,100
Cardiff,121,100
Swansea,171,100
Swansea,174,100
Newport,25,100
Swansea,101,100
Swansea,60,100
Cardiff,164,100
Swansea,109,100
Newport,6,100
Swansea,3,100
Newport,3,100
Newport,37,100
Newport,93,100
Cardiff,171,100
Cardiff,81,100
Bangor,3,100
Newport,44,100
Bangor,13,100
Cardiff,147,100
Swansea,198,100
Bangor,7,100
Cardiff,72,100
Newport,109,100
Swansea,124,100
Swansea,77,100
Cardiff,153,100
Cardiff,98,100
Swansea,192,100
Cardiff,20,100
Swansea,48,100
Newport,92,100
Bangor,49,100
Swansea,19,100
Bangor,98,100
Cardiff,134,100
Cardiff,65,100
Swansea,158,100
Cardiff,45,100
Bangor,51,100
Cardiff,114,100
Bangor,134,100
Newport,151,100
Newport,150,100
Newport,129,100
Bangor,161,100
Bangor,47,100
Cardiff,107,100
Swansea,39,100
Bangor,134,100
Swansea,146,100
Cardiff,67,100
Swansea,188,100
Bangor,105,100
Cardiff,173,100
Bangor,180,100
Newport,170,100
Newport,10,100
Cardiff,140,100
Bangor,176,100
Bangor,26,100
Swansea,101,100
Swansea,98,100
Cardiff,83,100
Newport,82,100
Bangor,60,100
Cardiff,52,100
