City,Quantity,Product_Code
Newport,135,12
Cardiff,52,12
Newport,190,12
Newport,90,12
Newport,128,12
Newport,127,12
Swansea,6,12
Newport,162,12
Bangor,56,12
Newport,172,12
Cardiff,33,12
Cardiff,25,12
Newport,15,12
Bangor,169,12
Newport,174,12
Newport,105,12
Cardiff,79,12
Cardiff,148,12
Bangor,103,12
Swansea,122,12
Bangor,2,12
Bangor,42,12
Swansea,156,12
Newport,80,12
Newport,171,12
Swansea,96,12
Cardiff,139,12
Newport,40,12
Newport,49,12
Swansea,145,12
Swansea,127,12
Swansea,3,12
Cardiff,186,12
Cardiff,102,12
Swansea,90,12
Cardiff,0,12
Newport,177,12
Bangor,71,12
Bangor,74,12
Swansea,108,12
Cardiff,102,12
Bangor,44,12
Cardiff,110,12
Bangor,166,12
Swansea,97,12
Cardiff,43,12
Swansea,0,12
Bangor,122,12
Bangor,186,12
Cardiff,199,12
Cardiff,141,12
Swansea,144,12
Swansea,198,12
Cardiff,17,12
Swansea,166,12
Cardiff,179,12
Cardiff,148,12
Swansea,125,12
Swansea,6,12
Cardiff,156,12
Cardiff,25,12
Bangor,119,12
Newport,44,12
Bangor,109,12
Cardiff,91,12
Bangor,182,12
Cardiff,42,12
Bangor,0,12
Newport,157,12
Cardiff,147,12
Newport,140,12
Swansea,16,12
Swansea,176,12
Swansea,68,12
Newport,19,12
Bangor,147,12
Swansea,116,12
Newport,102,12
Newport,71,12
Newport,29,12
Swansea,160,12
Cardiff,42,12
Cardiff,185,12
Newport,138,12
Bangor,175,12
Swansea,97,12
Newport,141,12
Bangor,30,12
Bangor,54,12
Swansea,38,12
Swansea,44,12
Newport,170,12
Bangor,10,12
Newport,55,12
Bangor,172,12
Cardiff,87,12
Newport,129,12
Swansea,182,12
Cardiff,11,12
Newport,160,12
Newport,68,12
Swansea,127,12
Swansea,51,12
Cardiff,4,12
Cardiff,48,12
Bangor,19,12
Cardiff,188,12
Bangor,88,12
Newport,14,12
Bangor,45,12
Swansea,69,12
Swansea,19,12
Cardiff,115,12
Bangor,41,12
Swansea,148,12
Bangor,16,12
Bangor,185,12
Swansea,36,12
Newport,50,12
Cardiff,0,12
Swansea,128,12
Swansea,158,12
Newport,53,12
Swansea,156,12
Newport,104,12
Cardiff,179,12
Swansea,140,12
Swansea,159,12
Cardiff,46,12
Swansea,66,12
Swansea,59,12
Swansea,9,12
Bangor,89,12
Swansea,145,12
Bangor,21,12
Cardiff,197,12
Newport,94,12
Newport,8,12
Swansea,198,12
Swansea,60,12
Cardiff,177,12
Swansea,71,12
Newport,56,12
Bangor,119,12
Cardiff,97,12
Newport,175,12
Newport,125,12
Bangor,158,12
Cardiff,32,12
Bangor,132,12
Newport,24,12
Bangor,76,12
Cardiff,193,12
Newport,175,12
Swansea,19,12
Newport,121,12
Swansea,187,12
Cardiff,178,12
Newport,72,12
Swansea,77,12
Newport,51,12
Cardiff,48,12
Newport,76,12
Swansea,131,12
Swansea,124,12
Cardiff,46,12
Cardiff,46,12
Cardiff,118,12
Bangor,145,12
Swansea,64,12
Newport,97,12
Newport,190,12
Swansea,110,12
Cardiff,68,12
Swansea,200,12
Bangor,168,12
Cardiff,93,12
Bangor,123,12
Bangor,119,12
Bangor,146,12
Cardiff,165,12
Bangor,125,12
Cardiff,37,12
Bangor,33,12
Swansea,23,12
Cardiff,23,12
Swansea,84,12
Cardiff,172,12
Cardiff,33,12
Cardiff,81,12
Cardiff,183,12
Newport,58,12
Cardiff,65,12
Bangor,101,12
Cardiff,17,12
Bangor,143,12
Newport,200,12
Swansea,200,12
Swansea,62,12
Cardiff,65,12
Bangor,31,12
Bangor,81,12
Swansea,67,12
Newport,60,12
Swansea,102,12
Newport,80,12
Bangor,131,12
Swansea,100,12
Newport,0,12
Newport,115,12
Cardiff,167,12
Newport,34,12
Cardiff,61,12
Bangor,138,12
Newport,163,12
Bangor,28,12
Swansea,78,12
Cardiff,182,12
Cardiff,176,12
Bangor,0,12
Bangor,163,12
Newport,116,12
Cardiff,119,12
Newport,41,12
Swansea,49,12
Swansea,9,12
Swansea,78,12
Bangor,156,12
Newport,188,12
Newport,18,12
Newport,51,12
Swansea,171,12
Swansea,185,12
Newport,154,12
Cardiff,21,12
Newport,35,12
Cardiff,30,12
Cardiff,163,12
Cardiff,122,12
Bangor,70,12
Bangor,164,12
Bangor,183,12
Newport,60,12
Newport,46,12
Bangor,144,12
Swansea,106,12
Cardiff,179,12
Newport,122,12
Bangor,58,12
Cardiff,75,12
Bangor,105,12
