City,Quantity,Product_Code
Newport,87,124
Bangor,75,124
Bangor,86,124
Swansea,161,124
Newport,92,124
Newport,107,124
Cardiff,112,124
Bangor,149,124
Swansea,106,124
Swansea,85,124
Bangor,119,124
Swansea,85,124
Newport,96,124
Bangor,53,124
Swansea,169,124
Newport,18,124
Newport,1,124
Swansea,195,124
Newport,99,124
Bangor,140,124
Bangor,81,124
Cardiff,32,124
Newport,53,124
Newport,81,124
Newport,88,124
Bangor,151,124
Cardiff,76,124
Bangor,197,124
Newport,183,124
Bangor,12,124
Newport,8,124
Cardiff,95,124
Bangor,124,124
Bangor,53,124
Bangor,171,124
Bangor,71,124
Newport,102,124
Cardiff,132,124
Bangor,89,124
Cardiff,146,124
Newport,68,124
Swansea,174,124
Bangor,199,124
Swansea,27,124
Bangor,2,124
Bangor,192,124
Cardiff,153,124
Bangor,24,124
Newport,104,124
Swansea,30,124
Bangor,92,124
Cardiff,40,124
Newport,34,124
Swansea,122,124
Bangor,192,124
Swansea,77,124
Bangor,6,124
Cardiff,31,124
Cardiff,125,124
Swansea,12,124
Swansea,151,124
Newport,119,124
Bangor,36,124
Bangor,3,124
Swansea,156,124
Bangor,72,124
Bangor,194,124
Newport,20,124
Cardiff,82,124
Newport,49,124
Cardiff,139,124
Swansea,29,124
Cardiff,139,124
Newport,109,124
Swansea,113,124
Newport,192,124
Cardiff,42,124
Newport,146,124
Swansea,5,124
Cardiff,179,124
Swansea,98,124
Swansea,8,124
Bangor,39,124
Bangor,53,124
Swansea,84,124
Bangor,176,124
Newport,125,124
Newport,151,124
Newport,82,124
Cardiff,87,124
Swansea,73,124
Swansea,198,124
Newport,63,124
Cardiff,186,124
Cardiff,129,124
Newport,176,124
Cardiff,122,124
Swansea,177,124
Bangor,187,124
Newport,35,124
Bangor,24,124
Bangor,26,124
Newport,15,124
Cardiff,188,124
Cardiff,22,124
Newport,183,124
Cardiff,149,124
Cardiff,89,124
Newport,22,124
Newport,68,124
Newport,57,124
Swansea,66,124
Bangor,101,124
Cardiff,138,124
Bangor,12,124
Cardiff,27,124
Newport,82,124
Cardiff,37,124
Newport,6,124
Cardiff,74,124
Swansea,189,124
Bangor,99,124
Swansea,180,124
Cardiff,13,124
Swansea,143,124
Swansea,47,124
Cardiff,64,124
Cardiff,137,124
Cardiff,170,124
Bangor,192,124
Bangor,187,124
Bangor,50,124
Newport,54,124
Swansea,42,124
Newport,26,124
Bangor,151,124
Newport,153,124
Swansea,0,124
Cardiff,58,124
Swansea,108,124
Swansea,14,124
Newport,26,124
Newport,60,124
Newport,36,124
Bangor,85,124
Swansea,85,124
Newport,53,124
Cardiff,84,124
Swansea,135,124
Swansea,100,124
Newport,31,124
Swansea,90,124
Bangor,183,124
Bangor,76,124
Swansea,102,124
Swansea,163,124
Swansea,143,124
Cardiff,116,124
Swansea,66,124
Cardiff,145,124
Bangor,52,124
Swansea,22,124
Swansea,144,124
Cardiff,142,124
Swansea,75,124
Newport,151,124
Bangor,22,124
Swansea,60,124
Newport,142,124
Cardiff,80,124
Cardiff,111,124
Newport,186,124
Cardiff,194,124
Newport,21,124
Swansea,147,124
Swansea,181,124
Swansea,53,124
Bangor,97,124
Cardiff,45,124
Swansea,58,124
Bangor,45,124
Newport,98,124
Swansea,100,124
Newport,147,124
Cardiff,58,124
Swansea,166,124
Cardiff,93,124
Swansea,53,124
Cardiff,187,124
Swansea,154,124
Swansea,198,124
Newport,69,124
Swansea,195,124
Newport,28,124
Bangor,82,124
Newport,98,124
Bangor,163,124
Swansea,152,124
Swansea,155,124
Newport,114,124
Cardiff,101,124
Swansea,46,124
Cardiff,127,124
Swansea,164,124
Newport,104,124
Swansea,82,124
Swansea,95,124
Bangor,171,124
Swansea,200,124
Newport,128,124
Newport,52,124
Cardiff,72,124
Swansea,78,124
Swansea,86,124
Cardiff,51,124
Cardiff,97,124
Swansea,195,124
Newport,200,124
Swansea,168,124
Bangor,171,124
Swansea,103,124
Cardiff,59,124
Swansea,132,124
Bangor,143,124
Newport,85,124
Newport,115,124
Swansea,14,124
Cardiff,22,124
Swansea,47,124
Bangor,123,124
Bangor,125,124
Newport,187,124
Newport,176,124
Newport,129,124
Cardiff,22,124
Bangor,95,124
Bangor,18,124
Bangor,144,124
Cardiff,159,124
Bangor,142,124
Bangor,62,124
Cardiff,135,124
Swansea,154,124
Cardiff,68,124
Bangor,167,124
Swansea,142,124
Bangor,26,124
Cardiff,113,124
Swansea,108,124
Newport,124,124
Cardiff,94,124
