City,Quantity,Product_Code
Cardiff,25,180
Cardiff,163,180
Newport,141,180
Cardiff,50,180
Cardiff,68,180
Cardiff,13,180
Cardiff,82,180
Cardiff,132,180
Bangor,69,180
Newport,191,180
Newport,5,180
Cardiff,11,180
Swansea,28,180
Newport,45,180
Bangor,157,180
Swansea,185,180
Bangor,184,180
Cardiff,197,180
Cardiff,7,180
Swansea,95,180
Bangor,76,180
Newport,5,180
Swansea,176,180
Swansea,13,180
Bangor,7,180
Cardiff,137,180
Swansea,90,180
Bangor,163,180
Newport,15,180
Bangor,81,180
Newport,70,180
Newport,88,180
Newport,127,180
Newport,150,180
Newport,33,180
Cardiff,41,180
Newport,28,180
Swansea,165,180
Bangor,153,180
Swansea,194,180
Swansea,165,180
Swansea,105,180
Cardiff,65,180
Swansea,115,180
Newport,22,180
Bangor,123,180
Swansea,45,180
Swansea,66,180
Swansea,173,180
Newport,94,180
Newport,152,180
Newport,108,180
Swansea,48,180
Cardiff,87,180
Cardiff,100,180
Swansea,14,180
Swansea,181,180
Bangor,69,180
Bangor,53,180
Bangor,30,180
Bangor,139,180
Cardiff,9,180
Bangor,137,180
Bangor,78,180
Swansea,198,180
Newport,29,180
Cardiff,69,180
Newport,67,180
Swansea,50,180
Bangor,161,180
Cardiff,71,180
Newport,134,180
Swansea,86,180
Swansea,110,180
Newport,195,180
Swansea,158,180
Cardiff,132,180
Newport,67,180
Bangor,162,180
Newport,164,180
Bangor,17,180
Cardiff,47,180
Newport,168,180
Bangor,113,180
Newport,170,180
Swansea,166,180
Swansea,44,180
Swansea,45,180
Swansea,32,180
Cardiff,192,180
Cardiff,20,180
Swansea,188,180
Newport,63,180
Bangor,80,180
Bangor,27,180
Cardiff,140,180
Swansea,128,180
Swansea,80,180
Cardiff,147,180
Newport,7,180
Swansea,89,180
Newport,40,180
Swansea,173,180
Cardiff,84,180
Cardiff,41,180
Swansea,120,180
Cardiff,126,180
Swansea,66,180
Newport,89,180
Swansea,60,180
Newport,95,180
Cardiff,108,180
Swansea,190,180
Newport,127,180
Swansea,58,180
Cardiff,64,180
Cardiff,162,180
Swansea,41,180
Bangor,26,180
Newport,120,180
Cardiff,152,180
Cardiff,157,180
Cardiff,141,180
Swansea,182,180
Cardiff,33,180
Swansea,19,180
Bangor,181,180
Swansea,5,180
Swansea,126,180
Newport,95,180
Swansea,112,180
Cardiff,170,180
Newport,169,180
Cardiff,54,180
Newport,168,180
Bangor,185,180
Cardiff,129,180
Bangor,134,180
Bangor,50,180
Swansea,186,180
Swansea,88,180
Bangor,53,180
Newport,84,180
Newport,136,180
Swansea,164,180
Newport,49,180
Cardiff,2,180
Cardiff,80,180
Newport,12,180
Newport,3,180
Cardiff,187,180
Newport,33,180
Newport,116,180
Swansea,196,180
Newport,93,180
Cardiff,147,180
Newport,195,180
Cardiff,107,180
Cardiff,117,180
Bangor,116,180
Newport,168,180
Newport,145,180
Newport,141,180
Bangor,39,180
Cardiff,85,180
Cardiff,108,180
Swansea,97,180
Cardiff,31,180
Swansea,85,180
Bangor,30,180
Newport,104,180
Newport,36,180
Bangor,96,180
Cardiff,86,180
Bangor,153,180
Bangor,83,180
Newport,5,180
Newport,14,180
Bangor,40,180
Swansea,199,180
Cardiff,134,180
Cardiff,21,180
Cardiff,193,180
Swansea,58,180
Swansea,65,180
Newport,17,180
Cardiff,109,180
Cardiff,198,180
Swansea,35,180
Bangor,27,180
Newport,114,180
Cardiff,68,180
Bangor,12,180
Newport,186,180
Cardiff,51,180
Newport,185,180
Cardiff,159,180
Swansea,30,180
Swansea,113,180
Bangor,69,180
Bangor,54,180
Cardiff,72,180
Cardiff,24,180
Bangor,146,180
Newport,13,180
Cardiff,62,180
Bangor,51,180
Cardiff,145,180
Swansea,154,180
Cardiff,111,180
Swansea,9,180
Bangor,102,180
Swansea,3,180
Swansea,19,180
Bangor,88,180
Bangor,27,180
Bangor,163,180
Newport,69,180
Swansea,159,180
Cardiff,63,180
Newport,21,180
Cardiff,82,180
Newport,28,180
Cardiff,195,180
Bangor,42,180
Cardiff,149,180
Swansea,79,180
Swansea,73,180
Swansea,87,180
Swansea,64,180
Swansea,190,180
Newport,109,180
Cardiff,99,180
Cardiff,51,180
Bangor,147,180
Swansea,116,180
Cardiff,189,180
Newport,138,180
Newport,138,180
Cardiff,133,180
Bangor,157,180
Bangor,131,180
Newport,23,180
Cardiff,93,180
Swansea,147,180
Newport,14,180
Bangor,129,180
Swansea,21,180
Newport,104,180
Cardiff,117,180
Cardiff,134,180
