City,Quantity,Product_Code
Cardiff,157,128
Bangor,34,128
Cardiff,43,128
Cardiff,122,128
Bangor,114,128
Cardiff,115,128
Bangor,175,128
Bangor,40,128
Cardiff,195,128
Swansea,196,128
Cardiff,38,128
Bangor,192,128
Cardiff,8,128
Newport,58,128
Newport,100,128
Bangor,33,128
Bangor,184,128
Newport,10,128
Cardiff,51,128
Newport,161,128
Cardiff,12,128
Cardiff,155,128
Swansea,98,128
Cardiff,47,128
Bangor,103,128
Cardiff,186,128
Bangor,152,128
Bangor,93,128
Cardiff,83,128
Newport,11,128
Swansea,144,128
Bangor,37,128
Newport,155,128
Bangor,60,128
Swansea,121,128
Newport,11,128
Swansea,36,128
Swansea,81,128
Cardiff,15,128
Swansea,162,128
Swansea,151,128
Bangor,196,128
Newport,41,128
Cardiff,50,128
Bangor,157,128
Swansea,162,128
Newport,52,128
Bangor,42,128
Newport,107,128
Cardiff,45,128
Cardiff,40,128
Bangor,133,128
Cardiff,90,128
Swansea,57,128
Swansea,162,128
Swansea,57,128
Newport,100,128
Newport,26,128
Swansea,176,128
Bangor,194,128
Bangor,121,128
Swansea,157,128
Newport,36,128
Swansea,15,128
Bangor,33,128
Newport,176,128
Newport,123,128
Bangor,118,128
Newport,135,128
Swansea,141,128
Cardiff,53,128
Bangor,61,128
Newport,188,128
Newport,151,128
Swansea,5,128
Swansea,156,128
Newport,151,128
Newport,125,128
Swansea,94,128
Cardiff,85,128
Swansea,15,128
Bangor,67,128
Cardiff,159,128
Newport,31,128
Bangor,200,128
Swansea,165,128
Swansea,109,128
Cardiff,190,128
Cardiff,183,128
Swansea,53,128
Bangor,7,128
Cardiff,0,128
Newport,65,128
Cardiff,73,128
Cardiff,128,128
Newport,200,128
Swansea,69,128
Bangor,176,128
Cardiff,37,128
Bangor,27,128
Cardiff,35,128
Swansea,112,128
Swansea,72,128
Bangor,115,128
Cardiff,148,128
Cardiff,66,128
Bangor,13,128
Bangor,150,128
Swansea,194,128
Bangor,50,128
Bangor,185,128
Swansea,160,128
Newport,76,128
Cardiff,121,128
Cardiff,193,128
Bangor,20,128
Cardiff,42,128
Swansea,43,128
Bangor,66,128
Bangor,54,128
Bangor,86,128
Bangor,22,128
Swansea,8,128
Newport,12,128
Swansea,151,128
Bangor,150,128
Bangor,1,128
Newport,186,128
Swansea,198,128
Newport,154,128
Bangor,172,128
Cardiff,185,128
Newport,119,128
Newport,126,128
Cardiff,91,128
Newport,127,128
Bangor,191,128
Newport,105,128
Swansea,165,128
Cardiff,182,128
Newport,112,128
Cardiff,48,128
Cardiff,124,128
Bangor,74,128
Swansea,164,128
Cardiff,10,128
Newport,22,128
Cardiff,70,128
Newport,66,128
Swansea,44,128
Newport,23,128
Swansea,33,128
Swansea,98,128
Swansea,123,128
Newport,88,128
Bangor,187,128
Cardiff,141,128
Swansea,138,128
Bangor,11,128
Bangor,81,128
Bangor,99,128
Newport,153,128
Newport,92,128
Bangor,107,128
Bangor,23,128
Bangor,112,128
Bangor,65,128
Bangor,35,128
Bangor,180,128
Swansea,175,128
Bangor,197,128
Cardiff,59,128
Swansea,42,128
Bangor,61,128
Bangor,81,128
Newport,39,128
Newport,8,128
Cardiff,16,128
Bangor,97,128
Bangor,97,128
Bangor,195,128
Swansea,191,128
Cardiff,183,128
Cardiff,172,128
Newport,156,128
Cardiff,34,128
Cardiff,181,128
Swansea,194,128
Cardiff,163,128
Bangor,150,128
Bangor,63,128
Cardiff,53,128
Cardiff,107,128
Bangor,117,128
Swansea,135,128
Cardiff,70,128
Cardiff,38,128
Newport,115,128
Bangor,96,128
Cardiff,112,128
Bangor,107,128
Swansea,140,128
Cardiff,162,128
Cardiff,48,128
Swansea,84,128
Swansea,7,128
Swansea,30,128
Cardiff,17,128
Cardiff,71,128
Bangor,91,128
Swansea,121,128
Newport,196,128
Bangor,146,128
Newport,122,128
Swansea,153,128
Bangor,134,128
Cardiff,61,128
Cardiff,79,128
Swansea,154,128
Cardiff,135,128
Swansea,131,128
Swansea,123,128
Newport,125,128
Cardiff,144,128
Newport,47,128
Swansea,100,128
Bangor,18,128
Swansea,151,128
Newport,136,128
Newport,147,128
Bangor,72,128
Bangor,157,128
Swansea,69,128
Swansea,153,128
Newport,151,128
Bangor,168,128
Cardiff,88,128
Cardiff,20,128
Cardiff,170,128
Bangor,77,128
Bangor,103,128
Newport,129,128
Swansea,183,128
Swansea,140,128
Newport,110,128
Bangor,104,128
Newport,119,128
Cardiff,21,128
Bangor,197,128
Bangor,20,128
Cardiff,3,128
