City,Quantity,Product_Code
Newport,171,11
Bangor,183,11
Cardiff,76,11
Swansea,162,11
Swansea,95,11
Bangor,76,11
Newport,120,11
Swansea,90,11
Bangor,13,11
Cardiff,124,11
Swansea,27,11
Swansea,158,11
Newport,30,11
Bangor,128,11
Newport,82,11
Cardiff,167,11
Newport,38,11
Bangor,140,11
Newport,15,11
Newport,83,11
Bangor,17,11
Swansea,175,11
Cardiff,29,11
Bangor,42,11
Bangor,51,11
Swansea,6,11
Swansea,71,11
Swansea,69,11
Bangor,72,11
Bangor,27,11
Bangor,147,11
Newport,106,11
Cardiff,54,11
Bangor,181,11
Swansea,85,11
Swansea,153,11
Bangor,140,11
Newport,144,11
Cardiff,81,11
Swansea,138,11
Newport,195,11
Bangor,24,11
Swansea,22,11
Cardiff,61,11
Newport,105,11
Swansea,124,11
Newport,30,11
Newport,177,11
Newport,40,11
Newport,166,11
Bangor,69,11
Bangor,92,11
Swansea,61,11
Cardiff,13,11
Newport,21,11
Bangor,109,11
Newport,33,11
Bangor,174,11
Bangor,32,11
Swansea,109,11
Cardiff,190,11
Newport,102,11
Swansea,40,11
Bangor,41,11
Cardiff,2,11
Newport,21,11
Swansea,152,11
Newport,38,11
Cardiff,159,11
Cardiff,122,11
Swansea,33,11
Bangor,158,11
Swansea,122,11
Swansea,163,11
Cardiff,71,11
Bangor,98,11
Bangor,30,11
Cardiff,165,11
Newport,68,11
Cardiff,61,11
Swansea,83,11
Bangor,50,11
Bangor,193,11
Swansea,59,11
Swansea,22,11
Bangor,183,11
Swansea,143,11
Cardiff,18,11
Bangor,44,11
Bangor,110,11
Newport,130,11
Cardiff,149,11
Newport,16,11
Newport,15,11
Bangor,157,11
Bangor,41,11
Cardiff,131,11
Cardiff,28,11
Cardiff,184,11
Cardiff,106,11
Newport,167,11
Newport,127,11
Swansea,61,11
Newport,39,11
Cardiff,189,11
Newport,21,11
Swansea,123,11
Bangor,167,11
Bangor,188,11
Cardiff,135,11
Bangor,192,11
Cardiff,90,11
Bangor,59,11
Cardiff,162,11
Newport,195,11
Bangor,147,11
Newport,118,11
Bangor,109,11
Swansea,84,11
Bangor,121,11
Swansea,191,11
Newport,110,11
Cardiff,125,11
Newport,63,11
Swansea,44,11
Cardiff,25,11
Cardiff,197,11
Bangor,131,11
Newport,166,11
Newport,30,11
Cardiff,142,11
Cardiff,75,11
Cardiff,89,11
Bangor,188,11
Newport,54,11
Cardiff,89,11
Bangor,195,11
Cardiff,160,11
Swansea,73,11
Newport,119,11
Bangor,146,11
Cardiff,145,11
Cardiff,69,11
Newport,138,11
Cardiff,161,11
Swansea,15,11
Swansea,107,11
Newport,15,11
Bangor,142,11
Bangor,72,11
Swansea,79,11
Bangor,56,11
Newport,168,11
Cardiff,52,11
Newport,39,11
Bangor,46,11
Newport,91,11
Bangor,3,11
Newport,41,11
Newport,101,11
Cardiff,8,11
Bangor,0,11
Newport,107,11
Swansea,32,11
Bangor,43,11
Swansea,30,11
Bangor,69,11
Newport,169,11
Cardiff,195,11
Swansea,108,11
Cardiff,53,11
Bangor,13,11
Cardiff,73,11
Swansea,101,11
Newport,21,11
Swansea,90,11
Bangor,15,11
Swansea,98,11
Bangor,77,11
Newport,38,11
Swansea,198,11
Bangor,189,11
Bangor,102,11
Bangor,0,11
Swansea,135,11
Swansea,25,11
Bangor,17,11
Newport,128,11
Bangor,125,11
Bangor,44,11
Newport,60,11
Cardiff,19,11
Swansea,28,11
Cardiff,146,11
Swansea,137,11
Newport,143,11
Newport,128,11
Newport,29,11
Newport,49,11
Bangor,84,11
Bangor,69,11
Cardiff,127,11
Newport,49,11
Swansea,23,11
Swansea,172,11
Cardiff,15,11
Newport,25,11
Bangor,28,11
Newport,189,11
Swansea,142,11
Cardiff,55,11
Cardiff,8,11
Swansea,138,11
Swansea,187,11
Bangor,114,11
Cardiff,139,11
Swansea,92,11
Cardiff,127,11
Cardiff,30,11
Bangor,12,11
Cardiff,123,11
Newport,68,11
Bangor,98,11
Bangor,131,11
Bangor,75,11
Swansea,49,11
Cardiff,172,11
Swansea,185,11
Cardiff,181,11
Cardiff,148,11
Swansea,28,11
Cardiff,48,11
Cardiff,158,11
Newport,33,11
Swansea,123,11
Swansea,7,11
Newport,162,11
Bangor,128,11
Bangor,166,11
Bangor,142,11
Bangor,199,11
Cardiff,149,11
Cardiff,167,11
Bangor,62,11
Swansea,49,11
Bangor,86,11
Cardiff,114,11
Bangor,8,11
Bangor,194,11
Bangor,54,11
Newport,4,11
