City,Quantity,Product_Code
Swansea,19,189
Cardiff,150,189
Bangor,141,189
Cardiff,126,189
Swansea,115,189
Bangor,55,189
Swansea,161,189
Swansea,36,189
Cardiff,126,189
Newport,53,189
Swansea,90,189
Swansea,131,189
Cardiff,42,189
Swansea,94,189
Cardiff,95,189
Newport,63,189
Cardiff,88,189
Swansea,122,189
Newport,84,189
Bangor,4,189
Cardiff,20,189
Swansea,107,189
Newport,90,189
Newport,20,189
Swansea,96,189
Cardiff,102,189
Newport,173,189
Newport,199,189
Swansea,200,189
Cardiff,73,189
Swansea,29,189
Cardiff,81,189
Bangor,103,189
Bangor,71,189
Swansea,93,189
Newport,155,189
Newport,10,189
Bangor,33,189
Bangor,158,189
Cardiff,9,189
Bangor,179,189
Newport,8,189
Bangor,30,189
Bangor,66,189
Swansea,103,189
Newport,130,189
Newport,128,189
Bangor,102,189
Newport,67,189
Newport,119,189
Bangor,146,189
Swansea,188,189
Bangor,128,189
Bangor,173,189
Bangor,108,189
Cardiff,83,189
Newport,62,189
Cardiff,52,189
Newport,111,189
Newport,200,189
Newport,130,189
Cardiff,23,189
Swansea,167,189
Swansea,131,189
Swansea,109,189
Newport,138,189
Swansea,84,189
Swansea,123,189
Bangor,119,189
Cardiff,32,189
Bangor,11,189
Swansea,19,189
Bangor,17,189
Cardiff,94,189
Newport,96,189
Newport,79,189
Newport,137,189
Bangor,67,189
Swansea,65,189
Cardiff,49,189
Newport,95,189
Swansea,61,189
Cardiff,145,189
Cardiff,12,189
Newport,34,189
Bangor,85,189
Cardiff,12,189
Cardiff,141,189
Cardiff,184,189
Cardiff,144,189
Newport,15,189
Newport,78,189
Cardiff,93,189
Newport,31,189
Bangor,152,189
Bangor,157,189
Bangor,77,189
Swansea,187,189
Cardiff,183,189
Cardiff,11,189
Bangor,45,189
Swansea,1,189
Bangor,13,189
Newport,60,189
Bangor,73,189
Newport,124,189
Swansea,148,189
Swansea,3,189
Cardiff,127,189
Bangor,62,189
Cardiff,137,189
Bangor,120,189
Cardiff,170,189
Bangor,157,189
Cardiff,130,189
Swansea,131,189
Swansea,59,189
Bangor,86,189
Swansea,78,189
Newport,172,189
Cardiff,28,189
Cardiff,119,189
Swansea,106,189
Swansea,94,189
Swansea,149,189
Cardiff,42,189
Newport,128,189
Swansea,200,189
Swansea,36,189
Bangor,4,189
Newport,132,189
Cardiff,98,189
Swansea,44,189
Swansea,79,189
Newport,64,189
Cardiff,79,189
Cardiff,182,189
Cardiff,156,189
Bangor,25,189
Bangor,82,189
Swansea,115,189
Swansea,195,189
Cardiff,90,189
Swansea,35,189
Swansea,76,189
Swansea,68,189
Cardiff,8,189
Bangor,193,189
Swansea,132,189
Newport,131,189
Cardiff,9,189
Swansea,143,189
Swansea,29,189
Swansea,152,189
Newport,154,189
Bangor,191,189
Newport,17,189
Bangor,49,189
Bangor,9,189
Cardiff,142,189
Newport,7,189
Bangor,53,189
Swansea,95,189
Swansea,170,189
Cardiff,62,189
Swansea,85,189
Cardiff,97,189
Swansea,29,189
Bangor,18,189
Newport,25,189
Bangor,119,189
Newport,162,189
Swansea,79,189
Cardiff,157,189
Bangor,82,189
Bangor,133,189
Swansea,103,189
Swansea,166,189
Swansea,191,189
Cardiff,81,189
Newport,197,189
Swansea,6,189
Swansea,73,189
Newport,72,189
Newport,55,189
Cardiff,194,189
Swansea,90,189
Newport,124,189
Swansea,114,189
Cardiff,1,189
Newport,126,189
Swansea,83,189
Cardiff,107,189
Bangor,38,189
Bangor,108,189
Swansea,139,189
Bangor,86,189
Newport,82,189
Newport,59,189
Swansea,30,189
Newport,191,189
Bangor,57,189
Bangor,56,189
Swansea,189,189
Swansea,138,189
Swansea,123,189
Bangor,179,189
Bangor,6,189
Bangor,46,189
Newport,91,189
Swansea,188,189
Swansea,134,189
Swansea,166,189
Swansea,117,189
Newport,70,189
Newport,26,189
Swansea,147,189
Bangor,17,189
Bangor,116,189
Bangor,192,189
Bangor,47,189
Newport,35,189
Cardiff,136,189
Bangor,161,189
Swansea,108,189
Cardiff,25,189
Swansea,62,189
Swansea,146,189
Bangor,138,189
Swansea,102,189
Newport,184,189
Bangor,183,189
Swansea,41,189
Bangor,86,189
Newport,196,189
Cardiff,100,189
Cardiff,2,189
Swansea,17,189
Cardiff,139,189
Swansea,115,189
Bangor,49,189
Newport,168,189
Bangor,52,189
Newport,72,189
Newport,68,189
Swansea,95,189
Swansea,17,189
Swansea,16,189
Newport,106,189
Cardiff,185,189
Newport,79,189
