City,Quantity,Product_Code
Swansea,103,198
Bangor,114,198
Swansea,47,198
Bangor,121,198
Bangor,52,198
Swansea,89,198
Newport,41,198
Newport,29,198
Cardiff,169,198
Cardiff,103,198
Cardiff,96,198
Swansea,191,198
Bangor,112,198
Newport,17,198
Newport,15,198
Swansea,137,198
Swansea,74,198
Swansea,92,198
Bangor,108,198
Newport,42,198
Newport,87,198
Cardiff,155,198
Newport,134,198
Cardiff,4,198
Bangor,80,198
Swansea,62,198
Cardiff,155,198
Newport,24,198
Bangor,43,198
Cardiff,104,198
Bangor,62,198
Swansea,79,198
Bangor,120,198
Bangor,168,198
Newport,66,198
Cardiff,47,198
Newport,79,198
Bangor,131,198
Swansea,53,198
Bangor,125,198
Newport,130,198
Bangor,122,198
Bangor,63,198
Swansea,75,198
Bangor,30,198
Cardiff,41,198
Swansea,116,198
Bangor,132,198
Swansea,26,198
Newport,74,198
Bangor,158,198
Swansea,99,198
Swansea,162,198
Swansea,187,198
Bangor,152,198
Bangor,47,198
Cardiff,181,198
Bangor,70,198
Bangor,3,198
Swansea,172,198
Newport,142,198
Bangor,117,198
Bangor,155,198
Bangor,172,198
Swansea,165,198
Bangor,191,198
Newport,180,198
Bangor,1,198
Newport,197,198
Newport,177,198
Newport,13,198
Swansea,29,198
Swansea,3,198
Newport,162,198
Newport,113,198
Newport,130,198
Bangor,141,198
Cardiff,122,198
Bangor,176,198
Cardiff,176,198
Newport,125,198
Bangor,89,198
Bangor,98,198
Bangor,27,198
Swansea,105,198
Swansea,34,198
Cardiff,157,198
Newport,65,198
Newport,123,198
Bangor,34,198
Newport,175,198
Cardiff,138,198
Cardiff,87,198
Newport,199,198
Newport,198,198
Newport,197,198
Cardiff,94,198
Bangor,136,198
Swansea,45,198
Cardiff,67,198
Cardiff,200,198
Cardiff,82,198
Cardiff,90,198
Bangor,95,198
Cardiff,129,198
Swansea,84,198
Newport,119,198
Newport,143,198
Bangor,198,198
Swansea,174,198
Bangor,37,198
Newport,27,198
Bangor,186,198
Bangor,49,198
Cardiff,188,198
Bangor,124,198
Cardiff,96,198
Bangor,156,198
Cardiff,126,198
Newport,191,198
Cardiff,163,198
Cardiff,150,198
Swansea,97,198
Cardiff,143,198
Swansea,157,198
Cardiff,43,198
Cardiff,88,198
Cardiff,119,198
Newport,198,198
Bangor,64,198
Swansea,132,198
Cardiff,132,198
Cardiff,110,198
Cardiff,80,198
Newport,19,198
Cardiff,151,198
Newport,47,198
Swansea,140,198
Bangor,150,198
Swansea,105,198
Swansea,68,198
Newport,158,198
Cardiff,194,198
Newport,27,198
Bangor,195,198
Newport,96,198
Cardiff,71,198
Swansea,86,198
Bangor,23,198
Cardiff,124,198
Swansea,23,198
Newport,21,198
Cardiff,81,198
Swansea,58,198
Swansea,30,198
Cardiff,138,198
Newport,152,198
Swansea,27,198
Bangor,53,198
Bangor,102,198
Swansea,80,198
Bangor,160,198
Swansea,107,198
Newport,97,198
Newport,172,198
Cardiff,186,198
Bangor,157,198
Bangor,73,198
Cardiff,18,198
Bangor,25,198
Bangor,158,198
Newport,54,198
Swansea,116,198
Bangor,199,198
Swansea,56,198
Bangor,25,198
Swansea,175,198
Newport,10,198
Swansea,127,198
Swansea,140,198
Swansea,29,198
Bangor,85,198
Cardiff,172,198
Cardiff,144,198
Cardiff,51,198
Bangor,92,198
Newport,86,198
Swansea,153,198
Cardiff,194,198
Cardiff,65,198
Newport,110,198
Bangor,56,198
Newport,176,198
Swansea,52,198
Newport,127,198
Swansea,60,198
Cardiff,1,198
Bangor,189,198
Newport,158,198
Cardiff,50,198
Cardiff,34,198
Newport,14,198
Cardiff,49,198
Newport,193,198
Cardiff,74,198
Bangor,49,198
Bangor,145,198
Cardiff,66,198
Newport,26,198
Swansea,79,198
Bangor,58,198
Cardiff,153,198
Newport,9,198
Swansea,57,198
Newport,44,198
Cardiff,102,198
Bangor,47,198
Bangor,13,198
Newport,124,198
Cardiff,170,198
Bangor,107,198
Bangor,93,198
Swansea,43,198
Cardiff,26,198
Newport,81,198
Newport,67,198
Newport,26,198
Bangor,175,198
Newport,31,198
Bangor,117,198
Newport,96,198
Newport,138,198
Cardiff,99,198
Swansea,105,198
Swansea,102,198
Newport,170,198
Swansea,155,198
Swansea,44,198
Bangor,14,198
Swansea,61,198
Bangor,110,198
Newport,177,198
Swansea,24,198
Bangor,168,198
Swansea,40,198
Swansea,77,198
Newport,126,198
Bangor,119,198
Newport,27,198
Bangor,72,198
Bangor,160,198
