City,Quantity,Product_Code
Swansea,138,200
Newport,5,200
Bangor,102,200
Swansea,88,200
Bangor,58,200
Cardiff,26,200
Cardiff,154,200
Cardiff,55,200
Bangor,188,200
Cardiff,1,200
Bangor,168,200
Bangor,135,200
Bangor,123,200
Swansea,26,200
Cardiff,168,200
Cardiff,88,200
Cardiff,153,200
Newport,90,200
Bangor,96,200
Cardiff,180,200
Bangor,187,200
Newport,64,200
Cardiff,72,200
Bangor,123,200
Bangor,105,200
Newport,184,200
Bangor,184,200
Bangor,187,200
Cardiff,52,200
Bangor,70,200
Swansea,28,200
Newport,102,200
Newport,92,200
Swansea,155,200
Swansea,182,200
Cardiff,134,200
Newport,79,200
Swansea,16,200
Swansea,92,200
Cardiff,9,200
Bangor,61,200
Swansea,123,200
Swansea,15,200
Newport,76,200
Newport,94,200
Newport,134,200
Bangor,159,200
Cardiff,194,200
Cardiff,89,200
Swansea,178,200
Newport,10,200
Swansea,196,200
Bangor,38,200
Bangor,180,200
Newport,142,200
Cardiff,178,200
Swansea,57,200
Bangor,110,200
Cardiff,183,200
Newport,198,200
Swansea,39,200
Newport,141,200
Cardiff,178,200
Cardiff,45,200
Swansea,8,200
Cardiff,119,200
Cardiff,39,200
Bangor,21,200
Cardiff,43,200
Cardiff,169,200
Bangor,136,200
Newport,196,200
Swansea,179,200
Cardiff,1,200
Swansea,7,200
Cardiff,105,200
Swansea,96,200
Bangor,92,200
Newport,178,200
Swansea,82,200
Bangor,190,200
Cardiff,137,200
Cardiff,176,200
Newport,144,200
Cardiff,142,200
Bangor,30,200
Cardiff,29,200
Newport,97,200
Swansea,4,200
Newport,181,200
Cardiff,106,200
Cardiff,192,200
Newport,79,200
Cardiff,52,200
Cardiff,72,200
Newport,158,200
Cardiff,174,200
Bangor,150,200
Cardiff,6,200
Swansea,185,200
Bangor,50,200
Swansea,98,200
Swansea,63,200
Newport,116,200
Newport,157,200
Swansea,149,200
Cardiff,74,200
Bangor,23,200
Swansea,169,200
Newport,50,200
Bangor,5,200
Cardiff,113,200
Swansea,111,200
Newport,49,200
Bangor,50,200
Swansea,70,200
Newport,95,200
Newport,71,200
Bangor,126,200
Bangor,148,200
Bangor,124,200
Newport,162,200
Bangor,183,200
Newport,17,200
Bangor,178,200
Cardiff,96,200
Cardiff,43,200
Bangor,173,200
Bangor,149,200
Bangor,133,200
Newport,1,200
Swansea,95,200
Newport,121,200
Newport,58,200
Newport,195,200
Swansea,146,200
Cardiff,9,200
Swansea,125,200
Cardiff,129,200
Cardiff,184,200
Bangor,141,200
Newport,104,200
Cardiff,114,200
Bangor,198,200
Newport,21,200
Swansea,173,200
Bangor,126,200
Bangor,137,200
Swansea,169,200
Swansea,39,200
Newport,150,200
Cardiff,187,200
Swansea,72,200
Newport,169,200
Cardiff,107,200
Swansea,54,200
Newport,37,200
Cardiff,125,200
Newport,128,200
Cardiff,48,200
Swansea,171,200
Newport,112,200
Bangor,62,200
Swansea,5,200
Newport,137,200
Swansea,83,200
Cardiff,35,200
Cardiff,84,200
Newport,178,200
Newport,32,200
Cardiff,80,200
Newport,36,200
Newport,44,200
Cardiff,153,200
Swansea,12,200
Swansea,91,200
Swansea,32,200
Bangor,59,200
Bangor,42,200
Swansea,163,200
Newport,20,200
Cardiff,187,200
Newport,84,200
Swansea,195,200
Newport,91,200
Bangor,12,200
Newport,112,200
Swansea,121,200
Cardiff,155,200
Swansea,130,200
Bangor,5,200
Newport,143,200
Swansea,14,200
Swansea,51,200
Bangor,106,200
Newport,141,200
Newport,94,200
Swansea,91,200
Swansea,148,200
Swansea,123,200
Newport,61,200
Newport,133,200
Swansea,60,200
Cardiff,156,200
Newport,43,200
Swansea,66,200
Newport,141,200
Cardiff,62,200
Cardiff,126,200
Newport,105,200
Newport,125,200
Cardiff,128,200
Swansea,111,200
Newport,191,200
Cardiff,158,200
Cardiff,90,200
Swansea,66,200
Bangor,15,200
Cardiff,105,200
Swansea,47,200
Newport,109,200
Bangor,59,200
Swansea,80,200
Cardiff,184,200
Swansea,67,200
Cardiff,62,200
Cardiff,38,200
Cardiff,17,200
Newport,106,200
Bangor,40,200
Swansea,119,200
Cardiff,52,200
Newport,82,200
Newport,67,200
Cardiff,11,200
Bangor,80,200
Newport,128,200
Cardiff,128,200
Bangor,92,200
Cardiff,191,200
Cardiff,193,200
Cardiff,84,200
Newport,78,200
Swansea,135,200
Cardiff,51,200
Bangor,191,200
Newport,173,200
Newport,55,200
Cardiff,25,200
Cardiff,37,200
Bangor,26,200
