City,Quantity,Product_Code
Bangor,117,15
Cardiff,192,15
Cardiff,175,15
Cardiff,192,15
Swansea,169,15
Swansea,177,15
Newport,120,15
Cardiff,30,15
Newport,146,15
Cardiff,80,15
Newport,87,15
Newport,116,15
Swansea,114,15
Newport,95,15
Newport,18,15
Cardiff,130,15
Cardiff,89,15
Newport,11,15
Newport,44,15
Swansea,149,15
Swansea,98,15
Newport,40,15
Cardiff,195,15
Swansea,100,15
Newport,4,15
Bangor,101,15
Swansea,140,15
Newport,162,15
Newport,187,15
Swansea,55,15
Cardiff,51,15
Swansea,195,15
Cardiff,143,15
Cardiff,27,15
Newport,148,15
Newport,73,15
Cardiff,0,15
Swansea,71,15
Swansea,63,15
Swansea,109,15
Swansea,169,15
Swansea,173,15
Swansea,66,15
Cardiff,91,15
Cardiff,82,15
Swansea,114,15
Bangor,114,15
Cardiff,155,15
Cardiff,67,15
Swansea,14,15
Bangor,27,15
Swansea,146,15
Swansea,190,15
Cardiff,18,15
Newport,33,15
Swansea,153,15
Cardiff,175,15
Swansea,104,15
Newport,144,15
Bangor,32,15
Bangor,79,15
Cardiff,125,15
Swansea,169,15
Cardiff,60,15
Bangor,100,15
Bangor,52,15
Cardiff,174,15
Swansea,184,15
Newport,116,15
Swansea,10,15
Bangor,115,15
Swansea,192,15
Cardiff,31,15
Bangor,163,15
Newport,159,15
Swansea,182,15
Cardiff,175,15
Cardiff,156,15
Bangor,170,15
Cardiff,48,15
Cardiff,197,15
Newport,45,15
Cardiff,112,15
Cardiff,156,15
Cardiff,134,15
Swansea,117,15
Bangor,169,15
Swansea,17,15
Bangor,138,15
Bangor,91,15
Newport,72,15
Newport,153,15
Newport,87,15
Cardiff,157,15
Bangor,117,15
Cardiff,77,15
Cardiff,122,15
Swansea,17,15
Bangor,168,15
Swansea,113,15
Cardiff,122,15
Cardiff,149,15
Swansea,71,15
Cardiff,79,15
Newport,2,15
Newport,135,15
Swansea,198,15
Newport,48,15
Bangor,27,15
Bangor,40,15
Cardiff,189,15
Newport,73,15
Bangor,142,15
Swansea,131,15
Cardiff,3,15
Swansea,80,15
Cardiff,71,15
Swansea,171,15
Bangor,93,15
Newport,28,15
Bangor,152,15
Bangor,89,15
Swansea,64,15
Cardiff,92,15
Cardiff,186,15
Newport,117,15
Bangor,191,15
Newport,153,15
Bangor,121,15
Swansea,163,15
Newport,192,15
Newport,68,15
Swansea,197,15
Bangor,96,15
Newport,5,15
Swansea,130,15
Swansea,16,15
Bangor,38,15
Cardiff,85,15
Newport,10,15
Cardiff,98,15
Bangor,32,15
Bangor,83,15
Swansea,13,15
Newport,136,15
Swansea,160,15
Newport,132,15
Newport,170,15
Newport,149,15
Newport,145,15
Cardiff,2,15
Newport,83,15
Cardiff,153,15
Swansea,17,15
Bangor,144,15
Bangor,74,15
Swansea,98,15
Bangor,39,15
Cardiff,16,15
Swansea,40,15
Cardiff,82,15
Cardiff,135,15
Newport,81,15
Newport,92,15
Swansea,138,15
Bangor,112,15
Swansea,94,15
Newport,66,15
Bangor,144,15
Swansea,109,15
Swansea,96,15
Bangor,37,15
Cardiff,94,15
Cardiff,3,15
Bangor,187,15
Cardiff,33,15
Bangor,47,15
Newport,12,15
Cardiff,200,15
Bangor,121,15
Newport,2,15
Cardiff,7,15
Newport,143,15
Cardiff,6,15
Newport,193,15
Cardiff,67,15
Cardiff,114,15
Newport,39,15
Newport,56,15
Cardiff,52,15
Newport,135,15
Newport,160,15
Swansea,115,15
Newport,26,15
Cardiff,17,15
Newport,55,15
Cardiff,13,15
Bangor,160,15
Swansea,77,15
Cardiff,134,15
Cardiff,185,15
Swansea,161,15
Newport,165,15
Bangor,77,15
Newport,65,15
Cardiff,129,15
Cardiff,145,15
Bangor,152,15
Swansea,160,15
Swansea,81,15
Swansea,163,15
Swansea,148,15
Newport,74,15
Newport,80,15
Swansea,30,15
Bangor,53,15
Cardiff,87,15
Bangor,178,15
Newport,51,15
Cardiff,33,15
Swansea,16,15
Newport,152,15
Bangor,25,15
Swansea,115,15
Newport,12,15
Newport,174,15
Newport,142,15
Cardiff,25,15
Cardiff,93,15
Swansea,123,15
Swansea,139,15
Bangor,84,15
Cardiff,11,15
Swansea,19,15
Bangor,20,15
Bangor,112,15
Swansea,192,15
Swansea,198,15
Swansea,105,15
Cardiff,73,15
Cardiff,157,15
Bangor,116,15
Cardiff,12,15
Swansea,128,15
Swansea,71,15
Cardiff,164,15
Swansea,157,15
Swansea,138,15
Bangor,154,15
Newport,160,15
Cardiff,188,15
