City,Quantity,Product_Code
Bangor,191,184
Cardiff,162,184
Swansea,197,184
Swansea,103,184
Bangor,121,184
Cardiff,72,184
Bangor,3,184
Swansea,182,184
Cardiff,24,184
Swansea,80,184
Cardiff,2,184
Cardiff,129,184
Swansea,162,184
Swansea,98,184
Bangor,89,184
Swansea,179,184
Newport,118,184
Cardiff,176,184
Newport,93,184
Bangor,86,184
Cardiff,6,184
Swansea,101,184
Swansea,1,184
Swansea,26,184
Cardiff,60,184
Swansea,157,184
Bangor,184,184
Cardiff,99,184
Bangor,80,184
Swansea,164,184
Cardiff,65,184
Swansea,7,184
Bangor,54,184
Swansea,77,184
Swansea,118,184
Swansea,185,184
Bangor,130,184
Swansea,54,184
Cardiff,182,184
Newport,48,184
Swansea,6,184
Bangor,47,184
Bangor,82,184
Swansea,92,184
Swansea,43,184
Swansea,62,184
Newport,53,184
Bangor,16,184
Swansea,55,184
Cardiff,16,184
Newport,140,184
Cardiff,102,184
Bangor,60,184
Swansea,87,184
Swansea,174,184
Swansea,52,184
Bangor,19,184
Swansea,97,184
Cardiff,35,184
Swansea,174,184
Bangor,156,184
Newport,174,184
Swansea,115,184
Cardiff,160,184
Newport,84,184
Newport,160,184
Bangor,21,184
Newport,143,184
Cardiff,168,184
Newport,55,184
Cardiff,16,184
Swansea,22,184
Bangor,52,184
Bangor,138,184
Newport,99,184
Cardiff,127,184
Cardiff,135,184
Newport,57,184
Cardiff,2,184
Cardiff,197,184
Swansea,16,184
Bangor,167,184
Swansea,169,184
Cardiff,162,184
Bangor,155,184
Cardiff,83,184
Cardiff,113,184
Swansea,42,184
Newport,97,184
Swansea,12,184
Cardiff,191,184
Cardiff,190,184
Bangor,167,184
Newport,116,184
Cardiff,191,184
Cardiff,123,184
Cardiff,13,184
Cardiff,61,184
Bangor,122,184
Newport,178,184
Newport,100,184
Bangor,69,184
Cardiff,195,184
Cardiff,146,184
Bangor,101,184
Newport,74,184
Cardiff,26,184
Swansea,8,184
Bangor,52,184
Cardiff,111,184
Swansea,110,184
Newport,82,184
Newport,89,184
Newport,76,184
Cardiff,29,184
Swansea,30,184
Bangor,63,184
Bangor,76,184
Swansea,148,184
Swansea,39,184
Newport,147,184
Swansea,64,184
Newport,95,184
Cardiff,131,184
Newport,175,184
Bangor,187,184
Newport,70,184
Newport,121,184
Cardiff,175,184
Swansea,39,184
Newport,16,184
Bangor,17,184
Swansea,34,184
Swansea,198,184
Bangor,47,184
Cardiff,166,184
Newport,20,184
Bangor,99,184
Bangor,39,184
Bangor,100,184
Cardiff,2,184
Swansea,52,184
Bangor,97,184
Bangor,26,184
Bangor,148,184
Cardiff,38,184
Cardiff,188,184
Cardiff,198,184
Cardiff,29,184
Swansea,46,184
Cardiff,129,184
Bangor,27,184
Cardiff,74,184
Swansea,140,184
Newport,178,184
Cardiff,173,184
Cardiff,68,184
Cardiff,23,184
Newport,97,184
Cardiff,148,184
Cardiff,19,184
Swansea,183,184
Cardiff,82,184
Newport,136,184
Cardiff,98,184
Newport,23,184
Bangor,178,184
Swansea,133,184
Newport,27,184
Newport,8,184
Swansea,188,184
Swansea,198,184
Swansea,110,184
Newport,162,184
Bangor,81,184
Bangor,199,184
Cardiff,76,184
Bangor,187,184
Cardiff,110,184
Newport,64,184
Cardiff,89,184
Newport,78,184
Swansea,62,184
Bangor,140,184
Bangor,50,184
Swansea,181,184
Newport,141,184
Cardiff,142,184
Bangor,139,184
Bangor,67,184
Bangor,169,184
Swansea,82,184
Newport,28,184
Newport,186,184
Bangor,138,184
Swansea,12,184
Newport,2,184
Bangor,24,184
Bangor,48,184
Bangor,200,184
Swansea,101,184
Bangor,26,184
Bangor,61,184
Cardiff,82,184
Swansea,8,184
Cardiff,15,184
Newport,12,184
Bangor,96,184
Newport,44,184
Newport,110,184
Newport,167,184
Newport,133,184
Swansea,132,184
Swansea,197,184
Swansea,46,184
Cardiff,127,184
Swansea,51,184
Cardiff,186,184
Cardiff,197,184
Cardiff,37,184
Cardiff,42,184
Swansea,113,184
Newport,104,184
Bangor,42,184
Cardiff,55,184
Bangor,170,184
Cardiff,199,184
Bangor,138,184
Cardiff,195,184
Bangor,22,184
Bangor,167,184
Swansea,128,184
Newport,113,184
Cardiff,14,184
Swansea,193,184
Cardiff,130,184
Newport,157,184
Newport,184,184
Bangor,94,184
Swansea,34,184
Swansea,113,184
Swansea,151,184
Swansea,33,184
Bangor,56,184
Newport,100,184
Cardiff,185,184
Cardiff,134,184
Swansea,2,184
Bangor,41,184
Swansea,96,184
Newport,123,184
