City,Quantity,Product_Code
Bangor,4,118
Bangor,98,118
Cardiff,195,118
Bangor,47,118
Swansea,18,118
Bangor,186,118
Swansea,55,118
Cardiff,164,118
Bangor,134,118
Swansea,40,118
Newport,100,118
Swansea,38,118
Bangor,116,118
Newport,185,118
Swansea,128,118
Newport,123,118
Swansea,141,118
Bangor,188,118
Swansea,193,118
Newport,57,118
Swansea,86,118
Bangor,157,118
Bangor,117,118
Swansea,36,118
Cardiff,65,118
Cardiff,195,118
Newport,57,118
Swansea,84,118
Newport,79,118
Newport,167,118
Bangor,104,118
Cardiff,37,118
Swansea,42,118
Bangor,36,118
Bangor,122,118
Cardiff,160,118
Newport,163,118
Swansea,115,118
Cardiff,45,118
Bangor,35,118
Bangor,17,118
Newport,54,118
Cardiff,116,118
Bangor,21,118
Swansea,39,118
Newport,173,118
Cardiff,130,118
Newport,165,118
Cardiff,57,118
Bangor,82,118
Swansea,135,118
Bangor,21,118
Swansea,118,118
Swansea,92,118
Cardiff,22,118
Swansea,104,118
Cardiff,55,118
Cardiff,92,118
Newport,128,118
Newport,131,118
Bangor,100,118
Newport,131,118
Bangor,23,118
Swansea,175,118
Swansea,52,118
Newport,156,118
Bangor,88,118
Newport,10,118
Swansea,178,118
Swansea,116,118
Cardiff,34,118
Cardiff,60,118
Cardiff,157,118
Cardiff,16,118
Newport,148,118
Bangor,166,118
Newport,99,118
Bangor,57,118
Swansea,72,118
Swansea,193,118
Newport,91,118
Bangor,17,118
Cardiff,155,118
Bangor,67,118
Newport,77,118
Cardiff,151,118
Swansea,149,118
Newport,132,118
Newport,172,118
Newport,62,118
Swansea,119,118
Swansea,0,118
Newport,171,118
Swansea,170,118
Cardiff,1,118
Swansea,85,118
Newport,30,118
Newport,194,118
Cardiff,89,118
Cardiff,12,118
Bangor,171,118
Newport,28,118
Newport,69,118
Cardiff,51,118
Swansea,31,118
Cardiff,58,118
Cardiff,48,118
Swansea,160,118
Newport,98,118
Bangor,38,118
Bangor,85,118
Newport,200,118
Cardiff,134,118
Swansea,95,118
Bangor,169,118
Cardiff,121,118
Cardiff,149,118
Newport,52,118
Newport,153,118
Bangor,109,118
Cardiff,8,118
Newport,18,118
Swansea,185,118
Newport,95,118
Bangor,84,118
Cardiff,26,118
Newport,30,118
Cardiff,196,118
Newport,54,118
Newport,69,118
Newport,56,118
Bangor,80,118
Cardiff,111,118
Swansea,6,118
Swansea,146,118
Bangor,52,118
Swansea,51,118
Bangor,42,118
Swansea,165,118
Newport,30,118
Newport,172,118
Cardiff,90,118
Newport,76,118
Newport,54,118
Cardiff,178,118
Bangor,126,118
Swansea,191,118
Bangor,88,118
Bangor,58,118
Bangor,86,118
Bangor,66,118
Bangor,120,118
Cardiff,100,118
Bangor,40,118
Cardiff,8,118
Cardiff,102,118
Newport,187,118
Newport,103,118
Newport,157,118
Swansea,99,118
Bangor,13,118
Swansea,53,118
Cardiff,60,118
Newport,166,118
Newport,143,118
Newport,41,118
Cardiff,128,118
Cardiff,10,118
Bangor,188,118
Bangor,113,118
Bangor,147,118
Bangor,182,118
Bangor,159,118
Newport,121,118
Bangor,163,118
Cardiff,78,118
Bangor,41,118
Bangor,107,118
Cardiff,146,118
Bangor,186,118
Bangor,67,118
Newport,84,118
Cardiff,5,118
Swansea,158,118
Newport,117,118
Cardiff,16,118
Newport,96,118
Bangor,11,118
Cardiff,173,118
Bangor,78,118
Swansea,107,118
Swansea,75,118
Cardiff,27,118
Bangor,107,118
Newport,180,118
Newport,0,118
Swansea,100,118
Swansea,100,118
Newport,7,118
Cardiff,34,118
Cardiff,5,118
Newport,188,118
Bangor,8,118
Newport,70,118
Newport,47,118
Swansea,36,118
Newport,82,118
Newport,24,118
Cardiff,38,118
Newport,93,118
Bangor,116,118
Swansea,13,118
Swansea,99,118
Bangor,38,118
Bangor,80,118
Cardiff,97,118
Cardiff,25,118
Cardiff,42,118
Newport,124,118
Cardiff,40,118
Bangor,41,118
Cardiff,89,118
Newport,18,118
Newport,51,118
Newport,94,118
Bangor,186,118
Cardiff,188,118
Cardiff,34,118
Swansea,91,118
Cardiff,34,118
Newport,23,118
Swansea,25,118
Bangor,151,118
Cardiff,174,118
Cardiff,55,118
Swansea,60,118
Cardiff,23,118
Newport,167,118
Swansea,90,118
Swansea,44,118
Newport,91,118
Newport,196,118
Cardiff,84,118
Newport,110,118
Swansea,96,118
Newport,6,118
Cardiff,127,118
Bangor,38,118
Newport,37,118
Swansea,63,118
Bangor,4,118
