City,Quantity,Product_Code
Cardiff,10,103
Newport,120,103
Swansea,200,103
Swansea,1,103
Newport,112,103
Swansea,185,103
Bangor,86,103
Cardiff,118,103
Swansea,191,103
Cardiff,99,103
Swansea,183,103
Swansea,4,103
Cardiff,9,103
Swansea,104,103
Newport,102,103
Cardiff,142,103
Bangor,110,103
Bangor,39,103
Cardiff,198,103
Swansea,176,103
Bangor,120,103
Bangor,178,103
Newport,195,103
Swansea,6,103
Swansea,39,103
Cardiff,199,103
Bangor,2,103
Cardiff,175,103
Swansea,27,103
Newport,137,103
Cardiff,150,103
Newport,74,103
Newport,42,103
Cardiff,178,103
Swansea,18,103
Newport,123,103
Swansea,28,103
Bangor,122,103
Bangor,90,103
Swansea,69,103
Cardiff,95,103
Newport,15,103
Swansea,42,103
Cardiff,74,103
Bangor,136,103
Swansea,41,103
Bangor,19,103
Bangor,194,103
Cardiff,37,103
Swansea,196,103
Newport,78,103
Bangor,190,103
Bangor,193,103
Bangor,172,103
Swansea,94,103
Newport,105,103
Newport,49,103
Swansea,39,103
Cardiff,34,103
Bangor,179,103
Swansea,97,103
Bangor,10,103
Newport,49,103
Swansea,30,103
Bangor,26,103
Cardiff,19,103
Bangor,10,103
Swansea,36,103
Newport,18,103
Cardiff,150,103
Bangor,154,103
Newport,9,103
Bangor,185,103
Bangor,44,103
Newport,154,103
Newport,183,103
Bangor,160,103
Bangor,143,103
Bangor,114,103
Bangor,70,103
Newport,56,103
Swansea,161,103
Swansea,147,103
Cardiff,68,103
Swansea,105,103
Bangor,173,103
Newport,91,103
Swansea,138,103
Bangor,47,103
Bangor,103,103
Newport,55,103
Bangor,76,103
Swansea,110,103
Newport,19,103
Cardiff,198,103
Cardiff,26,103
Newport,172,103
Swansea,189,103
Cardiff,140,103
Swansea,10,103
Bangor,63,103
Bangor,61,103
Bangor,51,103
Newport,130,103
Cardiff,150,103
Cardiff,155,103
Newport,58,103
Bangor,12,103
Newport,123,103
Bangor,3,103
Bangor,56,103
Swansea,133,103
Bangor,45,103
Swansea,129,103
Newport,0,103
Newport,86,103
Newport,4,103
Cardiff,94,103
Bangor,173,103
Swansea,27,103
Newport,108,103
Bangor,191,103
Swansea,17,103
Cardiff,157,103
Cardiff,27,103
Swansea,0,103
Bangor,31,103
Bangor,74,103
Newport,136,103
Bangor,39,103
Swansea,44,103
Newport,142,103
Bangor,30,103
Swansea,36,103
Swansea,136,103
Swansea,199,103
Cardiff,157,103
Bangor,57,103
Cardiff,85,103
Newport,108,103
Swansea,89,103
Bangor,87,103
Cardiff,109,103
Newport,33,103
Cardiff,58,103
Cardiff,131,103
Newport,1,103
Swansea,132,103
Bangor,153,103
Swansea,118,103
Newport,69,103
Swansea,5,103
Newport,188,103
Newport,23,103
Swansea,175,103
Cardiff,90,103
Swansea,158,103
Swansea,13,103
Swansea,52,103
Newport,177,103
Swansea,81,103
Bangor,197,103
Cardiff,170,103
Swansea,61,103
Newport,123,103
Bangor,76,103
Newport,109,103
Bangor,53,103
Swansea,87,103
Bangor,197,103
Newport,147,103
Bangor,173,103
Newport,4,103
Newport,193,103
Bangor,141,103
Newport,107,103
Newport,99,103
Bangor,85,103
Swansea,157,103
Cardiff,102,103
Cardiff,88,103
Newport,50,103
Swansea,56,103
Bangor,141,103
Cardiff,179,103
Cardiff,172,103
Swansea,49,103
Bangor,39,103
Bangor,31,103
Swansea,108,103
Newport,192,103
Swansea,186,103
Swansea,170,103
Newport,141,103
Cardiff,86,103
Swansea,71,103
Cardiff,14,103
Newport,182,103
Bangor,51,103
Newport,197,103
Swansea,102,103
Bangor,108,103
Cardiff,191,103
Swansea,134,103
Bangor,194,103
Newport,18,103
Newport,18,103
Bangor,185,103
Bangor,112,103
Cardiff,125,103
Bangor,139,103
Bangor,65,103
Swansea,85,103
Bangor,143,103
Cardiff,107,103
Swansea,11,103
Swansea,62,103
Swansea,131,103
Cardiff,192,103
Cardiff,172,103
Swansea,17,103
Cardiff,47,103
Newport,10,103
Cardiff,200,103
Newport,27,103
Swansea,67,103
Bangor,128,103
Newport,198,103
Bangor,85,103
Cardiff,69,103
Cardiff,59,103
Swansea,29,103
Bangor,88,103
Cardiff,134,103
Swansea,54,103
Swansea,188,103
Bangor,192,103
Bangor,44,103
Swansea,183,103
Cardiff,158,103
Cardiff,59,103
Swansea,6,103
Swansea,170,103
Cardiff,84,103
Cardiff,8,103
Bangor,28,103
Cardiff,107,103
Newport,68,103
Bangor,81,103
Swansea,11,103
Cardiff,68,103
