City,Quantity,Product_Code
Bangor,118,153
Newport,94,153
Cardiff,136,153
Bangor,141,153
Newport,116,153
Bangor,97,153
Bangor,17,153
Newport,188,153
Newport,85,153
Newport,136,153
Swansea,114,153
Bangor,59,153
Swansea,20,153
Bangor,104,153
Newport,3,153
Bangor,93,153
Cardiff,99,153
Newport,153,153
Bangor,195,153
Swansea,73,153
Newport,170,153
Newport,184,153
Newport,51,153
Cardiff,193,153
Newport,43,153
Newport,21,153
Newport,199,153
Cardiff,23,153
Bangor,51,153
Newport,147,153
Cardiff,187,153
Swansea,92,153
Newport,43,153
Newport,14,153
Cardiff,101,153
Newport,82,153
Cardiff,131,153
Cardiff,53,153
Cardiff,75,153
Cardiff,199,153
Newport,11,153
Newport,35,153
Cardiff,8,153
Newport,74,153
Bangor,62,153
Newport,106,153
Cardiff,44,153
Newport,36,153
Newport,142,153
Bangor,127,153
Swansea,148,153
Bangor,124,153
Cardiff,7,153
Cardiff,181,153
Newport,28,153
Cardiff,72,153
Swansea,191,153
Bangor,49,153
Swansea,177,153
Newport,26,153
Cardiff,149,153
Newport,6,153
Cardiff,139,153
Swansea,79,153
Swansea,13,153
Cardiff,121,153
Cardiff,128,153
Newport,71,153
Newport,179,153
Newport,196,153
Newport,161,153
Newport,52,153
Swansea,106,153
Newport,173,153
Swansea,122,153
Newport,52,153
Swansea,62,153
Swansea,11,153
Cardiff,30,153
Swansea,115,153
Swansea,196,153
Newport,49,153
Bangor,156,153
Bangor,55,153
Swansea,63,153
Cardiff,7,153
Swansea,148,153
Bangor,26,153
Cardiff,120,153
Swansea,198,153
Swansea,171,153
Newport,21,153
Cardiff,175,153
Newport,147,153
Bangor,72,153
Swansea,113,153
Newport,60,153
Swansea,119,153
Bangor,163,153
Swansea,89,153
Swansea,116,153
Bangor,102,153
Swansea,170,153
Newport,68,153
Bangor,158,153
Swansea,166,153
Newport,109,153
Bangor,38,153
Cardiff,196,153
Bangor,193,153
Bangor,182,153
Bangor,24,153
Newport,83,153
Swansea,135,153
Bangor,194,153
Bangor,5,153
Newport,141,153
Swansea,181,153
Newport,184,153
Newport,97,153
Swansea,6,153
Newport,10,153
Bangor,162,153
Bangor,140,153
Swansea,166,153
Cardiff,184,153
Cardiff,9,153
Bangor,176,153
Cardiff,99,153
Bangor,12,153
Cardiff,46,153
Swansea,77,153
Swansea,59,153
Bangor,76,153
Newport,114,153
Cardiff,67,153
Swansea,35,153
Bangor,66,153
Swansea,11,153
Cardiff,23,153
Swansea,12,153
Cardiff,17,153
Newport,147,153
Newport,22,153
Newport,146,153
Cardiff,52,153
Newport,19,153
Cardiff,6,153
Newport,84,153
Newport,5,153
Bangor,129,153
Bangor,1,153
Bangor,94,153
Swansea,1,153
Newport,59,153
Swansea,144,153
Bangor,16,153
Swansea,62,153
Cardiff,28,153
Bangor,167,153
Cardiff,40,153
Bangor,141,153
Bangor,141,153
Swansea,121,153
Newport,34,153
Newport,45,153
Bangor,192,153
Bangor,146,153
Cardiff,65,153
Cardiff,15,153
Swansea,116,153
Swansea,90,153
Cardiff,46,153
Bangor,83,153
Bangor,89,153
Newport,101,153
Cardiff,23,153
Bangor,64,153
Bangor,168,153
Bangor,175,153
Newport,62,153
Cardiff,15,153
Swansea,146,153
Newport,148,153
Cardiff,50,153
Cardiff,13,153
Cardiff,154,153
Bangor,153,153
Swansea,77,153
Cardiff,173,153
Cardiff,113,153
Cardiff,164,153
Bangor,52,153
Swansea,20,153
Cardiff,126,153
Newport,87,153
Cardiff,148,153
Newport,28,153
Cardiff,40,153
Bangor,84,153
Swansea,63,153
Cardiff,40,153
Bangor,102,153
Swansea,90,153
Swansea,163,153
Newport,180,153
Swansea,13,153
Cardiff,16,153
Swansea,175,153
Cardiff,105,153
Swansea,78,153
Cardiff,32,153
Cardiff,147,153
Newport,166,153
Cardiff,55,153
Newport,46,153
Swansea,88,153
Swansea,49,153
Newport,47,153
Bangor,115,153
Cardiff,63,153
Bangor,195,153
Newport,37,153
Swansea,177,153
Swansea,6,153
Cardiff,20,153
Swansea,188,153
Bangor,48,153
Newport,193,153
Cardiff,191,153
Swansea,84,153
Swansea,14,153
Swansea,106,153
Newport,24,153
Swansea,40,153
Swansea,180,153
Cardiff,5,153
Swansea,42,153
Swansea,61,153
Cardiff,28,153
Cardiff,176,153
Cardiff,15,153
Newport,112,153
Cardiff,46,153
Cardiff,47,153
Bangor,190,153
Bangor,131,153
Swansea,5,153
Newport,86,153
Bangor,60,153
Bangor,186,153
