City,Quantity,Product_Code
Cardiff,70,165
Cardiff,25,165
Newport,196,165
Newport,104,165
Newport,124,165
Bangor,180,165
Newport,151,165
Bangor,193,165
Newport,148,165
Cardiff,179,165
Bangor,182,165
Cardiff,30,165
Newport,36,165
Newport,13,165
Swansea,55,165
Newport,67,165
Newport,134,165
Bangor,41,165
Swansea,34,165
Cardiff,132,165
Bangor,171,165
Cardiff,124,165
Newport,49,165
Bangor,41,165
Newport,71,165
Cardiff,190,165
Swansea,38,165
Swansea,179,165
Swansea,50,165
Newport,24,165
Swansea,185,165
Newport,167,165
Bangor,0,165
Bangor,60,165
Swansea,191,165
Swansea,198,165
Bangor,158,165
Bangor,49,165
Bangor,150,165
Newport,22,165
Bangor,102,165
Cardiff,129,165
Bangor,174,165
Bangor,184,165
Bangor,47,165
Swansea,160,165
Newport,69,165
Bangor,18,165
Swansea,144,165
Bangor,197,165
Bangor,78,165
Bangor,173,165
Bangor,198,165
Bangor,48,165
Bangor,196,165
Swansea,195,165
Swansea,124,165
Swansea,21,165
Bangor,119,165
Cardiff,137,165
Bangor,151,165
Newport,163,165
Cardiff,23,165
Cardiff,148,165
Swansea,136,165
Bangor,111,165
Bangor,103,165
Cardiff,139,165
Bangor,160,165
Newport,94,165
Cardiff,95,165
Swansea,3,165
Cardiff,32,165
Cardiff,137,165
Cardiff,145,165
Bangor,19,165
Bangor,90,165
Bangor,180,165
Bangor,134,165
Swansea,36,165
Swansea,191,165
Cardiff,61,165
Cardiff,123,165
Newport,115,165
Swansea,133,165
Swansea,80,165
Newport,101,165
Bangor,78,165
Swansea,173,165
Cardiff,124,165
Bangor,57,165
Swansea,180,165
Cardiff,175,165
Bangor,61,165
Swansea,107,165
Bangor,102,165
Swansea,186,165
Newport,58,165
Cardiff,104,165
Cardiff,97,165
Cardiff,199,165
Swansea,58,165
Bangor,184,165
Bangor,191,165
Swansea,104,165
Newport,108,165
Newport,9,165
Bangor,91,165
Bangor,72,165
Cardiff,164,165
Cardiff,7,165
Bangor,26,165
Newport,86,165
Bangor,127,165
Newport,67,165
Swansea,134,165
Cardiff,98,165
Swansea,107,165
Swansea,161,165
Bangor,64,165
Newport,128,165
Swansea,43,165
Bangor,156,165
Cardiff,138,165
Newport,102,165
Cardiff,150,165
Newport,115,165
Newport,48,165
Newport,96,165
Cardiff,192,165
Swansea,61,165
Newport,91,165
Newport,82,165
Swansea,144,165
Newport,58,165
Cardiff,165,165
Bangor,170,165
Newport,118,165
Bangor,28,165
Bangor,190,165
Swansea,45,165
Newport,82,165
Swansea,91,165
Cardiff,23,165
Swansea,38,165
Newport,121,165
Cardiff,128,165
Cardiff,9,165
Newport,118,165
Bangor,130,165
Cardiff,26,165
Bangor,199,165
Swansea,16,165
Swansea,59,165
Newport,125,165
Cardiff,109,165
Newport,65,165
Bangor,76,165
Cardiff,49,165
Newport,43,165
Bangor,139,165
Swansea,1,165
Swansea,98,165
Bangor,122,165
Cardiff,86,165
Cardiff,24,165
Swansea,156,165
Bangor,154,165
Bangor,154,165
Swansea,40,165
Bangor,73,165
Newport,89,165
Newport,121,165
Cardiff,79,165
Cardiff,14,165
Bangor,21,165
Cardiff,123,165
Bangor,158,165
Bangor,100,165
Cardiff,187,165
Newport,5,165
Newport,11,165
Swansea,18,165
Bangor,36,165
Newport,53,165
Swansea,82,165
Cardiff,102,165
Newport,108,165
Bangor,195,165
Cardiff,153,165
Swansea,11,165
Newport,172,165
Newport,60,165
Newport,58,165
Bangor,74,165
Bangor,14,165
Bangor,170,165
Newport,33,165
Cardiff,112,165
Newport,193,165
Cardiff,142,165
Swansea,37,165
Newport,37,165
Bangor,74,165
Bangor,126,165
Newport,79,165
Newport,75,165
Swansea,63,165
Cardiff,63,165
Bangor,131,165
Newport,64,165
Newport,185,165
Bangor,165,165
Newport,98,165
Cardiff,48,165
Newport,72,165
Newport,7,165
Newport,107,165
Bangor,177,165
Bangor,174,165
Newport,114,165
Cardiff,165,165
Swansea,64,165
Newport,198,165
Bangor,43,165
Bangor,61,165
Swansea,8,165
Newport,43,165
Cardiff,80,165
Cardiff,101,165
Newport,70,165
Cardiff,153,165
Newport,118,165
Swansea,45,165
Bangor,22,165
Swansea,65,165
Cardiff,16,165
Bangor,128,165
Cardiff,173,165
Newport,120,165
Bangor,154,165
Bangor,123,165
Swansea,159,165
Cardiff,195,165
Swansea,149,165
Newport,188,165
Cardiff,127,165
Swansea,181,165
Bangor,153,165
Cardiff,172,165
Cardiff,90,165
