City,Quantity,Product_Code
Swansea,37,34
Swansea,40,34
Bangor,17,34
Bangor,102,34
Swansea,153,34
Bangor,32,34
Bangor,101,34
Swansea,69,34
Bangor,170,34
Swansea,52,34
Newport,8,34
Newport,176,34
Bangor,6,34
Bangor,173,34
Cardiff,28,34
Swansea,107,34
Bangor,52,34
Bangor,40,34
Bangor,75,34
Swansea,72,34
Swansea,69,34
Bangor,112,34
Cardiff,196,34
Swansea,77,34
Newport,71,34
Bangor,87,34
Cardiff,114,34
Cardiff,10,34
Bangor,151,34
Newport,32,34
Bangor,18,34
Cardiff,116,34
Bangor,112,34
Newport,97,34
Cardiff,26,34
Cardiff,80,34
Cardiff,19,34
Swansea,60,34
Cardiff,60,34
Swansea,64,34
Cardiff,198,34
Swansea,69,34
Swansea,116,34
Swansea,80,34
Cardiff,119,34
Swansea,29,34
Bangor,117,34
Swansea,65,34
Swansea,149,34
Bangor,19,34
Cardiff,87,34
Bangor,191,34
Cardiff,178,34
Newport,35,34
Swansea,146,34
Cardiff,63,34
Newport,111,34
Cardiff,42,34
Cardiff,97,34
Swansea,66,34
Bangor,150,34
Cardiff,182,34
Cardiff,151,34
Swansea,22,34
Bangor,100,34
Cardiff,158,34
Cardiff,61,34
Newport,197,34
Swansea,135,34
Bangor,25,34
Cardiff,185,34
Bangor,12,34
Swansea,65,34
Newport,62,34
Bangor,186,34
Newport,194,34
Cardiff,58,34
Newport,70,34
Bangor,73,34
Swansea,29,34
Swansea,115,34
Cardiff,125,34
Bangor,18,34
Swansea,24,34
Swansea,10,34
Bangor,0,34
Cardiff,28,34
Newport,137,34
Bangor,108,34
Newport,60,34
Swansea,162,34
Bangor,71,34
Cardiff,126,34
Swansea,194,34
Cardiff,118,34
Swansea,154,34
Bangor,45,34
Newport,3,34
Cardiff,156,34
Bangor,178,34
Newport,189,34
Swansea,13,34
Bangor,182,34
Newport,194,34
Bangor,40,34
Bangor,182,34
Bangor,192,34
Newport,182,34
Newport,62,34
Newport,157,34
Swansea,42,34
Swansea,30,34
Newport,98,34
Bangor,78,34
Swansea,15,34
Swansea,171,34
Bangor,37,34
Bangor,21,34
Swansea,117,34
Bangor,34,34
Swansea,141,34
Newport,196,34
Bangor,51,34
Bangor,107,34
Newport,94,34
Swansea,185,34
Cardiff,56,34
Cardiff,84,34
Swansea,66,34
Bangor,54,34
Bangor,162,34
Cardiff,115,34
Cardiff,166,34
Bangor,194,34
Bangor,161,34
Swansea,24,34
Newport,196,34
Bangor,94,34
Cardiff,97,34
Swansea,65,34
Bangor,115,34
Bangor,194,34
Newport,101,34
Cardiff,92,34
Cardiff,136,34
Cardiff,11,34
Cardiff,86,34
Cardiff,87,34
Newport,47,34
Newport,128,34
Cardiff,32,34
Swansea,123,34
Cardiff,38,34
Cardiff,32,34
Bangor,110,34
Swansea,15,34
Swansea,82,34
Newport,62,34
Newport,131,34
Newport,98,34
Newport,31,34
Bangor,110,34
Cardiff,29,34
Cardiff,183,34
Cardiff,11,34
Bangor,156,34
Swansea,111,34
Newport,37,34
Newport,59,34
Bangor,137,34
Newport,159,34
Bangor,42,34
Cardiff,45,34
Swansea,61,34
Newport,74,34
Newport,111,34
Newport,135,34
Bangor,62,34
Bangor,164,34
Bangor,22,34
Bangor,165,34
Newport,20,34
Cardiff,200,34
Bangor,17,34
Newport,128,34
Newport,175,34
Bangor,3,34
Newport,114,34
Newport,66,34
Bangor,96,34
Cardiff,67,34
Newport,74,34
Bangor,88,34
Bangor,184,34
Cardiff,174,34
Cardiff,163,34
Newport,70,34
Cardiff,82,34
Swansea,132,34
Cardiff,147,34
Bangor,37,34
Newport,2,34
Swansea,163,34
Bangor,78,34
Bangor,95,34
Cardiff,11,34
Swansea,49,34
Cardiff,109,34
Cardiff,27,34
Cardiff,167,34
Cardiff,101,34
Cardiff,11,34
Newport,97,34
Cardiff,11,34
Newport,116,34
Newport,65,34
Cardiff,105,34
Cardiff,152,34
Cardiff,84,34
Bangor,132,34
Swansea,71,34
Bangor,168,34
Cardiff,66,34
Cardiff,55,34
Cardiff,111,34
Cardiff,1,34
Cardiff,115,34
Newport,136,34
Bangor,90,34
Newport,158,34
Newport,136,34
Newport,57,34
Newport,164,34
Newport,113,34
Cardiff,35,34
Cardiff,169,34
Cardiff,123,34
Newport,135,34
Swansea,198,34
Swansea,62,34
Newport,181,34
Newport,37,34
Newport,130,34
Cardiff,47,34
Swansea,193,34
Swansea,137,34
Cardiff,63,34
Newport,95,34
Newport,159,34
Swansea,169,34
Newport,156,34
