City,Quantity,Product_Code
Newport,163,73
Swansea,18,73
Swansea,89,73
Swansea,12,73
Swansea,89,73
Swansea,161,73
Swansea,150,73
Swansea,0,73
Newport,120,73
Swansea,194,73
Bangor,105,73
Cardiff,119,73
Newport,170,73
Newport,167,73
Swansea,164,73
Cardiff,31,73
Cardiff,1,73
Newport,186,73
Cardiff,181,73
Bangor,43,73
Cardiff,187,73
Newport,102,73
Newport,4,73
Swansea,170,73
Newport,186,73
Cardiff,140,73
Cardiff,42,73
Swansea,53,73
Cardiff,26,73
Newport,2,73
Cardiff,8,73
Cardiff,71,73
Bangor,21,73
Cardiff,53,73
Swansea,183,73
Swansea,148,73
Cardiff,18,73
Cardiff,131,73
Newport,0,73
Newport,7,73
Swansea,72,73
Bangor,55,73
Cardiff,164,73
Newport,143,73
Swansea,104,73
Bangor,119,73
Bangor,87,73
Bangor,93,73
Cardiff,97,73
Cardiff,60,73
Swansea,101,73
Swansea,125,73
Cardiff,27,73
Swansea,157,73
Swansea,135,73
Cardiff,109,73
Cardiff,101,73
Cardiff,182,73
Bangor,152,73
Bangor,65,73
Cardiff,135,73
Bangor,15,73
Cardiff,48,73
Cardiff,105,73
Swansea,157,73
Newport,144,73
Swansea,149,73
Newport,80,73
Swansea,165,73
Bangor,199,73
Bangor,160,73
Bangor,138,73
Bangor,80,73
Newport,19,73
Bangor,195,73
Bangor,107,73
Bangor,49,73
Newport,58,73
Bangor,144,73
Cardiff,34,73
Cardiff,96,73
Bangor,95,73
Cardiff,113,73
Bangor,162,73
Cardiff,28,73
Swansea,133,73
Bangor,131,73
Cardiff,10,73
Newport,128,73
Cardiff,92,73
Bangor,90,73
Cardiff,153,73
Bangor,52,73
Cardiff,173,73
Newport,153,73
Cardiff,145,73
Bangor,13,73
Newport,185,73
Cardiff,64,73
Cardiff,139,73
Bangor,105,73
Newport,116,73
Newport,56,73
Newport,43,73
Cardiff,13,73
Swansea,192,73
Cardiff,197,73
Bangor,14,73
Newport,123,73
Bangor,167,73
Cardiff,103,73
Bangor,142,73
Bangor,7,73
Cardiff,165,73
Cardiff,184,73
Cardiff,125,73
Newport,37,73
Newport,111,73
Newport,198,73
Newport,85,73
Swansea,133,73
Swansea,71,73
Cardiff,186,73
Bangor,148,73
Cardiff,62,73
Swansea,166,73
Cardiff,187,73
Bangor,44,73
Cardiff,32,73
Bangor,74,73
Swansea,19,73
Newport,74,73
Bangor,154,73
Newport,88,73
Cardiff,118,73
Cardiff,162,73
Newport,97,73
Newport,181,73
Cardiff,47,73
Swansea,154,73
Bangor,193,73
Swansea,99,73
Newport,11,73
Newport,94,73
Swansea,80,73
Cardiff,120,73
Cardiff,164,73
Swansea,38,73
Newport,82,73
Bangor,34,73
Cardiff,39,73
Newport,129,73
Bangor,83,73
Swansea,198,73
Bangor,166,73
Bangor,101,73
Swansea,48,73
Newport,165,73
Swansea,80,73
Newport,103,73
Bangor,63,73
Swansea,59,73
Bangor,144,73
Newport,131,73
Cardiff,34,73
Cardiff,68,73
Bangor,115,73
Swansea,199,73
Cardiff,50,73
Bangor,19,73
Swansea,11,73
Newport,70,73
Bangor,121,73
Bangor,132,73
Newport,182,73
Bangor,195,73
Swansea,7,73
Cardiff,9,73
Bangor,15,73
Bangor,76,73
Bangor,58,73
Cardiff,184,73
Bangor,4,73
Newport,100,73
Cardiff,13,73
Newport,140,73
Swansea,119,73
Cardiff,96,73
Cardiff,103,73
Swansea,17,73
Swansea,53,73
Swansea,66,73
Bangor,151,73
Cardiff,168,73
Newport,83,73
Cardiff,94,73
Swansea,132,73
Swansea,47,73
Swansea,25,73
Cardiff,87,73
Swansea,167,73
Cardiff,7,73
Bangor,189,73
Newport,135,73
Swansea,192,73
Bangor,181,73
Newport,17,73
Swansea,144,73
Cardiff,199,73
Cardiff,154,73
Swansea,164,73
Bangor,185,73
Swansea,59,73
Newport,76,73
Cardiff,162,73
Bangor,195,73
Cardiff,128,73
Bangor,188,73
Cardiff,106,73
Newport,191,73
Swansea,29,73
Swansea,101,73
Cardiff,97,73
Swansea,192,73
Cardiff,124,73
Swansea,191,73
Cardiff,145,73
Cardiff,188,73
Swansea,159,73
Cardiff,69,73
Newport,51,73
Cardiff,191,73
Swansea,194,73
Newport,113,73
Bangor,31,73
Bangor,100,73
Cardiff,143,73
Cardiff,146,73
Newport,171,73
Cardiff,162,73
Newport,103,73
Cardiff,41,73
Newport,67,73
Bangor,20,73
Newport,175,73
Bangor,165,73
Swansea,54,73
Newport,199,73
Cardiff,73,73
Bangor,50,73
Cardiff,111,73
