City,Quantity,Product_Code
Swansea,169,29
Bangor,180,29
Swansea,49,29
Bangor,11,29
Bangor,175,29
Swansea,52,29
Newport,161,29
Newport,105,29
Swansea,87,29
Newport,122,29
Newport,143,29
Newport,123,29
Swansea,13,29
Cardiff,32,29
Swansea,45,29
Cardiff,115,29
Bangor,84,29
Bangor,190,29
Cardiff,13,29
Newport,192,29
Bangor,14,29
Swansea,144,29
Newport,7,29
Newport,26,29
Newport,67,29
Cardiff,40,29
Cardiff,170,29
Bangor,151,29
Newport,196,29
Swansea,116,29
Bangor,70,29
Bangor,70,29
Swansea,185,29
Swansea,110,29
Newport,123,29
Bangor,175,29
Newport,136,29
Swansea,105,29
Newport,7,29
Newport,23,29
Swansea,194,29
Newport,197,29
Newport,150,29
Cardiff,4,29
Bangor,42,29
Newport,119,29
Newport,114,29
Newport,181,29
Bangor,187,29
Cardiff,52,29
Newport,145,29
Cardiff,56,29
Swansea,152,29
Swansea,183,29
Newport,59,29
Cardiff,111,29
Bangor,164,29
Bangor,33,29
Swansea,175,29
Bangor,94,29
Cardiff,184,29
Bangor,200,29
Cardiff,52,29
Cardiff,46,29
Swansea,34,29
Bangor,126,29
Swansea,175,29
Swansea,159,29
Cardiff,147,29
Swansea,12,29
Newport,46,29
Newport,134,29
Cardiff,22,29
Cardiff,179,29
Cardiff,145,29
Newport,197,29
Cardiff,160,29
Cardiff,2,29
Newport,30,29
Bangor,120,29
Cardiff,180,29
Swansea,49,29
Newport,81,29
Swansea,160,29
Bangor,51,29
Cardiff,132,29
Newport,82,29
Cardiff,13,29
Newport,35,29
Newport,0,29
Bangor,76,29
Cardiff,69,29
Swansea,194,29
Newport,191,29
Swansea,33,29
Cardiff,164,29
Newport,7,29
Newport,133,29
Cardiff,100,29
Newport,191,29
Newport,107,29
Bangor,16,29
Newport,180,29
Cardiff,172,29
Cardiff,168,29
Bangor,63,29
Newport,70,29
Swansea,194,29
Newport,127,29
Bangor,65,29
Bangor,130,29
Newport,0,29
Swansea,139,29
Bangor,167,29
Bangor,37,29
Cardiff,144,29
Swansea,161,29
Cardiff,144,29
Swansea,45,29
Swansea,119,29
Bangor,3,29
Swansea,26,29
Cardiff,12,29
Cardiff,68,29
Cardiff,114,29
Swansea,77,29
Cardiff,50,29
Bangor,154,29
Bangor,20,29
Newport,22,29
Bangor,164,29
Swansea,41,29
Swansea,144,29
Bangor,192,29
Newport,97,29
Bangor,60,29
Swansea,84,29
Swansea,191,29
Newport,97,29
Swansea,142,29
Swansea,17,29
Newport,113,29
Swansea,74,29
Bangor,133,29
Cardiff,90,29
Newport,141,29
Cardiff,156,29
Newport,83,29
Swansea,27,29
Newport,65,29
Newport,85,29
Newport,196,29
Newport,135,29
Swansea,45,29
Swansea,68,29
Swansea,101,29
Bangor,123,29
Bangor,95,29
Newport,64,29
Bangor,8,29
Swansea,186,29
Cardiff,94,29
Bangor,0,29
Cardiff,13,29
Swansea,185,29
Newport,103,29
Bangor,116,29
Swansea,12,29
Swansea,144,29
Newport,138,29
Cardiff,192,29
Swansea,59,29
Swansea,165,29
Newport,183,29
Swansea,39,29
Newport,78,29
Swansea,61,29
Bangor,165,29
Cardiff,127,29
Cardiff,180,29
Bangor,125,29
Cardiff,195,29
Newport,163,29
Cardiff,152,29
Newport,3,29
Swansea,191,29
Newport,177,29
Bangor,153,29
Newport,44,29
Cardiff,21,29
Swansea,192,29
Bangor,95,29
Bangor,19,29
Bangor,106,29
Newport,4,29
Swansea,23,29
Swansea,200,29
Cardiff,130,29
Swansea,169,29
Swansea,15,29
Newport,134,29
Newport,185,29
Bangor,12,29
Cardiff,107,29
Newport,139,29
Newport,7,29
Cardiff,39,29
Swansea,120,29
Cardiff,20,29
Newport,142,29
Newport,0,29
Newport,186,29
Swansea,14,29
Bangor,153,29
Bangor,176,29
Cardiff,163,29
Bangor,98,29
Swansea,187,29
Newport,78,29
Bangor,103,29
Newport,151,29
Swansea,74,29
Swansea,67,29
Cardiff,167,29
Swansea,147,29
Swansea,139,29
Cardiff,63,29
Swansea,192,29
Bangor,118,29
Swansea,154,29
Bangor,143,29
Newport,102,29
Swansea,148,29
Swansea,45,29
Newport,71,29
Bangor,137,29
Swansea,106,29
Newport,189,29
Bangor,178,29
Cardiff,156,29
Bangor,9,29
Bangor,171,29
Bangor,146,29
Bangor,14,29
Newport,46,29
Newport,15,29
Bangor,35,29
Newport,94,29
Newport,72,29
Newport,98,29
Newport,135,29
