City,Quantity,Product_Code
Newport,60,109
Newport,188,109
Swansea,89,109
Newport,192,109
Cardiff,68,109
Newport,16,109
Cardiff,59,109
Bangor,126,109
Swansea,145,109
Bangor,193,109
Newport,114,109
Swansea,187,109
Swansea,162,109
Newport,48,109
Newport,130,109
Newport,0,109
Bangor,143,109
Swansea,52,109
Swansea,107,109
Bangor,92,109
Cardiff,136,109
Swansea,199,109
Bangor,4,109
Newport,199,109
Cardiff,178,109
Newport,193,109
Newport,63,109
Swansea,40,109
Newport,93,109
Bangor,55,109
Bangor,134,109
Newport,24,109
Cardiff,40,109
Cardiff,87,109
Bangor,141,109
Swansea,118,109
Newport,165,109
Cardiff,193,109
Bangor,44,109
Newport,149,109
Bangor,2,109
Cardiff,183,109
Cardiff,17,109
Cardiff,50,109
Swansea,121,109
Swansea,17,109
Newport,57,109
Newport,94,109
Newport,189,109
Swansea,158,109
Bangor,18,109
Bangor,183,109
Cardiff,161,109
Bangor,136,109
Swansea,110,109
Swansea,178,109
Bangor,11,109
Bangor,170,109
Swansea,76,109
Bangor,168,109
Swansea,99,109
Cardiff,78,109
Swansea,52,109
Bangor,89,109
Swansea,122,109
Bangor,57,109
Newport,91,109
Cardiff,122,109
Newport,113,109
Swansea,138,109
Swansea,29,109
Bangor,146,109
Cardiff,118,109
Swansea,172,109
Newport,165,109
Swansea,133,109
Cardiff,45,109
Bangor,75,109
Newport,24,109
Cardiff,175,109
Newport,114,109
Swansea,109,109
Newport,178,109
Swansea,104,109
Newport,164,109
Cardiff,73,109
Cardiff,140,109
Swansea,76,109
Newport,56,109
Newport,101,109
Bangor,130,109
Bangor,94,109
Newport,16,109
Newport,61,109
Bangor,151,109
Cardiff,183,109
Cardiff,8,109
Bangor,134,109
Swansea,2,109
Cardiff,104,109
Swansea,90,109
Bangor,124,109
Newport,76,109
Cardiff,130,109
Cardiff,59,109
Swansea,149,109
Cardiff,74,109
Swansea,5,109
Bangor,70,109
Swansea,90,109
Swansea,87,109
Bangor,115,109
Newport,171,109
Cardiff,81,109
Newport,125,109
Bangor,15,109
Newport,149,109
Newport,159,109
Cardiff,102,109
Swansea,21,109
Newport,48,109
Swansea,162,109
Newport,173,109
Cardiff,43,109
Swansea,10,109
Newport,45,109
Newport,103,109
Newport,140,109
Bangor,187,109
Cardiff,167,109
Cardiff,155,109
Bangor,174,109
Bangor,44,109
Swansea,176,109
Bangor,167,109
Bangor,197,109
Cardiff,157,109
Bangor,155,109
Bangor,140,109
Bangor,190,109
Bangor,157,109
Swansea,149,109
Newport,39,109
Swansea,56,109
Bangor,18,109
Newport,196,109
Newport,100,109
Cardiff,96,109
Newport,172,109
Newport,9,109
Swansea,59,109
Bangor,91,109
Bangor,33,109
Newport,189,109
Bangor,91,109
Cardiff,4,109
Swansea,97,109
Swansea,24,109
Bangor,5,109
Cardiff,195,109
Swansea,10,109
Cardiff,104,109
Swansea,67,109
Bangor,41,109
Cardiff,100,109
Newport,32,109
Swansea,105,109
Newport,117,109
Cardiff,182,109
Newport,96,109
Newport,118,109
Cardiff,190,109
Cardiff,151,109
Newport,58,109
Cardiff,154,109
Bangor,196,109
Bangor,108,109
Bangor,147,109
Newport,159,109
Swansea,198,109
Bangor,51,109
Swansea,29,109
Bangor,11,109
Bangor,173,109
Newport,30,109
Newport,191,109
Newport,186,109
Swansea,177,109
Newport,29,109
Cardiff,140,109
Cardiff,124,109
Newport,55,109
Newport,135,109
Newport,47,109
Swansea,15,109
Swansea,185,109
Cardiff,115,109
Newport,99,109
Swansea,170,109
Newport,120,109
Bangor,138,109
Swansea,35,109
Cardiff,12,109
Cardiff,172,109
Newport,61,109
Cardiff,116,109
Swansea,110,109
Cardiff,5,109
Cardiff,113,109
Swansea,189,109
Bangor,161,109
Bangor,83,109
Newport,151,109
Cardiff,150,109
Swansea,173,109
Bangor,111,109
Swansea,94,109
Swansea,88,109
Swansea,19,109
Bangor,162,109
Bangor,19,109
Bangor,59,109
Newport,47,109
Newport,92,109
Swansea,124,109
Swansea,16,109
Cardiff,83,109
Swansea,5,109
Newport,109,109
Bangor,48,109
Newport,78,109
Newport,196,109
Newport,92,109
Cardiff,168,109
Cardiff,136,109
Newport,145,109
Swansea,183,109
Bangor,95,109
Swansea,21,109
Bangor,107,109
Bangor,197,109
Bangor,26,109
Newport,197,109
Newport,47,109
Bangor,169,109
Newport,128,109
Swansea,2,109
Cardiff,104,109
Bangor,65,109
Cardiff,104,109
Cardiff,197,109
