City,Quantity,Product_Code
Newport,187,8
Cardiff,145,8
Bangor,26,8
Newport,168,8
Newport,11,8
Cardiff,191,8
Cardiff,153,8
Bangor,74,8
Newport,141,8
Bangor,89,8
Swansea,40,8
Bangor,98,8
Newport,165,8
Swansea,67,8
Cardiff,18,8
Newport,95,8
Bangor,8,8
Bangor,58,8
Cardiff,62,8
Newport,169,8
Newport,116,8
Swansea,1,8
Swansea,48,8
Bangor,155,8
Newport,162,8
Swansea,128,8
Swansea,31,8
Bangor,112,8
Bangor,71,8
Cardiff,50,8
Newport,178,8
Swansea,48,8
Swansea,152,8
Cardiff,35,8
Cardiff,42,8
Newport,195,8
Swansea,50,8
Newport,63,8
Bangor,47,8
Newport,59,8
Newport,24,8
Cardiff,26,8
Swansea,110,8
Bangor,110,8
Newport,114,8
Newport,80,8
Bangor,182,8
Swansea,58,8
Cardiff,145,8
Swansea,50,8
Cardiff,51,8
Newport,72,8
Bangor,132,8
Bangor,23,8
Bangor,188,8
Swansea,44,8
Bangor,29,8
Bangor,120,8
Bangor,57,8
Cardiff,49,8
Swansea,42,8
Newport,25,8
Swansea,149,8
Cardiff,109,8
Swansea,152,8
Cardiff,18,8
Cardiff,115,8
Swansea,30,8
Cardiff,58,8
Bangor,25,8
Swansea,198,8
Cardiff,139,8
Cardiff,100,8
Newport,55,8
Swansea,62,8
Cardiff,172,8
Cardiff,128,8
Cardiff,197,8
Swansea,88,8
Cardiff,138,8
Swansea,196,8
Newport,146,8
Cardiff,68,8
Newport,96,8
Cardiff,104,8
Bangor,147,8
Swansea,25,8
Bangor,47,8
Cardiff,163,8
Bangor,111,8
Swansea,57,8
Swansea,189,8
Swansea,23,8
Bangor,143,8
Swansea,101,8
Newport,97,8
Swansea,162,8
Cardiff,132,8
Cardiff,179,8
Cardiff,126,8
Swansea,71,8
Swansea,56,8
Cardiff,149,8
Cardiff,169,8
Newport,34,8
Cardiff,9,8
Swansea,57,8
Bangor,69,8
Cardiff,150,8
Swansea,22,8
Bangor,166,8
Cardiff,65,8
Bangor,187,8
Cardiff,139,8
Swansea,97,8
Cardiff,3,8
Newport,12,8
Cardiff,197,8
Cardiff,54,8
Newport,36,8
Bangor,97,8
Newport,16,8
Cardiff,138,8
Bangor,42,8
Swansea,138,8
Bangor,102,8
Swansea,190,8
Bangor,160,8
Newport,176,8
Bangor,29,8
Cardiff,7,8
Newport,9,8
Newport,1,8
Swansea,140,8
Swansea,146,8
Cardiff,61,8
Bangor,88,8
Swansea,84,8
Newport,200,8
Cardiff,129,8
Swansea,49,8
Newport,88,8
Swansea,9,8
Bangor,22,8
Bangor,160,8
Swansea,157,8
Cardiff,148,8
Bangor,155,8
Newport,102,8
Swansea,45,8
Cardiff,65,8
Bangor,33,8
Cardiff,113,8
Swansea,1,8
Newport,129,8
Cardiff,3,8
Swansea,174,8
Bangor,179,8
Swansea,49,8
Bangor,84,8
Swansea,44,8
Swansea,27,8
Newport,184,8
Newport,168,8
Newport,187,8
Bangor,85,8
Newport,125,8
Bangor,77,8
Cardiff,20,8
Bangor,181,8
Swansea,75,8
Swansea,87,8
Swansea,63,8
Newport,61,8
Swansea,15,8
Swansea,74,8
Bangor,2,8
Bangor,109,8
Newport,35,8
Bangor,150,8
Cardiff,116,8
Cardiff,54,8
Swansea,151,8
Cardiff,96,8
Swansea,151,8
Newport,186,8
Swansea,60,8
Cardiff,162,8
Bangor,36,8
Bangor,133,8
Bangor,127,8
Newport,170,8
Cardiff,52,8
Swansea,45,8
Cardiff,30,8
Swansea,22,8
Bangor,107,8
Swansea,107,8
Cardiff,146,8
Cardiff,34,8
Newport,180,8
Bangor,71,8
Swansea,64,8
Swansea,184,8
Newport,107,8
Newport,188,8
Bangor,34,8
Swansea,1,8
Cardiff,106,8
Bangor,34,8
Swansea,178,8
Swansea,103,8
Cardiff,64,8
Swansea,133,8
Newport,131,8
Newport,117,8
Newport,138,8
Swansea,117,8
Newport,151,8
Cardiff,147,8
Bangor,130,8
Newport,60,8
Swansea,80,8
Newport,16,8
Cardiff,181,8
Newport,21,8
Bangor,185,8
Cardiff,29,8
Newport,43,8
Bangor,51,8
Newport,94,8
Newport,199,8
Bangor,159,8
Swansea,191,8
Bangor,117,8
Newport,173,8
Swansea,94,8
Swansea,165,8
Swansea,20,8
Bangor,82,8
Cardiff,38,8
Bangor,180,8
Cardiff,35,8
Cardiff,81,8
Bangor,52,8
Cardiff,63,8
Cardiff,131,8
Cardiff,143,8
Cardiff,151,8
Bangor,80,8
Swansea,128,8
