City,Quantity,Product_Code
Newport,140,25
Swansea,92,25
Swansea,16,25
Newport,196,25
Bangor,129,25
Swansea,55,25
Swansea,150,25
Cardiff,87,25
Swansea,113,25
Newport,87,25
Swansea,20,25
Swansea,97,25
Swansea,180,25
Cardiff,64,25
Bangor,64,25
Bangor,169,25
Cardiff,164,25
Swansea,114,25
Newport,79,25
Newport,119,25
Bangor,58,25
Newport,110,25
Swansea,173,25
Cardiff,34,25
Bangor,146,25
Newport,91,25
Cardiff,128,25
Swansea,7,25
Bangor,56,25
Bangor,75,25
Bangor,193,25
Newport,58,25
Cardiff,33,25
Swansea,68,25
Bangor,47,25
Swansea,0,25
Cardiff,129,25
Bangor,63,25
Newport,156,25
Newport,115,25
Cardiff,92,25
Bangor,197,25
Swansea,171,25
Bangor,73,25
Swansea,142,25
Bangor,14,25
Swansea,144,25
Swansea,76,25
Newport,163,25
Swansea,131,25
Cardiff,183,25
Swansea,46,25
Newport,62,25
Bangor,177,25
Newport,137,25
Newport,105,25
Bangor,69,25
Cardiff,93,25
Newport,43,25
Newport,29,25
Cardiff,73,25
Bangor,127,25
Newport,62,25
Bangor,24,25
Newport,189,25
Bangor,9,25
Cardiff,75,25
Cardiff,172,25
Bangor,177,25
Newport,187,25
Swansea,78,25
Bangor,107,25
Newport,15,25
Bangor,62,25
Bangor,198,25
Bangor,83,25
Newport,81,25
Cardiff,91,25
Swansea,157,25
Newport,189,25
Cardiff,101,25
Bangor,27,25
Cardiff,113,25
Swansea,142,25
Bangor,112,25
Bangor,117,25
Swansea,60,25
Swansea,192,25
Bangor,69,25
Newport,36,25
Newport,39,25
Newport,133,25
Newport,0,25
Newport,81,25
Cardiff,198,25
Newport,121,25
Cardiff,96,25
Cardiff,105,25
Swansea,165,25
Cardiff,54,25
Swansea,41,25
Bangor,17,25
Swansea,61,25
Newport,46,25
Cardiff,198,25
Cardiff,60,25
Newport,149,25
Newport,25,25
Newport,106,25
Cardiff,80,25
Newport,80,25
Newport,107,25
Bangor,198,25
Swansea,197,25
Cardiff,149,25
Swansea,23,25
Bangor,136,25
Swansea,85,25
Cardiff,37,25
Cardiff,11,25
Bangor,0,25
Swansea,49,25
Cardiff,182,25
Bangor,165,25
Newport,108,25
Newport,157,25
Swansea,133,25
Swansea,95,25
Cardiff,111,25
Cardiff,60,25
Newport,140,25
Bangor,2,25
Swansea,76,25
Bangor,141,25
Swansea,75,25
Swansea,93,25
Bangor,81,25
Cardiff,12,25
Bangor,194,25
Newport,21,25
Swansea,183,25
Newport,0,25
Bangor,160,25
Newport,183,25
Bangor,161,25
Swansea,5,25
Newport,114,25
Newport,2,25
Bangor,130,25
Swansea,168,25
Swansea,180,25
Cardiff,33,25
Newport,34,25
Cardiff,4,25
Bangor,115,25
Newport,123,25
Swansea,3,25
Swansea,79,25
Bangor,99,25
Swansea,131,25
Cardiff,27,25
Newport,3,25
Cardiff,158,25
Newport,71,25
Bangor,130,25
Cardiff,26,25
Bangor,161,25
Bangor,2,25
Swansea,168,25
Swansea,62,25
Cardiff,148,25
Bangor,54,25
Cardiff,124,25
Swansea,53,25
Cardiff,189,25
Swansea,8,25
Cardiff,25,25
Cardiff,194,25
Newport,75,25
Cardiff,126,25
Bangor,61,25
Newport,134,25
Cardiff,122,25
Newport,56,25
Cardiff,183,25
Cardiff,26,25
Cardiff,117,25
Swansea,162,25
Swansea,117,25
Swansea,126,25
Swansea,172,25
Cardiff,17,25
Bangor,131,25
Cardiff,23,25
Newport,42,25
Cardiff,52,25
Bangor,144,25
Newport,49,25
Newport,103,25
Bangor,55,25
Bangor,62,25
Swansea,26,25
Bangor,73,25
Bangor,110,25
Newport,125,25
Cardiff,133,25
Newport,30,25
Newport,159,25
Swansea,137,25
Cardiff,98,25
Bangor,199,25
Newport,85,25
Bangor,168,25
Swansea,106,25
Cardiff,193,25
Swansea,156,25
Swansea,192,25
Swansea,51,25
Swansea,88,25
Swansea,198,25
Cardiff,143,25
Cardiff,141,25
Swansea,12,25
Swansea,38,25
Swansea,54,25
Bangor,180,25
Cardiff,163,25
Cardiff,100,25
Newport,147,25
Bangor,66,25
Bangor,163,25
Newport,108,25
Newport,58,25
Swansea,83,25
Newport,121,25
Swansea,191,25
Bangor,32,25
Newport,21,25
Bangor,89,25
Swansea,123,25
Bangor,67,25
Cardiff,7,25
Swansea,100,25
Newport,91,25
Cardiff,76,25
Cardiff,66,25
Cardiff,180,25
Cardiff,95,25
Newport,187,25
Swansea,157,25
Cardiff,137,25
