City,Quantity,Product_Code
Bangor,28,96
Newport,145,96
Bangor,107,96
Swansea,10,96
Newport,80,96
Newport,118,96
Newport,79,96
Newport,191,96
Swansea,85,96
Bangor,68,96
Bangor,162,96
Newport,63,96
Cardiff,177,96
Newport,17,96
Cardiff,22,96
Newport,60,96
Newport,65,96
Newport,96,96
Bangor,0,96
Cardiff,55,96
Newport,84,96
Newport,123,96
Bangor,82,96
Swansea,70,96
Newport,103,96
Cardiff,101,96
Cardiff,199,96
Cardiff,67,96
Newport,74,96
Bangor,175,96
Bangor,74,96
Bangor,183,96
Swansea,106,96
Swansea,46,96
Cardiff,139,96
Bangor,0,96
Newport,65,96
Cardiff,34,96
Bangor,12,96
Cardiff,9,96
Bangor,58,96
Newport,96,96
Swansea,155,96
Bangor,168,96
Cardiff,24,96
Swansea,187,96
Cardiff,71,96
Newport,30,96
Swansea,114,96
Swansea,69,96
Swansea,65,96
Cardiff,36,96
Newport,7,96
Cardiff,66,96
Bangor,196,96
Cardiff,200,96
Newport,174,96
Bangor,151,96
Cardiff,152,96
Newport,173,96
Newport,36,96
Newport,59,96
Newport,113,96
Swansea,156,96
Swansea,31,96
Cardiff,119,96
Swansea,197,96
Swansea,0,96
Cardiff,81,96
Swansea,152,96
Cardiff,169,96
Newport,176,96
Newport,147,96
Cardiff,75,96
Swansea,22,96
Newport,23,96
Swansea,194,96
Newport,189,96
Cardiff,26,96
Bangor,127,96
Newport,174,96
Cardiff,132,96
Newport,97,96
Newport,62,96
Swansea,157,96
Swansea,118,96
Bangor,97,96
Cardiff,165,96
Cardiff,15,96
Swansea,162,96
Bangor,109,96
Cardiff,3,96
Newport,182,96
Bangor,45,96
Swansea,162,96
Bangor,154,96
Cardiff,171,96
Swansea,77,96
Bangor,114,96
Newport,5,96
Bangor,99,96
Newport,95,96
Swansea,70,96
Newport,150,96
Newport,5,96
Cardiff,25,96
Swansea,83,96
Cardiff,181,96
Cardiff,56,96
Newport,8,96
Newport,147,96
Cardiff,13,96
Cardiff,25,96
Bangor,135,96
Bangor,155,96
Swansea,36,96
Swansea,95,96
Swansea,118,96
Newport,90,96
Swansea,84,96
Swansea,75,96
Swansea,63,96
Bangor,155,96
Cardiff,49,96
Cardiff,32,96
Cardiff,157,96
Swansea,171,96
Newport,130,96
Cardiff,5,96
Cardiff,62,96
Newport,57,96
Cardiff,66,96
Bangor,91,96
Newport,92,96
Cardiff,122,96
Swansea,59,96
Swansea,121,96
Bangor,112,96
Swansea,57,96
Cardiff,25,96
Cardiff,127,96
Swansea,119,96
Swansea,165,96
Newport,51,96
Newport,5,96
Swansea,140,96
Newport,89,96
Cardiff,94,96
Newport,0,96
Cardiff,169,96
Swansea,195,96
Bangor,54,96
Cardiff,120,96
Newport,164,96
Newport,144,96
Swansea,2,96
Bangor,143,96
Newport,17,96
Bangor,91,96
Bangor,104,96
Bangor,116,96
Bangor,124,96
Cardiff,3,96
Newport,193,96
Newport,103,96
Cardiff,102,96
Swansea,120,96
Cardiff,58,96
Cardiff,54,96
Bangor,53,96
Newport,53,96
Swansea,148,96
Cardiff,187,96
Swansea,131,96
Newport,184,96
Bangor,125,96
Bangor,31,96
Cardiff,164,96
Bangor,111,96
Swansea,118,96
Cardiff,82,96
Bangor,167,96
Newport,146,96
Bangor,46,96
Cardiff,54,96
Cardiff,38,96
Newport,107,96
Newport,25,96
Newport,38,96
Newport,184,96
Bangor,21,96
Swansea,123,96
Newport,40,96
Newport,183,96
Newport,184,96
Cardiff,47,96
Swansea,34,96
Swansea,5,96
Newport,47,96
Bangor,199,96
Bangor,164,96
Bangor,117,96
Cardiff,164,96
Cardiff,167,96
Newport,102,96
Cardiff,42,96
Swansea,179,96
Newport,131,96
Swansea,122,96
Newport,48,96
Newport,167,96
Cardiff,84,96
Bangor,173,96
Swansea,100,96
Swansea,89,96
Cardiff,13,96
Bangor,3,96
Cardiff,16,96
Bangor,199,96
Swansea,177,96
Newport,164,96
Newport,101,96
Newport,92,96
Bangor,171,96
Bangor,139,96
Bangor,81,96
Newport,10,96
Bangor,4,96
Cardiff,26,96
Bangor,124,96
Bangor,176,96
Bangor,35,96
Swansea,114,96
Newport,187,96
Swansea,91,96
Bangor,152,96
Swansea,104,96
Swansea,173,96
Swansea,18,96
Swansea,182,96
Swansea,61,96
Newport,121,96
Newport,7,96
Swansea,70,96
Bangor,3,96
Bangor,63,96
Bangor,2,96
Bangor,146,96
Newport,163,96
Bangor,25,96
Swansea,153,96
