City,Quantity,Product_Code
Newport,183,126
Swansea,115,126
Newport,156,126
Bangor,159,126
Newport,135,126
Newport,83,126
Swansea,126,126
Swansea,25,126
Swansea,86,126
Cardiff,99,126
Cardiff,190,126
Bangor,80,126
Swansea,52,126
Swansea,154,126
Bangor,152,126
Swansea,7,126
Swansea,185,126
Swansea,16,126
Bangor,31,126
Bangor,156,126
Bangor,14,126
Bangor,46,126
Swansea,136,126
Newport,95,126
Swansea,164,126
Newport,81,126
Bangor,26,126
Swansea,161,126
Newport,139,126
Newport,133,126
Cardiff,5,126
Newport,180,126
Swansea,131,126
Swansea,126,126
Bangor,122,126
Cardiff,95,126
Cardiff,195,126
Cardiff,43,126
Cardiff,41,126
Cardiff,99,126
Cardiff,40,126
Newport,109,126
Cardiff,111,126
Cardiff,18,126
Bangor,33,126
Newport,0,126
Swansea,106,126
Bangor,79,126
Swansea,32,126
Newport,18,126
Cardiff,162,126
Newport,84,126
Bangor,17,126
Cardiff,10,126
Bangor,174,126
Bangor,54,126
Cardiff,5,126
Swansea,100,126
Cardiff,113,126
Cardiff,58,126
Newport,24,126
Bangor,25,126
Newport,26,126
Swansea,9,126
Cardiff,53,126
Bangor,89,126
Newport,120,126
Cardiff,169,126
Swansea,10,126
Newport,126,126
Cardiff,117,126
Cardiff,187,126
Newport,89,126
Swansea,60,126
Bangor,192,126
Newport,40,126
Swansea,28,126
Bangor,118,126
Cardiff,107,126
Bangor,129,126
Newport,149,126
Cardiff,160,126
Bangor,68,126
Swansea,155,126
Cardiff,47,126
Cardiff,146,126
Swansea,47,126
Bangor,50,126
Cardiff,84,126
Newport,135,126
Swansea,82,126
Swansea,144,126
Bangor,199,126
Newport,16,126
Bangor,135,126
Cardiff,198,126
Swansea,180,126
Cardiff,153,126
Newport,49,126
Swansea,44,126
Bangor,69,126
Newport,148,126
Swansea,199,126
Bangor,26,126
Cardiff,135,126
Cardiff,102,126
Newport,104,126
Bangor,0,126
Bangor,77,126
Bangor,165,126
Newport,43,126
Newport,126,126
Cardiff,113,126
Swansea,76,126
Cardiff,75,126
Cardiff,24,126
Newport,92,126
Swansea,17,126
Cardiff,51,126
Cardiff,40,126
Swansea,185,126
Bangor,154,126
Newport,61,126
Cardiff,64,126
Swansea,161,126
Swansea,19,126
Newport,185,126
Bangor,106,126
Cardiff,162,126
Bangor,10,126
Cardiff,68,126
Swansea,132,126
Bangor,117,126
Bangor,10,126
Bangor,9,126
Cardiff,58,126
Cardiff,36,126
Bangor,196,126
Newport,157,126
Swansea,190,126
Cardiff,2,126
Cardiff,154,126
Newport,144,126
Newport,101,126
Cardiff,182,126
Bangor,91,126
Cardiff,59,126
Bangor,110,126
Swansea,15,126
Bangor,102,126
Bangor,93,126
Newport,84,126
Newport,130,126
Newport,42,126
Bangor,106,126
Cardiff,138,126
Newport,102,126
Bangor,7,126
Swansea,16,126
Cardiff,166,126
Cardiff,63,126
Newport,64,126
Bangor,183,126
Cardiff,160,126
Bangor,128,126
Cardiff,102,126
Cardiff,96,126
Bangor,109,126
Cardiff,151,126
Cardiff,100,126
Swansea,20,126
Cardiff,8,126
Cardiff,115,126
Swansea,188,126
Newport,39,126
Newport,101,126
Newport,186,126
Newport,26,126
Newport,57,126
Cardiff,93,126
Newport,187,126
Swansea,33,126
Swansea,72,126
Cardiff,22,126
Cardiff,36,126
Cardiff,62,126
Bangor,3,126
Cardiff,36,126
Swansea,131,126
Swansea,95,126
Swansea,85,126
Bangor,198,126
Bangor,134,126
Newport,149,126
Cardiff,18,126
Cardiff,160,126
Bangor,133,126
Swansea,2,126
Newport,91,126
Cardiff,184,126
Cardiff,7,126
Newport,52,126
Bangor,100,126
Cardiff,157,126
Swansea,8,126
Cardiff,156,126
Swansea,84,126
Cardiff,102,126
Cardiff,130,126
Swansea,178,126
Swansea,186,126
Swansea,47,126
Bangor,164,126
Bangor,44,126
Swansea,25,126
Swansea,32,126
Cardiff,157,126
Swansea,39,126
Bangor,174,126
Swansea,133,126
Swansea,21,126
Cardiff,89,126
Bangor,168,126
Newport,179,126
Cardiff,37,126
Newport,126,126
Cardiff,171,126
Swansea,4,126
Cardiff,164,126
Newport,43,126
Newport,0,126
Newport,161,126
Bangor,193,126
Newport,194,126
Swansea,179,126
Newport,1,126
Bangor,33,126
Bangor,125,126
Bangor,99,126
Newport,93,126
Bangor,161,126
Swansea,178,126
Cardiff,89,126
Newport,155,126
Swansea,121,126
Cardiff,71,126
Newport,26,126
Bangor,174,126
Cardiff,66,126
Cardiff,82,126
Bangor,51,126
