City,Quantity,Product_Code
Bangor,156,18
Swansea,100,18
Swansea,145,18
Newport,166,18
Bangor,2,18
Cardiff,155,18
Bangor,8,18
Newport,17,18
Newport,103,18
Swansea,75,18
Swansea,64,18
Swansea,92,18
Swansea,78,18
Swansea,77,18
Cardiff,138,18
Cardiff,70,18
Swansea,103,18
Bangor,104,18
Swansea,67,18
Newport,22,18
Newport,102,18
Newport,120,18
Swansea,55,18
Swansea,170,18
Bangor,87,18
Bangor,120,18
Newport,84,18
Newport,89,18
Bangor,122,18
Swansea,5,18
Swansea,155,18
Cardiff,98,18
Swansea,41,18
Newport,160,18
Swansea,99,18
Cardiff,127,18
Bangor,163,18
Cardiff,154,18
Cardiff,151,18
Cardiff,48,18
Newport,180,18
Newport,90,18
Cardiff,122,18
Newport,11,18
Bangor,136,18
Cardiff,198,18
Swansea,25,18
Newport,105,18
Cardiff,46,18
Cardiff,164,18
Cardiff,91,18
Swansea,143,18
Bangor,29,18
Newport,108,18
Cardiff,65,18
Newport,65,18
Cardiff,46,18
Bangor,163,18
Bangor,132,18
Cardiff,33,18
Newport,62,18
Newport,72,18
Newport,156,18
Bangor,111,18
Bangor,85,18
Swansea,85,18
Newport,192,18
Cardiff,111,18
Bangor,177,18
Swansea,134,18
Cardiff,17,18
Newport,47,18
Swansea,178,18
Newport,124,18
Bangor,193,18
Bangor,190,18
Cardiff,176,18
Cardiff,107,18
Newport,124,18
Cardiff,29,18
Cardiff,143,18
Swansea,158,18
Cardiff,58,18
Bangor,133,18
Newport,70,18
Bangor,146,18
Newport,195,18
Bangor,43,18
Bangor,154,18
Cardiff,97,18
Newport,10,18
Swansea,187,18
Cardiff,181,18
Swansea,94,18
Swansea,148,18
Swansea,112,18
Cardiff,98,18
Cardiff,177,18
Swansea,195,18
Swansea,171,18
Cardiff,24,18
Cardiff,194,18
Swansea,94,18
Bangor,98,18
Newport,166,18
Swansea,16,18
Swansea,53,18
Swansea,141,18
Newport,80,18
Bangor,119,18
Newport,100,18
Newport,119,18
Newport,168,18
Bangor,45,18
Newport,104,18
Bangor,174,18
Newport,160,18
Bangor,65,18
Bangor,185,18
Newport,140,18
Bangor,28,18
Cardiff,121,18
Swansea,200,18
Swansea,90,18
Newport,156,18
Cardiff,199,18
Cardiff,32,18
Swansea,84,18
Cardiff,141,18
Cardiff,148,18
Swansea,112,18
Swansea,192,18
Swansea,90,18
Cardiff,197,18
Swansea,160,18
Newport,45,18
Bangor,8,18
Cardiff,33,18
Cardiff,67,18
Cardiff,43,18
Swansea,49,18
Cardiff,30,18
Bangor,1,18
Newport,162,18
Swansea,190,18
Newport,88,18
Swansea,125,18
Newport,32,18
Swansea,169,18
Newport,90,18
Bangor,142,18
Bangor,153,18
Swansea,88,18
Cardiff,178,18
Swansea,21,18
Cardiff,33,18
Newport,198,18
Cardiff,179,18
Newport,148,18
Swansea,125,18
Cardiff,119,18
Swansea,21,18
Bangor,176,18
Cardiff,185,18
Newport,177,18
Cardiff,19,18
Cardiff,59,18
Bangor,192,18
Bangor,29,18
Cardiff,107,18
Cardiff,56,18
Cardiff,80,18
Newport,178,18
Bangor,16,18
Newport,192,18
Swansea,94,18
Cardiff,137,18
Bangor,58,18
Swansea,105,18
Bangor,137,18
Swansea,47,18
Swansea,175,18
Newport,140,18
Bangor,38,18
Newport,9,18
Cardiff,36,18
Newport,166,18
Cardiff,69,18
Swansea,54,18
Newport,24,18
Cardiff,98,18
Swansea,162,18
Swansea,151,18
Swansea,11,18
Cardiff,91,18
Bangor,157,18
Bangor,16,18
Swansea,53,18
Cardiff,25,18
Swansea,77,18
Bangor,177,18
Swansea,83,18
Swansea,7,18
Newport,183,18
Swansea,57,18
Newport,13,18
Swansea,149,18
Swansea,60,18
Swansea,36,18
Newport,36,18
Swansea,176,18
Newport,159,18
Cardiff,154,18
Newport,48,18
Cardiff,138,18
Newport,93,18
Bangor,133,18
Newport,99,18
Bangor,68,18
Bangor,98,18
Newport,3,18
Bangor,43,18
Cardiff,17,18
Swansea,31,18
Swansea,104,18
Newport,173,18
Bangor,131,18
Swansea,116,18
Newport,179,18
Swansea,156,18
Swansea,81,18
Swansea,134,18
Cardiff,162,18
Swansea,18,18
Bangor,183,18
Bangor,46,18
Swansea,146,18
Swansea,144,18
Cardiff,188,18
Cardiff,187,18
Newport,180,18
Cardiff,93,18
Swansea,128,18
Swansea,152,18
Swansea,9,18
Bangor,116,18
Swansea,165,18
Cardiff,193,18
Cardiff,49,18
Bangor,20,18
Bangor,127,18
