City,Quantity,Product_Code
Bangor,158,148
Swansea,183,148
Swansea,149,148
Cardiff,91,148
Newport,80,148
Cardiff,30,148
Bangor,121,148
Swansea,134,148
Bangor,36,148
Newport,129,148
Bangor,118,148
Cardiff,60,148
Cardiff,97,148
Newport,155,148
Swansea,116,148
Bangor,177,148
Newport,52,148
Swansea,21,148
Swansea,4,148
Bangor,166,148
Swansea,97,148
Cardiff,150,148
Bangor,196,148
Swansea,165,148
Cardiff,75,148
Newport,36,148
Newport,21,148
Cardiff,199,148
Swansea,191,148
Bangor,192,148
Cardiff,179,148
Newport,1,148
Cardiff,94,148
Bangor,2,148
Cardiff,30,148
Swansea,40,148
Cardiff,109,148
Swansea,117,148
Newport,50,148
Newport,19,148
Newport,55,148
Swansea,140,148
Swansea,133,148
Bangor,31,148
Newport,113,148
Swansea,75,148
Newport,105,148
Bangor,49,148
Swansea,141,148
Bangor,18,148
Cardiff,155,148
Bangor,108,148
Bangor,55,148
Cardiff,152,148
Newport,94,148
Newport,13,148
Bangor,141,148
Swansea,149,148
Newport,98,148
Newport,192,148
Newport,197,148
Swansea,73,148
Newport,71,148
Swansea,103,148
Swansea,54,148
Newport,174,148
Newport,184,148
Bangor,80,148
Cardiff,87,148
Swansea,149,148
Swansea,86,148
Newport,39,148
Bangor,188,148
Swansea,108,148
Cardiff,128,148
Swansea,81,148
Cardiff,200,148
Cardiff,81,148
Cardiff,95,148
Bangor,150,148
Bangor,44,148
Newport,48,148
Cardiff,88,148
Newport,184,148
Swansea,110,148
Newport,130,148
Newport,130,148
Bangor,63,148
Bangor,87,148
Swansea,141,148
Bangor,154,148
Cardiff,187,148
Swansea,27,148
Newport,78,148
Swansea,157,148
Cardiff,80,148
Newport,174,148
Bangor,61,148
Cardiff,68,148
Swansea,60,148
Bangor,70,148
Cardiff,198,148
Bangor,9,148
Newport,132,148
Bangor,85,148
Cardiff,94,148
Bangor,59,148
Bangor,156,148
Bangor,160,148
Swansea,152,148
Bangor,21,148
Swansea,13,148
Swansea,45,148
Bangor,58,148
Newport,107,148
Swansea,32,148
Swansea,80,148
Swansea,197,148
Bangor,23,148
Cardiff,174,148
Bangor,117,148
Swansea,122,148
Newport,58,148
Cardiff,175,148
Bangor,197,148
Newport,74,148
Cardiff,188,148
Newport,168,148
Bangor,51,148
Newport,180,148
Cardiff,185,148
Bangor,4,148
Newport,156,148
Newport,90,148
Bangor,138,148
Bangor,185,148
Swansea,132,148
Bangor,11,148
Bangor,121,148
Swansea,19,148
Swansea,56,148
Cardiff,164,148
Swansea,132,148
Cardiff,126,148
Newport,64,148
Swansea,38,148
Swansea,10,148
Bangor,35,148
Cardiff,158,148
Newport,160,148
Cardiff,30,148
Newport,12,148
Newport,128,148
Newport,84,148
Newport,103,148
Cardiff,129,148
Bangor,138,148
Swansea,119,148
Cardiff,170,148
Cardiff,153,148
Bangor,153,148
Bangor,77,148
Swansea,191,148
Cardiff,92,148
Bangor,160,148
Cardiff,75,148
Swansea,192,148
Newport,114,148
Newport,174,148
Bangor,146,148
Newport,188,148
Swansea,24,148
Cardiff,89,148
Swansea,14,148
Swansea,32,148
Cardiff,6,148
Cardiff,4,148
Newport,47,148
Newport,61,148
Bangor,183,148
Newport,67,148
Cardiff,103,148
Bangor,67,148
Swansea,67,148
Newport,50,148
Bangor,21,148
Bangor,61,148
Bangor,190,148
Bangor,48,148
Newport,12,148
Swansea,53,148
Bangor,146,148
Cardiff,173,148
Newport,84,148
Bangor,18,148
Newport,150,148
Swansea,41,148
Newport,28,148
Newport,50,148
Newport,21,148
Bangor,157,148
Newport,81,148
Bangor,43,148
Cardiff,140,148
Swansea,35,148
Cardiff,180,148
Newport,103,148
Cardiff,88,148
Bangor,99,148
Bangor,34,148
Swansea,156,148
Cardiff,82,148
Swansea,165,148
Swansea,27,148
Bangor,36,148
Swansea,111,148
Cardiff,194,148
Cardiff,25,148
Swansea,175,148
Newport,159,148
Bangor,131,148
Newport,63,148
Newport,43,148
Bangor,162,148
Bangor,140,148
Bangor,189,148
Bangor,161,148
Swansea,20,148
Newport,100,148
Bangor,44,148
Bangor,14,148
Cardiff,34,148
Bangor,163,148
Swansea,13,148
Bangor,13,148
Newport,93,148
Bangor,140,148
Newport,25,148
Swansea,4,148
Swansea,102,148
Cardiff,179,148
Cardiff,113,148
Bangor,197,148
Newport,12,148
Bangor,86,148
Cardiff,134,148
Swansea,35,148
Newport,142,148
Cardiff,28,148
Bangor,39,148
Cardiff,94,148
