City,Quantity,Product_Code
Cardiff,26,17
Cardiff,94,17
Swansea,155,17
Newport,132,17
Cardiff,109,17
Bangor,53,17
Bangor,128,17
Bangor,196,17
Cardiff,72,17
Cardiff,94,17
Bangor,133,17
Swansea,47,17
Newport,64,17
Cardiff,19,17
Swansea,130,17
Newport,60,17
Newport,15,17
Swansea,196,17
Swansea,49,17
Swansea,184,17
Cardiff,149,17
Newport,164,17
Newport,118,17
Newport,20,17
Newport,192,17
Cardiff,174,17
Newport,67,17
Newport,152,17
Bangor,34,17
Newport,10,17
Bangor,139,17
Swansea,48,17
Bangor,7,17
Bangor,150,17
Swansea,35,17
Swansea,128,17
Bangor,166,17
Swansea,189,17
Swansea,174,17
Bangor,29,17
Newport,82,17
Cardiff,52,17
Swansea,149,17
Newport,118,17
Newport,153,17
Bangor,58,17
Newport,107,17
Swansea,140,17
Newport,44,17
Cardiff,53,17
Newport,28,17
Cardiff,50,17
Bangor,127,17
Newport,7,17
Swansea,131,17
Swansea,184,17
Swansea,62,17
Newport,26,17
Newport,159,17
Swansea,113,17
Newport,30,17
Bangor,176,17
Newport,151,17
Swansea,77,17
Cardiff,190,17
Bangor,190,17
Bangor,17,17
Bangor,104,17
Bangor,57,17
Swansea,67,17
Cardiff,183,17
Cardiff,28,17
Swansea,109,17
Cardiff,156,17
Cardiff,164,17
Swansea,182,17
Newport,26,17
Cardiff,28,17
Cardiff,54,17
Cardiff,67,17
Cardiff,73,17
Bangor,120,17
Newport,38,17
Cardiff,56,17
Swansea,135,17
Newport,98,17
Bangor,170,17
Swansea,57,17
Newport,176,17
Newport,161,17
Newport,196,17
Cardiff,191,17
Bangor,150,17
Swansea,115,17
Newport,38,17
Newport,43,17
Swansea,63,17
Newport,189,17
Newport,88,17
Newport,3,17
Swansea,143,17
Cardiff,18,17
Bangor,11,17
Bangor,120,17
Cardiff,188,17
Cardiff,152,17
Swansea,120,17
Newport,39,17
Newport,161,17
Cardiff,193,17
Newport,120,17
Bangor,144,17
Bangor,4,17
Bangor,26,17
Cardiff,64,17
Newport,7,17
Bangor,114,17
Newport,34,17
Cardiff,33,17
Bangor,93,17
Swansea,63,17
Bangor,32,17
Cardiff,71,17
Cardiff,98,17
Cardiff,181,17
Newport,187,17
Cardiff,124,17
Bangor,162,17
Bangor,171,17
Newport,56,17
Swansea,74,17
Cardiff,121,17
Newport,56,17
Swansea,57,17
Cardiff,77,17
Swansea,67,17
Cardiff,197,17
Cardiff,126,17
Cardiff,184,17
Cardiff,65,17
Bangor,35,17
Swansea,190,17
Cardiff,38,17
Swansea,7,17
Newport,125,17
Cardiff,195,17
Bangor,61,17
Bangor,195,17
Cardiff,94,17
Swansea,157,17
Swansea,121,17
Swansea,16,17
Swansea,118,17
Cardiff,196,17
Bangor,172,17
Cardiff,25,17
Cardiff,45,17
Newport,55,17
Swansea,181,17
Cardiff,59,17
Swansea,86,17
Swansea,158,17
Cardiff,157,17
Bangor,94,17
Cardiff,6,17
Newport,6,17
Swansea,149,17
Newport,174,17
Cardiff,54,17
Cardiff,186,17
Bangor,4,17
Bangor,108,17
Bangor,36,17
Cardiff,54,17
Cardiff,171,17
Cardiff,140,17
Cardiff,160,17
Swansea,106,17
Newport,106,17
Bangor,191,17
Newport,80,17
Cardiff,103,17
Swansea,189,17
Swansea,155,17
Cardiff,196,17
Swansea,27,17
Swansea,72,17
Cardiff,7,17
Newport,147,17
Cardiff,122,17
Swansea,22,17
Newport,34,17
Cardiff,56,17
Bangor,9,17
Bangor,51,17
Swansea,107,17
Swansea,153,17
Bangor,138,17
Swansea,198,17
Newport,12,17
Cardiff,102,17
Cardiff,72,17
Swansea,90,17
Swansea,80,17
Swansea,101,17
Newport,169,17
Cardiff,70,17
Swansea,3,17
Cardiff,70,17
Bangor,159,17
Newport,188,17
Bangor,84,17
Swansea,163,17
Cardiff,142,17
Swansea,181,17
Cardiff,5,17
Cardiff,17,17
Cardiff,158,17
Newport,39,17
Cardiff,83,17
Swansea,30,17
Cardiff,124,17
Newport,58,17
Bangor,147,17
Swansea,178,17
Newport,195,17
Newport,182,17
Cardiff,170,17
Newport,12,17
Cardiff,125,17
Cardiff,74,17
Cardiff,61,17
Newport,47,17
Bangor,166,17
Newport,1,17
Newport,102,17
Newport,186,17
Newport,66,17
Newport,13,17
Bangor,162,17
Bangor,196,17
Newport,92,17
Cardiff,113,17
Cardiff,84,17
Swansea,114,17
Cardiff,176,17
Newport,21,17
Bangor,114,17
Bangor,192,17
Bangor,69,17
Swansea,73,17
