City,Quantity,Product_Code
Bangor,15,93
Swansea,21,93
Swansea,137,93
Newport,196,93
Bangor,113,93
Newport,86,93
Bangor,110,93
Newport,87,93
Bangor,192,93
Newport,106,93
Bangor,113,93
Newport,190,93
Cardiff,73,93
Swansea,18,93
Bangor,153,93
Bangor,85,93
Bangor,191,93
Newport,43,93
Bangor,196,93
Newport,135,93
Swansea,79,93
Swansea,66,93
Cardiff,169,93
Newport,191,93
Newport,13,93
Newport,66,93
Newport,21,93
Cardiff,118,93
Cardiff,119,93
Swansea,184,93
Bangor,2,93
Cardiff,21,93
Newport,104,93
Swansea,143,93
Newport,118,93
Bangor,168,93
Newport,32,93
Newport,191,93
Bangor,66,93
Cardiff,97,93
Bangor,150,93
Swansea,151,93
Swansea,137,93
Newport,153,93
Swansea,38,93
Bangor,138,93
Bangor,117,93
Newport,140,93
Newport,144,93
Swansea,181,93
Bangor,41,93
Cardiff,64,93
Newport,85,93
Bangor,98,93
Newport,50,93
Newport,52,93
Bangor,185,93
Swansea,117,93
Swansea,6,93
Swansea,81,93
Bangor,172,93
Swansea,182,93
Bangor,153,93
Newport,94,93
Cardiff,39,93
Bangor,144,93
Newport,25,93
Cardiff,25,93
Bangor,6,93
Newport,11,93
Bangor,187,93
Swansea,39,93
Newport,110,93
Newport,87,93
Cardiff,16,93
Cardiff,151,93
Cardiff,189,93
Swansea,98,93
Bangor,165,93
Cardiff,146,93
Bangor,117,93
Newport,173,93
Newport,95,93
Bangor,183,93
Newport,13,93
Swansea,96,93
Newport,174,93
Bangor,175,93
Cardiff,25,93
Swansea,111,93
Swansea,38,93
Bangor,73,93
Newport,185,93
Bangor,88,93
Cardiff,20,93
Swansea,185,93
Swansea,195,93
Cardiff,45,93
Swansea,27,93
Bangor,59,93
Swansea,145,93
Newport,195,93
Newport,178,93
Swansea,102,93
Cardiff,139,93
Cardiff,47,93
Cardiff,56,93
Bangor,199,93
Bangor,47,93
Cardiff,176,93
Newport,33,93
Bangor,4,93
Bangor,194,93
Swansea,85,93
Cardiff,84,93
Swansea,164,93
Cardiff,94,93
Bangor,129,93
Newport,38,93
Newport,104,93
Cardiff,29,93
Newport,114,93
Cardiff,95,93
Newport,118,93
Newport,39,93
Swansea,112,93
Cardiff,98,93
Swansea,44,93
Swansea,56,93
Swansea,64,93
Newport,43,93
Bangor,25,93
Newport,14,93
Cardiff,129,93
Swansea,177,93
Cardiff,167,93
Bangor,158,93
Cardiff,198,93
Newport,98,93
Swansea,74,93
Newport,195,93
Newport,54,93
Bangor,156,93
Bangor,160,93
Cardiff,140,93
Bangor,27,93
Bangor,107,93
Bangor,18,93
Bangor,139,93
Swansea,179,93
Swansea,8,93
Newport,95,93
Bangor,115,93
Newport,47,93
Bangor,41,93
Bangor,194,93
Swansea,83,93
Bangor,110,93
Newport,84,93
Cardiff,83,93
Newport,101,93
Bangor,186,93
Swansea,3,93
Cardiff,140,93
Newport,96,93
Newport,68,93
Bangor,159,93
Cardiff,182,93
Swansea,164,93
Newport,28,93
Swansea,156,93
Cardiff,48,93
Cardiff,53,93
Cardiff,72,93
Swansea,92,93
Cardiff,137,93
Newport,36,93
Newport,98,93
Newport,24,93
Newport,169,93
Newport,7,93
Newport,104,93
Bangor,159,93
Bangor,164,93
Swansea,53,93
Cardiff,49,93
Cardiff,54,93
Bangor,39,93
Bangor,163,93
Newport,56,93
Bangor,57,93
Cardiff,88,93
Swansea,9,93
Bangor,128,93
Bangor,28,93
Cardiff,76,93
Cardiff,32,93
Bangor,154,93
Bangor,73,93
Newport,4,93
Newport,116,93
Newport,135,93
Newport,16,93
Swansea,114,93
Swansea,117,93
Newport,17,93
Bangor,164,93
Bangor,139,93
Swansea,99,93
Bangor,159,93
Newport,130,93
Cardiff,99,93
Bangor,140,93
Bangor,186,93
Bangor,108,93
Newport,90,93
Cardiff,26,93
Cardiff,51,93
Bangor,121,93
Newport,81,93
Bangor,163,93
Swansea,124,93
Bangor,181,93
Newport,61,93
Cardiff,177,93
Newport,84,93
Bangor,94,93
Swansea,64,93
Newport,11,93
Newport,159,93
Cardiff,43,93
Swansea,77,93
Swansea,172,93
Swansea,139,93
Newport,68,93
Newport,61,93
Newport,12,93
Swansea,61,93
Bangor,10,93
Newport,71,93
Bangor,100,93
Swansea,34,93
Bangor,41,93
Swansea,166,93
Swansea,184,93
Newport,147,93
Newport,18,93
Swansea,15,93
Swansea,158,93
Swansea,16,93
Cardiff,155,93
