City,Quantity,Product_Code
Newport,152,108
Swansea,17,108
Bangor,52,108
Cardiff,127,108
Newport,146,108
Swansea,90,108
Bangor,18,108
Swansea,162,108
Newport,15,108
Newport,193,108
Cardiff,76,108
Bangor,56,108
Swansea,83,108
Newport,82,108
Bangor,96,108
Swansea,113,108
Swansea,152,108
Cardiff,162,108
Newport,29,108
Newport,104,108
Bangor,117,108
Newport,45,108
Swansea,80,108
Swansea,47,108
Newport,174,108
Bangor,158,108
Bangor,24,108
Bangor,14,108
Cardiff,160,108
Swansea,171,108
Newport,80,108
Newport,71,108
Cardiff,172,108
Swansea,151,108
Swansea,12,108
Cardiff,155,108
Bangor,177,108
Bangor,60,108
Bangor,21,108
Bangor,163,108
Bangor,183,108
Newport,43,108
Swansea,20,108
Swansea,35,108
Cardiff,150,108
Newport,27,108
Newport,123,108
Swansea,130,108
Swansea,113,108
Newport,115,108
Cardiff,40,108
Bangor,72,108
Bangor,29,108
Cardiff,108,108
Newport,31,108
Bangor,15,108
Newport,84,108
Swansea,98,108
Bangor,153,108
Newport,4,108
Cardiff,180,108
Newport,132,108
Newport,170,108
Swansea,147,108
Swansea,76,108
Newport,89,108
Newport,142,108
Cardiff,105,108
Swansea,51,108
Bangor,84,108
Swansea,50,108
Cardiff,90,108
Newport,17,108
Swansea,52,108
Cardiff,25,108
Newport,46,108
Newport,45,108
Swansea,9,108
Cardiff,21,108
Newport,160,108
Cardiff,53,108
Newport,163,108
Bangor,11,108
Swansea,147,108
Newport,16,108
Swansea,168,108
Cardiff,198,108
Swansea,180,108
Newport,78,108
Cardiff,32,108
Bangor,155,108
Cardiff,9,108
Swansea,159,108
Newport,199,108
Cardiff,176,108
Cardiff,151,108
Bangor,192,108
Swansea,28,108
Swansea,115,108
Newport,164,108
Newport,180,108
Cardiff,94,108
Swansea,192,108
Swansea,191,108
Cardiff,135,108
Cardiff,185,108
Swansea,87,108
Swansea,143,108
Newport,98,108
Swansea,123,108
Bangor,192,108
Cardiff,0,108
Newport,126,108
Bangor,199,108
Bangor,41,108
Newport,197,108
Bangor,5,108
Swansea,127,108
Swansea,111,108
Bangor,186,108
Cardiff,173,108
Swansea,185,108
Cardiff,59,108
Swansea,69,108
Cardiff,46,108
Newport,137,108
Bangor,98,108
Bangor,70,108
Newport,184,108
Newport,91,108
Swansea,2,108
Swansea,186,108
Bangor,31,108
Cardiff,77,108
Bangor,151,108
Newport,143,108
Bangor,6,108
Newport,17,108
Bangor,170,108
Swansea,7,108
Swansea,21,108
Swansea,158,108
Cardiff,183,108
Cardiff,105,108
Swansea,96,108
Bangor,106,108
Newport,172,108
Newport,192,108
Cardiff,88,108
Newport,181,108
Cardiff,185,108
Swansea,111,108
Cardiff,199,108
Newport,140,108
Swansea,25,108
Swansea,65,108
Bangor,96,108
Cardiff,68,108
Bangor,23,108
Cardiff,127,108
Swansea,161,108
Cardiff,146,108
Swansea,99,108
Newport,71,108
Swansea,162,108
Bangor,154,108
Swansea,87,108
Swansea,188,108
Swansea,85,108
Cardiff,106,108
Cardiff,53,108
Cardiff,85,108
Bangor,142,108
Swansea,51,108
Newport,65,108
Swansea,141,108
Bangor,29,108
Newport,92,108
Cardiff,22,108
Bangor,146,108
Cardiff,32,108
Cardiff,12,108
Cardiff,192,108
Newport,104,108
Bangor,116,108
Cardiff,12,108
Cardiff,106,108
Bangor,171,108
Bangor,26,108
Newport,50,108
Swansea,109,108
Swansea,81,108
Bangor,177,108
Cardiff,115,108
Cardiff,110,108
Swansea,61,108
Swansea,194,108
Cardiff,82,108
Newport,104,108
Swansea,200,108
Swansea,11,108
Swansea,180,108
Bangor,131,108
Cardiff,88,108
Swansea,51,108
Cardiff,86,108
Newport,36,108
Cardiff,163,108
Newport,54,108
Bangor,59,108
Swansea,81,108
Newport,27,108
Newport,64,108
Bangor,74,108
Newport,141,108
Swansea,91,108
Bangor,151,108
Swansea,32,108
Bangor,66,108
Swansea,96,108
Newport,70,108
Bangor,75,108
Swansea,11,108
Cardiff,171,108
Newport,58,108
Swansea,60,108
Cardiff,140,108
Cardiff,148,108
Cardiff,170,108
Newport,134,108
Bangor,145,108
Bangor,64,108
Bangor,133,108
Swansea,9,108
Swansea,29,108
Newport,200,108
Swansea,67,108
Cardiff,121,108
Cardiff,59,108
Bangor,119,108
Bangor,30,108
Swansea,130,108
Bangor,88,108
Swansea,14,108
Swansea,128,108
Bangor,23,108
Newport,188,108
Newport,177,108
Newport,116,108
Newport,79,108
Swansea,148,108
