City,Quantity,Product_Code
Newport,6,77
Bangor,117,77
Newport,101,77
Cardiff,108,77
Swansea,83,77
Bangor,135,77
Cardiff,94,77
Bangor,169,77
Bangor,36,77
Swansea,9,77
Cardiff,24,77
Swansea,48,77
Cardiff,66,77
Cardiff,124,77
Newport,17,77
Swansea,9,77
Bangor,185,77
Cardiff,132,77
Bangor,71,77
Bangor,37,77
Cardiff,71,77
Cardiff,93,77
Newport,103,77
Bangor,147,77
Bangor,11,77
Swansea,185,77
Newport,19,77
Newport,149,77
Bangor,169,77
Cardiff,141,77
Bangor,132,77
Cardiff,77,77
Bangor,185,77
Newport,109,77
Swansea,37,77
Cardiff,8,77
Newport,166,77
Bangor,196,77
Swansea,42,77
Cardiff,174,77
Newport,103,77
Newport,77,77
Newport,136,77
Newport,126,77
Swansea,70,77
Bangor,12,77
Newport,150,77
Swansea,55,77
Cardiff,42,77
Bangor,103,77
Cardiff,170,77
Newport,12,77
Swansea,0,77
Newport,165,77
Newport,93,77
Bangor,39,77
Newport,37,77
Cardiff,141,77
Cardiff,193,77
Newport,177,77
Cardiff,61,77
Bangor,4,77
Swansea,26,77
Cardiff,15,77
Newport,10,77
Swansea,49,77
Newport,95,77
Swansea,196,77
Swansea,94,77
Cardiff,49,77
Swansea,151,77
Newport,42,77
Bangor,10,77
Bangor,172,77
Newport,14,77
Newport,64,77
Newport,14,77
Newport,124,77
Newport,194,77
Swansea,7,77
Swansea,129,77
Swansea,113,77
Bangor,123,77
Swansea,185,77
Newport,64,77
Swansea,100,77
Swansea,163,77
Swansea,186,77
Bangor,157,77
Cardiff,184,77
Bangor,13,77
Bangor,13,77
Cardiff,130,77
Bangor,184,77
Newport,42,77
Bangor,70,77
Cardiff,18,77
Bangor,150,77
Bangor,56,77
Bangor,156,77
Cardiff,170,77
Bangor,140,77
Cardiff,110,77
Bangor,10,77
Swansea,76,77
Cardiff,118,77
Bangor,131,77
Cardiff,47,77
Newport,137,77
Bangor,184,77
Bangor,79,77
Bangor,178,77
Bangor,22,77
Swansea,106,77
Swansea,136,77
Bangor,144,77
Newport,13,77
Bangor,53,77
Swansea,146,77
Cardiff,137,77
Swansea,102,77
Cardiff,184,77
Bangor,118,77
Cardiff,123,77
Newport,109,77
Newport,78,77
Swansea,43,77
Swansea,41,77
Newport,60,77
Swansea,188,77
Cardiff,96,77
Swansea,105,77
Cardiff,149,77
Newport,16,77
Swansea,53,77
Bangor,175,77
Bangor,72,77
Swansea,5,77
Swansea,92,77
Bangor,37,77
Newport,127,77
Newport,22,77
Bangor,115,77
Swansea,63,77
Swansea,88,77
Cardiff,65,77
Bangor,157,77
Newport,152,77
Bangor,64,77
Newport,72,77
Cardiff,183,77
Bangor,53,77
Bangor,95,77
Swansea,170,77
Cardiff,14,77
Swansea,124,77
Bangor,161,77
Cardiff,16,77
Cardiff,89,77
Bangor,29,77
Bangor,53,77
Swansea,43,77
Bangor,171,77
Newport,5,77
Newport,59,77
Bangor,141,77
Newport,101,77
Bangor,33,77
Bangor,73,77
Cardiff,41,77
Swansea,67,77
Cardiff,185,77
Bangor,57,77
Swansea,20,77
Swansea,158,77
Swansea,33,77
Bangor,147,77
Swansea,10,77
Bangor,88,77
Cardiff,132,77
Cardiff,169,77
Bangor,28,77
Swansea,62,77
Swansea,193,77
Swansea,139,77
Swansea,133,77
Cardiff,41,77
Cardiff,9,77
Cardiff,50,77
Newport,65,77
Bangor,150,77
Cardiff,136,77
Newport,164,77
Bangor,19,77
Swansea,38,77
Newport,145,77
Bangor,90,77
Bangor,71,77
Cardiff,52,77
Newport,143,77
Cardiff,160,77
Swansea,96,77
Bangor,193,77
Newport,72,77
Cardiff,142,77
Swansea,82,77
Cardiff,150,77
Cardiff,135,77
Newport,190,77
Newport,65,77
Swansea,113,77
Swansea,132,77
Swansea,194,77
Bangor,168,77
Cardiff,2,77
Swansea,29,77
Swansea,183,77
Swansea,185,77
Cardiff,158,77
Newport,191,77
Bangor,84,77
Swansea,179,77
Cardiff,26,77
Cardiff,128,77
Newport,53,77
Cardiff,100,77
Bangor,43,77
Cardiff,170,77
Swansea,118,77
Bangor,23,77
Bangor,134,77
Swansea,103,77
Swansea,109,77
Cardiff,156,77
Bangor,110,77
Bangor,100,77
Bangor,0,77
Newport,131,77
Bangor,176,77
Bangor,49,77
Bangor,108,77
Newport,145,77
Cardiff,162,77
Newport,20,77
Newport,160,77
Bangor,78,77
Swansea,112,77
Bangor,153,77
Bangor,118,77
Swansea,104,77
Swansea,156,77
