City,Quantity,Product_Code
Swansea,147,145
Swansea,89,145
Cardiff,108,145
Newport,15,145
Swansea,140,145
Swansea,62,145
Swansea,33,145
Swansea,2,145
Swansea,199,145
Cardiff,118,145
Bangor,187,145
Bangor,15,145
Bangor,123,145
Newport,101,145
Bangor,189,145
Bangor,89,145
Cardiff,167,145
Swansea,76,145
Cardiff,138,145
Cardiff,38,145
Swansea,129,145
Newport,25,145
Cardiff,192,145
Cardiff,31,145
Bangor,60,145
Swansea,154,145
Cardiff,14,145
Bangor,148,145
Swansea,29,145
Newport,169,145
Bangor,126,145
Swansea,24,145
Newport,3,145
Newport,100,145
Newport,168,145
Swansea,152,145
Bangor,177,145
Cardiff,60,145
Newport,121,145
Swansea,190,145
Swansea,118,145
Bangor,150,145
Cardiff,62,145
Bangor,97,145
Newport,18,145
Newport,44,145
Swansea,93,145
Newport,75,145
Swansea,31,145
Newport,177,145
Swansea,142,145
Cardiff,140,145
Swansea,31,145
Swansea,25,145
Swansea,20,145
Bangor,40,145
Swansea,83,145
Newport,86,145
Bangor,94,145
Bangor,93,145
Bangor,50,145
Swansea,12,145
Newport,20,145
Swansea,97,145
Bangor,116,145
Newport,154,145
Newport,63,145
Cardiff,127,145
Swansea,95,145
Newport,93,145
Cardiff,194,145
Bangor,177,145
Newport,155,145
Cardiff,24,145
Newport,115,145
Newport,146,145
Newport,66,145
Bangor,118,145
Swansea,101,145
Bangor,87,145
Cardiff,172,145
Cardiff,0,145
Newport,123,145
Newport,179,145
Bangor,30,145
Cardiff,65,145
Bangor,131,145
Swansea,12,145
Newport,100,145
Newport,164,145
Cardiff,160,145
Bangor,48,145
Bangor,193,145
Bangor,110,145
Bangor,190,145
Bangor,55,145
Newport,13,145
Cardiff,42,145
Newport,97,145
Newport,147,145
Bangor,144,145
Bangor,95,145
Swansea,20,145
Swansea,76,145
Swansea,62,145
Cardiff,194,145
Bangor,7,145
Newport,48,145
Swansea,82,145
Swansea,105,145
Newport,67,145
Swansea,56,145
Swansea,14,145
Bangor,167,145
Cardiff,33,145
Swansea,111,145
Bangor,54,145
Newport,182,145
Cardiff,171,145
Newport,105,145
Bangor,55,145
Swansea,158,145
Newport,149,145
Cardiff,137,145
Cardiff,141,145
Cardiff,132,145
Bangor,77,145
Bangor,52,145
Cardiff,11,145
Bangor,119,145
Cardiff,129,145
Newport,147,145
Swansea,142,145
Bangor,111,145
Bangor,195,145
Bangor,78,145
Bangor,65,145
Swansea,6,145
Cardiff,166,145
Swansea,122,145
Swansea,186,145
Bangor,72,145
Newport,57,145
Cardiff,91,145
Newport,108,145
Newport,115,145
Newport,41,145
Swansea,164,145
Bangor,185,145
Swansea,11,145
Bangor,61,145
Bangor,193,145
Cardiff,187,145
Bangor,160,145
Swansea,12,145
Swansea,185,145
Bangor,121,145
Cardiff,63,145
Newport,10,145
Bangor,91,145
Cardiff,11,145
Cardiff,171,145
Newport,51,145
Swansea,6,145
Cardiff,179,145
Swansea,6,145
Cardiff,60,145
Cardiff,135,145
Bangor,68,145
Bangor,159,145
Swansea,17,145
Swansea,34,145
Cardiff,151,145
Bangor,18,145
Cardiff,178,145
Newport,149,145
Cardiff,3,145
Cardiff,144,145
Bangor,34,145
Cardiff,138,145
Swansea,4,145
Newport,31,145
Newport,189,145
Bangor,87,145
Bangor,78,145
Cardiff,97,145
Bangor,51,145
Swansea,12,145
Cardiff,84,145
Cardiff,109,145
Swansea,75,145
Newport,97,145
Cardiff,73,145
Newport,139,145
Bangor,114,145
Swansea,107,145
Newport,76,145
Newport,105,145
Swansea,143,145
Newport,147,145
Swansea,58,145
Swansea,95,145
Cardiff,7,145
Bangor,190,145
Swansea,121,145
Bangor,6,145
Cardiff,136,145
Bangor,59,145
Swansea,57,145
Newport,107,145
Swansea,125,145
Swansea,130,145
Newport,127,145
Swansea,199,145
Bangor,172,145
Swansea,136,145
Newport,18,145
Newport,17,145
Newport,6,145
Newport,187,145
Cardiff,119,145
Cardiff,154,145
Swansea,32,145
Cardiff,69,145
Swansea,164,145
Cardiff,115,145
Cardiff,191,145
Bangor,145,145
Swansea,78,145
Swansea,137,145
Newport,76,145
Cardiff,116,145
Cardiff,162,145
Newport,117,145
Bangor,155,145
Newport,160,145
Newport,10,145
Cardiff,120,145
Bangor,171,145
Swansea,87,145
Swansea,22,145
Bangor,119,145
Cardiff,160,145
Bangor,40,145
Swansea,66,145
Swansea,173,145
Cardiff,36,145
Swansea,94,145
Cardiff,171,145
Cardiff,122,145
Cardiff,28,145
