City,Quantity,Product_Code
Swansea,182,44
Newport,59,44
Bangor,52,44
Newport,76,44
Swansea,120,44
Bangor,133,44
Newport,116,44
Newport,200,44
Swansea,73,44
Swansea,158,44
Bangor,93,44
Swansea,36,44
Newport,187,44
Bangor,108,44
Newport,174,44
Swansea,80,44
Newport,167,44
Swansea,94,44
Swansea,101,44
Newport,173,44
Cardiff,77,44
Newport,82,44
Newport,77,44
Cardiff,21,44
Bangor,161,44
Cardiff,155,44
Cardiff,39,44
Swansea,29,44
Bangor,174,44
Newport,58,44
Cardiff,28,44
Bangor,46,44
Swansea,156,44
Swansea,99,44
Newport,94,44
Swansea,103,44
Newport,57,44
Newport,101,44
Cardiff,52,44
Newport,161,44
Swansea,40,44
Swansea,147,44
Swansea,106,44
Swansea,101,44
Swansea,87,44
Bangor,166,44
Cardiff,135,44
Cardiff,38,44
Newport,19,44
Swansea,103,44
Swansea,71,44
Cardiff,5,44
Swansea,135,44
Bangor,33,44
Newport,167,44
Cardiff,5,44
Newport,196,44
Bangor,22,44
Swansea,8,44
Bangor,164,44
Cardiff,81,44
Bangor,163,44
Cardiff,188,44
Cardiff,99,44
Bangor,105,44
Newport,109,44
Newport,73,44
Swansea,58,44
Cardiff,136,44
Bangor,138,44
Bangor,195,44
Swansea,26,44
Bangor,182,44
Bangor,184,44
Newport,36,44
Newport,66,44
Bangor,95,44
Swansea,134,44
Bangor,53,44
Bangor,197,44
Swansea,126,44
Cardiff,197,44
Swansea,67,44
Newport,182,44
Cardiff,47,44
Swansea,178,44
Swansea,3,44
Swansea,39,44
Cardiff,158,44
Newport,22,44
Cardiff,64,44
Cardiff,124,44
Newport,132,44
Cardiff,15,44
Bangor,165,44
Swansea,114,44
Swansea,65,44
Bangor,142,44
Newport,14,44
Newport,135,44
Newport,100,44
Cardiff,5,44
Cardiff,109,44
Newport,45,44
Cardiff,192,44
Swansea,171,44
Swansea,185,44
Cardiff,119,44
Bangor,118,44
Swansea,167,44
Bangor,156,44
Swansea,84,44
Cardiff,173,44
Cardiff,156,44
Bangor,164,44
Cardiff,120,44
Swansea,187,44
Swansea,18,44
Newport,112,44
Newport,64,44
Swansea,165,44
Swansea,84,44
Newport,54,44
Newport,96,44
Swansea,51,44
Swansea,128,44
Newport,131,44
Cardiff,99,44
Cardiff,119,44
Cardiff,82,44
Swansea,9,44
Cardiff,182,44
Bangor,52,44
Newport,134,44
Bangor,96,44
Cardiff,33,44
Newport,6,44
Bangor,157,44
Bangor,83,44
Swansea,149,44
Cardiff,18,44
Bangor,123,44
Bangor,166,44
Bangor,69,44
Swansea,191,44
Bangor,177,44
Cardiff,182,44
Newport,138,44
Newport,199,44
Cardiff,184,44
Newport,37,44
Newport,109,44
Newport,75,44
Swansea,104,44
Bangor,74,44
Swansea,24,44
Newport,189,44
Bangor,95,44
Bangor,160,44
Swansea,15,44
Bangor,5,44
Swansea,110,44
Swansea,8,44
Bangor,145,44
Newport,66,44
Bangor,90,44
Bangor,11,44
Newport,179,44
Cardiff,36,44
Newport,83,44
Swansea,16,44
Bangor,22,44
Bangor,51,44
Swansea,34,44
Newport,120,44
Cardiff,28,44
Cardiff,39,44
Cardiff,129,44
Cardiff,176,44
Swansea,36,44
Cardiff,168,44
Bangor,113,44
Cardiff,171,44
Bangor,16,44
Cardiff,75,44
Cardiff,85,44
Swansea,108,44
Swansea,2,44
Newport,184,44
Newport,167,44
Swansea,127,44
Bangor,99,44
Newport,33,44
Swansea,125,44
Bangor,182,44
Cardiff,130,44
Swansea,42,44
Swansea,189,44
Swansea,76,44
Cardiff,159,44
Cardiff,175,44
Bangor,108,44
Newport,77,44
Bangor,86,44
Swansea,122,44
Newport,137,44
Newport,161,44
Cardiff,147,44
Bangor,21,44
Newport,27,44
Cardiff,96,44
Newport,172,44
Bangor,183,44
Cardiff,118,44
Swansea,180,44
Newport,10,44
Newport,174,44
Newport,141,44
Swansea,54,44
Cardiff,154,44
Swansea,175,44
Bangor,121,44
Bangor,122,44
Newport,181,44
Bangor,180,44
Bangor,46,44
Swansea,189,44
Newport,114,44
Swansea,199,44
Bangor,69,44
Cardiff,88,44
Bangor,171,44
Swansea,108,44
Bangor,111,44
Swansea,2,44
Swansea,147,44
Cardiff,106,44
Cardiff,160,44
Cardiff,123,44
Newport,8,44
Swansea,175,44
Newport,65,44
Bangor,178,44
Bangor,145,44
Swansea,184,44
Cardiff,199,44
Newport,78,44
Cardiff,197,44
Bangor,105,44
Cardiff,195,44
Bangor,15,44
