City,Quantity,Product_Code
Newport,7,92
Newport,99,92
Cardiff,11,92
Cardiff,1,92
Swansea,21,92
Swansea,125,92
Swansea,11,92
Swansea,6,92
Bangor,107,92
Swansea,134,92
Bangor,19,92
Cardiff,87,92
Swansea,144,92
Bangor,118,92
Swansea,84,92
Cardiff,180,92
Newport,181,92
Swansea,18,92
Newport,114,92
Cardiff,127,92
Cardiff,114,92
Swansea,37,92
Newport,71,92
Cardiff,9,92
Swansea,81,92
Cardiff,112,92
Swansea,22,92
Bangor,95,92
Newport,66,92
Newport,166,92
Bangor,71,92
Bangor,141,92
Newport,32,92
Bangor,137,92
Newport,112,92
Bangor,178,92
Swansea,167,92
Bangor,67,92
Bangor,113,92
Bangor,85,92
Swansea,9,92
Cardiff,32,92
Cardiff,23,92
Cardiff,108,92
Swansea,199,92
Cardiff,15,92
Swansea,96,92
Cardiff,168,92
Swansea,18,92
Swansea,65,92
Swansea,77,92
Swansea,190,92
Cardiff,89,92
Cardiff,8,92
Newport,93,92
Bangor,55,92
Newport,96,92
Newport,98,92
Cardiff,79,92
Swansea,68,92
Bangor,125,92
Cardiff,0,92
Cardiff,165,92
Swansea,20,92
Bangor,190,92
Cardiff,26,92
Cardiff,103,92
Cardiff,127,92
Cardiff,48,92
Bangor,195,92
Newport,125,92
Newport,11,92
Cardiff,92,92
Bangor,126,92
Bangor,71,92
Bangor,41,92
Cardiff,96,92
Cardiff,175,92
Bangor,137,92
Cardiff,45,92
Newport,12,92
Swansea,160,92
Swansea,11,92
Cardiff,162,92
Bangor,142,92
Cardiff,60,92
Cardiff,39,92
Cardiff,19,92
Swansea,187,92
Newport,107,92
Cardiff,134,92
Bangor,26,92
Bangor,68,92
Newport,95,92
Newport,154,92
Bangor,134,92
Bangor,43,92
Newport,41,92
Bangor,151,92
Cardiff,193,92
Newport,162,92
Bangor,18,92
Cardiff,128,92
Newport,84,92
Cardiff,158,92
Cardiff,137,92
Bangor,158,92
Bangor,129,92
Bangor,150,92
Newport,108,92
Swansea,104,92
Swansea,90,92
Newport,188,92
Bangor,109,92
Bangor,20,92
Swansea,115,92
Bangor,66,92
Bangor,169,92
Newport,107,92
Cardiff,13,92
Bangor,1,92
Swansea,39,92
Swansea,138,92
Bangor,193,92
Swansea,195,92
Cardiff,138,92
Swansea,108,92
Swansea,33,92
Swansea,51,92
Newport,144,92
Swansea,36,92
Newport,50,92
Cardiff,123,92
Bangor,195,92
Bangor,23,92
Bangor,158,92
Swansea,148,92
Cardiff,8,92
Swansea,44,92
Newport,141,92
Cardiff,139,92
Cardiff,38,92
Newport,179,92
Cardiff,108,92
Newport,136,92
Bangor,104,92
Bangor,193,92
Bangor,7,92
Cardiff,101,92
Bangor,25,92
Bangor,40,92
Bangor,169,92
Newport,50,92
Newport,102,92
Bangor,80,92
Newport,62,92
Cardiff,108,92
Newport,42,92
Newport,104,92
Newport,16,92
Newport,116,92
Cardiff,146,92
Swansea,87,92
Swansea,123,92
Bangor,5,92
Cardiff,162,92
Bangor,18,92
Cardiff,191,92
Bangor,121,92
Swansea,69,92
Bangor,170,92
Cardiff,194,92
Swansea,12,92
Newport,185,92
Cardiff,180,92
Swansea,6,92
Bangor,199,92
Newport,5,92
Swansea,5,92
Newport,138,92
Swansea,59,92
Bangor,118,92
Cardiff,148,92
Swansea,199,92
Cardiff,116,92
Swansea,155,92
Swansea,38,92
Bangor,192,92
Newport,53,92
Swansea,41,92
Cardiff,80,92
Cardiff,189,92
Bangor,188,92
Swansea,104,92
Swansea,195,92
Bangor,129,92
Swansea,72,92
Swansea,70,92
Bangor,42,92
Newport,33,92
Newport,156,92
Newport,142,92
Bangor,32,92
Swansea,80,92
Cardiff,142,92
Newport,23,92
Newport,99,92
Bangor,8,92
Cardiff,144,92
Bangor,143,92
Swansea,200,92
Cardiff,82,92
Newport,134,92
Cardiff,139,92
Cardiff,23,92
Swansea,46,92
Bangor,52,92
Newport,166,92
Bangor,45,92
Cardiff,28,92
Cardiff,66,92
Bangor,200,92
Bangor,73,92
Swansea,41,92
Swansea,138,92
Newport,38,92
Cardiff,181,92
Bangor,150,92
Swansea,19,92
Swansea,64,92
Cardiff,59,92
Swansea,158,92
Bangor,24,92
Cardiff,110,92
Cardiff,47,92
Newport,96,92
Bangor,92,92
Newport,127,92
Bangor,187,92
Swansea,189,92
Swansea,126,92
Swansea,91,92
Newport,54,92
Newport,6,92
Cardiff,173,92
Cardiff,29,92
Cardiff,77,92
Swansea,15,92
Swansea,165,92
Bangor,96,92
Bangor,87,92
