City,Quantity,Product_Code
Bangor,14,40
Cardiff,124,40
Bangor,8,40
Bangor,157,40
Swansea,185,40
Cardiff,27,40
Swansea,187,40
Cardiff,91,40
Newport,122,40
Bangor,106,40
Cardiff,72,40
Swansea,49,40
Cardiff,55,40
Cardiff,136,40
Bangor,49,40
Bangor,117,40
Cardiff,100,40
Swansea,139,40
Newport,39,40
Swansea,85,40
Swansea,199,40
Swansea,90,40
Cardiff,198,40
Cardiff,9,40
Swansea,159,40
Cardiff,45,40
Cardiff,154,40
Bangor,155,40
Swansea,145,40
Swansea,97,40
Cardiff,23,40
Newport,13,40
Swansea,110,40
Cardiff,192,40
Newport,131,40
Swansea,136,40
Swansea,35,40
Newport,77,40
Swansea,106,40
Newport,199,40
Swansea,105,40
Newport,80,40
Swansea,110,40
Newport,159,40
Newport,171,40
Bangor,149,40
Cardiff,55,40
Bangor,111,40
Swansea,157,40
Bangor,36,40
Cardiff,69,40
Swansea,35,40
Newport,141,40
Cardiff,14,40
Cardiff,99,40
Swansea,125,40
Newport,140,40
Bangor,169,40
Cardiff,159,40
Bangor,134,40
Cardiff,25,40
Newport,61,40
Swansea,38,40
Cardiff,73,40
Bangor,26,40
Cardiff,41,40
Cardiff,142,40
Newport,40,40
Newport,59,40
Bangor,154,40
Newport,119,40
Cardiff,141,40
Bangor,196,40
Newport,58,40
Newport,79,40
Newport,126,40
Swansea,31,40
Newport,11,40
Cardiff,125,40
Bangor,90,40
Swansea,127,40
Cardiff,44,40
Newport,105,40
Cardiff,26,40
Swansea,164,40
Cardiff,80,40
Cardiff,200,40
Newport,38,40
Cardiff,14,40
Swansea,90,40
Cardiff,31,40
Swansea,166,40
Newport,49,40
Swansea,39,40
Bangor,30,40
Cardiff,81,40
Bangor,147,40
Swansea,180,40
Newport,44,40
Newport,157,40
Cardiff,139,40
Swansea,104,40
Swansea,40,40
Newport,115,40
Cardiff,99,40
Swansea,155,40
Bangor,35,40
Bangor,76,40
Newport,25,40
Swansea,153,40
Swansea,77,40
Swansea,76,40
Newport,95,40
Cardiff,21,40
Cardiff,3,40
Cardiff,192,40
Swansea,141,40
Swansea,76,40
Bangor,80,40
Swansea,144,40
Newport,117,40
Cardiff,0,40
Swansea,190,40
Newport,146,40
Newport,57,40
Cardiff,4,40
Bangor,193,40
Newport,189,40
Newport,35,40
Swansea,90,40
Bangor,138,40
Swansea,108,40
Newport,142,40
Newport,174,40
Cardiff,30,40
Bangor,195,40
Newport,177,40
Cardiff,89,40
Newport,165,40
Newport,9,40
Cardiff,186,40
Bangor,114,40
Swansea,136,40
Bangor,0,40
Cardiff,105,40
Bangor,82,40
Cardiff,109,40
Swansea,64,40
Bangor,171,40
Cardiff,4,40
Bangor,109,40
Bangor,12,40
Swansea,133,40
Swansea,194,40
Swansea,200,40
Bangor,112,40
Bangor,101,40
Bangor,149,40
Swansea,39,40
Bangor,138,40
Bangor,43,40
Swansea,65,40
Newport,42,40
Swansea,171,40
Cardiff,98,40
Newport,115,40
Swansea,48,40
Cardiff,191,40
Newport,37,40
Cardiff,24,40
Bangor,42,40
Cardiff,86,40
Newport,168,40
Cardiff,123,40
Newport,184,40
Cardiff,129,40
Bangor,57,40
Newport,57,40
Newport,99,40
Cardiff,99,40
Bangor,181,40
Newport,73,40
Swansea,15,40
Swansea,126,40
Newport,165,40
Newport,31,40
Bangor,47,40
Bangor,164,40
Cardiff,88,40
Newport,62,40
Swansea,11,40
Bangor,88,40
Bangor,110,40
Swansea,68,40
Bangor,0,40
Swansea,188,40
Swansea,17,40
Bangor,146,40
Swansea,94,40
Cardiff,32,40
Cardiff,49,40
Cardiff,143,40
Newport,178,40
Newport,24,40
Bangor,2,40
Cardiff,41,40
Newport,24,40
Swansea,118,40
Newport,186,40
Cardiff,8,40
Newport,108,40
Bangor,188,40
Cardiff,67,40
Cardiff,72,40
Bangor,154,40
Swansea,193,40
Cardiff,151,40
Newport,69,40
Swansea,39,40
Bangor,107,40
Newport,50,40
Cardiff,5,40
Newport,114,40
Newport,67,40
Newport,59,40
Newport,120,40
Bangor,61,40
Swansea,11,40
Swansea,153,40
Newport,185,40
Bangor,123,40
Swansea,49,40
Newport,136,40
Swansea,82,40
Swansea,193,40
Newport,167,40
Swansea,16,40
Cardiff,38,40
Newport,39,40
Swansea,119,40
Bangor,171,40
Cardiff,7,40
Swansea,53,40
Swansea,35,40
Bangor,15,40
Cardiff,72,40
Cardiff,36,40
Cardiff,39,40
Swansea,27,40
Bangor,187,40
Bangor,171,40
