City,Quantity,Product_Code
Cardiff,134,182
Cardiff,85,182
Newport,197,182
Swansea,73,182
Newport,114,182
Swansea,91,182
Cardiff,142,182
Swansea,119,182
Newport,193,182
Cardiff,153,182
Newport,33,182
Bangor,62,182
Swansea,85,182
Cardiff,39,182
Newport,178,182
Cardiff,23,182
Newport,43,182
Cardiff,10,182
Bangor,160,182
Bangor,58,182
Swansea,19,182
Swansea,126,182
Cardiff,89,182
Cardiff,40,182
Bangor,39,182
Newport,24,182
Swansea,24,182
Cardiff,61,182
Bangor,138,182
Bangor,161,182
Newport,88,182
Newport,196,182
Newport,15,182
Newport,141,182
Cardiff,76,182
Cardiff,111,182
Newport,98,182
Bangor,1,182
Bangor,68,182
Newport,6,182
Swansea,66,182
Bangor,129,182
Cardiff,88,182
Cardiff,93,182
Cardiff,78,182
Bangor,58,182
Swansea,186,182
Bangor,176,182
Swansea,63,182
Bangor,96,182
Newport,97,182
Swansea,115,182
Swansea,49,182
Cardiff,22,182
Swansea,60,182
Swansea,63,182
Newport,40,182
Swansea,31,182
Newport,47,182
Swansea,43,182
Swansea,51,182
Cardiff,191,182
Swansea,186,182
Swansea,162,182
Bangor,98,182
Cardiff,136,182
Cardiff,64,182
Swansea,55,182
Swansea,91,182
Newport,175,182
Swansea,102,182
Newport,97,182
Bangor,114,182
Newport,24,182
Swansea,19,182
Cardiff,53,182
Cardiff,142,182
Cardiff,2,182
Bangor,163,182
Newport,143,182
Swansea,189,182
Cardiff,195,182
Swansea,80,182
Swansea,161,182
Newport,105,182
Newport,117,182
Bangor,18,182
Swansea,90,182
Swansea,81,182
Newport,72,182
Bangor,69,182
Swansea,85,182
Swansea,37,182
Newport,176,182
Swansea,88,182
Bangor,183,182
Bangor,69,182
Newport,119,182
Newport,139,182
Cardiff,135,182
Swansea,179,182
Bangor,124,182
Bangor,96,182
Swansea,8,182
Newport,192,182
Bangor,133,182
Newport,143,182
Swansea,184,182
Bangor,192,182
Bangor,68,182
Swansea,50,182
Newport,106,182
Cardiff,102,182
Newport,111,182
Swansea,72,182
Swansea,8,182
Newport,68,182
Bangor,171,182
Newport,126,182
Swansea,119,182
Cardiff,127,182
Cardiff,193,182
Bangor,85,182
Bangor,77,182
Swansea,60,182
Cardiff,146,182
Bangor,135,182
Swansea,165,182
Swansea,33,182
Newport,49,182
Bangor,3,182
Swansea,121,182
Cardiff,19,182
Bangor,78,182
Newport,28,182
Bangor,140,182
Cardiff,112,182
Swansea,194,182
Bangor,39,182
Swansea,155,182
Swansea,47,182
Cardiff,37,182
Bangor,60,182
Swansea,19,182
Bangor,165,182
Swansea,69,182
Swansea,98,182
Newport,4,182
Bangor,24,182
Bangor,167,182
Newport,75,182
Newport,9,182
Cardiff,186,182
Bangor,57,182
Cardiff,11,182
Cardiff,26,182
Swansea,139,182
Newport,186,182
Bangor,37,182
Cardiff,31,182
Bangor,172,182
Swansea,161,182
Cardiff,142,182
Cardiff,145,182
Cardiff,14,182
Newport,42,182
Cardiff,150,182
Swansea,109,182
Cardiff,143,182
Bangor,167,182
Newport,77,182
Bangor,130,182
Bangor,83,182
Swansea,58,182
Cardiff,135,182
Newport,65,182
Cardiff,158,182
Newport,101,182
Newport,148,182
Swansea,179,182
Swansea,22,182
Swansea,176,182
Swansea,60,182
Cardiff,22,182
Newport,53,182
Newport,29,182
Bangor,48,182
Cardiff,33,182
Bangor,120,182
Bangor,173,182
Bangor,175,182
Newport,67,182
Cardiff,84,182
Swansea,159,182
Cardiff,62,182
Newport,159,182
Newport,181,182
Cardiff,184,182
Bangor,47,182
Newport,88,182
Cardiff,64,182
Bangor,196,182
Cardiff,28,182
Bangor,64,182
Swansea,40,182
Bangor,102,182
Bangor,165,182
Cardiff,64,182
Newport,92,182
Cardiff,51,182
Swansea,99,182
Swansea,105,182
Bangor,98,182
Newport,118,182
Bangor,109,182
Bangor,55,182
Cardiff,122,182
Bangor,170,182
Cardiff,95,182
Swansea,17,182
Newport,154,182
Bangor,111,182
Swansea,6,182
Bangor,179,182
Cardiff,156,182
Cardiff,183,182
Bangor,44,182
Newport,153,182
Cardiff,25,182
Bangor,68,182
Cardiff,16,182
Bangor,26,182
Newport,53,182
Newport,9,182
Swansea,176,182
Swansea,102,182
Swansea,0,182
Newport,124,182
Swansea,173,182
Swansea,19,182
Bangor,47,182
Newport,50,182
Swansea,30,182
Swansea,126,182
Cardiff,97,182
Swansea,184,182
Swansea,31,182
Bangor,123,182
Swansea,98,182
Cardiff,44,182
Bangor,164,182
