ringno,year,day,time,sex,tarsus,type,mass,wing
N03710,2008,26,-2,2,22.3,f,25.3,124
N03711,2008,26,-2, ,24.5,f,26.8,127
N03712,2008,26,-2, ,24.4,f,29.5,128
N03713,2008,26,-2, ,22.2,f,24.4,123
N03714,2008,26,-1, ,21.4,f,24.5,120
N03715,2008,26,-1,2,22.5,f,24.2,124
N03716,2008,26,-1, ,22.9,f,23.6,123
N03717,2008,26,-1, ,22,f,25.9,122
N03718,2008,26,-2,2,22.8,f,27,124
N03719,2008,26,-2, ,22.2,f,31.6,129
N03720,2008,26,0,2,22.3,f,23.3,123
N03721,2008,26,0,1,21.5,f,29.4,122
N03722,2008,26,0, ,21.9,f,24,124
N03723,2008,26,0, ,22.9,f,30.3,125
N03724,2008,26,0,2,23.4,f,27.5,124
N03725,2008,26,0, ,22.7,f,30.4,126
N03726,2008,26,0, ,22,f,27.7,124
N03727,2008,26,0, ,22.1,f,22,127
N03728,2008,26,1, ,23.1,f,25,128
N03729,2008,26,1, ,22.4,f,24.2,122
N03730,2008,26,2, ,23.6,f,26,123
N03731,2008,26,2, ,22.9,f,24.4,124
N03732,2008,26,2,2,20.7,f,28,120
N03733,2008,26,4, ,22.4,f,26,123
N03734,2008,26,4, ,23.4,f,28,125
N03735,2008,26,4, ,23.3,f,27,121
N03736,2008,26,4, ,21.9,f,26.5,125
N03737,2008,26,4, ,23.2,f,26.5,123
N03738,2008,27,-2, ,22.5,f,26.3,126
N03739,2008,27,-2, ,21.3,f,25.3,125
N03740,2008,27,-1, ,22.3,f,23.7,125
N03741,2008,27,-1, ,22.9,f,27.3,126
N03742,2008,27,-1, ,23.5,f,25.2,123
N03743,2008,27,-1, ,23,f,24,120
N03744,2008,27,0,2,22.5,f,27.9,125
N03745,2008,27,0, ,22.5,f,28.7,129
N03746,2008,27,0,1,22.7,f,24.3,124
N03747,2008,27,0, ,22.7,f,28.5,125
N03748,2008,27,0, ,23.6,f,28.3,124
N03749,2008,27,1, ,23.4,f,28.3,128
N03750,2008,27,1, ,22.5,f,24.4,121
N03751,2008,27,2, ,22,f,23.3,122
N03752,2008,27,2,2,22,f,27.5,123
N03753,2008,27,2,2,22.8,f,26.7,126
N03754,2008,27,3,1,21.7,f,25.9,125
N03755,2008,27,3, ,22.3,f,23.5,122
N03756,2008,27,3, ,22.4,f,27.9,125
E532565,2008,27,0,2,23,c,25.5,128
D21008,2008,28,2, ,22.2,f,28.5,125
D21009,2008,28,2,2,22.8,f,24.4,127
D21010,2008,28,2, ,21.8,f,28.7,127
D21011,2008,28,2, ,22.5,f,31.6,125
D21012,2008,28,3,2,22.8,f,27.6,128
D21013,2008,28,3,2,21.2,f,27.8,126
D21014,2008,28,3, ,21.3,f,27.6,123
D21015,2008,28,3, ,21.91,f,24.2,123
D21016,2008,28,3,2,21.57,f,27.9,122.5
D21017,2008,28,3, ,22.6,f,23.9,125.5
D21018,2008,28,2, ,21.8,f,29.5,125
D21019,2008,28,4, ,21.4,f,27.2,127
D21020,2008,28,4, ,22.6,f,29.5,129
D21021,2008,28,4, ,21.5,f,28.4,126
N03757,2008,28,-2,1,21.32,f,25.8,119
N03758,2008,28,-2, ,22.2,f,25.9,120
N03759,2008,28,-2, ,21.21,f,25,125
N03760,2008,28,-2, ,23.2,f,25.9,125
N03761,2008,28,-2, ,22.3,f,24.8,125
N03762,2008,28,-2, ,21.7,f,25.2,123
N03763,2008,28,-2,1,22.5,f,25.2,128
N03764,2008,28,-1,2,21.9,f,26,127
N03765,2008,28,-1,2,22.5,f,27.6,124
N03766,2008,28,-1,2,22.1,f, ,128
N03767,2008,28,-1, ,22.6,f,26.5,125
N03768,2008,28,-1, ,22.9,f,25.2,125
N03769,2008,28,-1, ,21.59,f,24,124
N03770,2008,28,-1, ,22.8,f,26,125
N03771,2008,28,-1, ,22.7,f,27.5,125
N03772,2008,28,-1, ,22.5,f,30,130
N03773,2008,28,0, ,20.95,f,22.2,121
N03774,2008,28,0, ,23.8,f,24.8,125
N03775,2008,28,0, ,23.64,f,26.5,123.5
N03776,2008,28,0,2,22.14,f,23.3,120.5
N03777,2008,28,0,1,22.08,f,24.3,128.5
N03778,2008,28,0,2,24.07,f,31,127
N03779,2008,28,0, ,21.2,f,25.6,127
N03780,2008,28,0, ,22.75,f,25,122
N03781,2008,28,0, ,22.5,f,26.5,122
N03782,2008,28,0, ,23.1,f,26.4,126
N03783,2008,28,0, ,21.9,f,24.3,125
N03784,2008,28,0, ,22.8,f,26.4,124
N03785,2008,28,0, ,21.96,f,25.3,125.5
N03786,2008,28,1, ,22.66,f,25.3,122.5
N03787,2008,28,1, ,23.3,f,26.6,130
N03788,2008,28,1, ,22.5,f,25.2,126
N03789,2008,28,1, ,22,f,27.3,123
N03790,2008,28,1, ,22.5,f,28.3,124
N03791,2008,28,1, ,22.7,f,26.1,127
N03792,2008,28,1, ,22,f,22.2,127
N03793,2008,28,1, ,22,f,27.7,131
N03794,2008,28,1,2,22.8,f,22.2,128
N03795,2008,28,1, ,22.1,f,26.8,124
N03796,2008,28,1, ,23,f,28.4,122
N03797,2008,28,2, ,21.2,f,23.6,120
N03798,2008,28,2, ,22.5,f,26.3,124
N03799,2008,28,2,1,23.4,f,28.1,124
N03800,2008,28,2, ,22.9,f,26.5,126
D21022,2008,29,-2, ,22.4,f,27.5,125
D21023,2008,29,-2, ,22,f,27.1,126
D21024,2008,29,-2,2,23.1,f,27.5,124
D21025,2008,29,-2, ,21,f,22.3,122
D21026,2008,29,-1, ,21.8,f,25.5,126
D21027,2008,29,-1, ,21.7,f,28,123
D21028,2008,29,-1, ,22.6,f,25.7,124
D21029,2008,29,0, ,23.2,f,27,126
D21030,2008,29,0, ,22.08,f,24.4,121.5
D21031,2008,29,0, ,21.87,f,24.9,120
D21032,2008,29,1, ,21.6,f,25,122
D21033,2008,29,1, ,23,f,26.6,124
D21034,2008,29,1, ,22.5,f,27.3,125
D21035,2008,29,2, ,23.4,f,27.6,129
D21036,2008,29,2, ,22.9,f,21.7,123
D21037,2008,29,2,2,22.9,f,24.7,126
D21038,2008,29,3, ,22.5,f,24.7,125
D21040,2008,29,3, ,22.7,f,25.6,123
D21041,2008,29,4, ,21.1,f,25.8,124
D21042,2008,29,4, ,21.2,f,27.7,123
D21043,2008,29,4,2,24.1,f,28.3,131
D21044,2008,29,4, ,23.3,f,30,128
D21045,2008,29,4, ,21.5,f,24.2,125
T025288,2008,30,2,2,22.9,r,25.5,126
D21046,2008,30,-2,2,22.27,f,28.4,122
D21047,2008,30,-2, ,23.5,f,25.2, 
D21048,2008,30,-2, ,22.48,f,25.7,126.5
D21049,2008,30,-2, ,23.5,f,24.9,124
D21050,2008,30,-2, ,22.2,f,25.4,125
D21051,2008,30,-2, ,21.33,f,24.3,123.5
D21052,2008,30,-1, ,23.34,f,25.8,124.5
D21053,2008,30,-1, ,22.3,f,22.1,124
D21054,2008,30,0, ,23.6,f,29.3,130
D21055,2008,30,1, ,21.3,f,28.7,124
D21056,2008,30,1, ,21.4,f,24.2,127
D21057,2008,30,1, ,22.3,f,26,124
D21058,2008,30,1, ,22,f,26.5,125
D21059,2008,30,1, ,21.9,f,26,127
D21060,2008,30,2,2,22.5,f,27.3,127
D21061,2008,30,2, ,22.5,f,25.2,129
D21062,2008,30,2, ,23.4,f,25.5,129
D21063,2008,30,2, ,22.5,f,28.1,127
D21064,2008,30,2, ,22.5,f,25.4,125
D21065,2008,30,2, ,21.8,f,26,124
D21066,2008,30,3, ,22.5,f,27.5,125
D21067,2008,30,3, ,22.1,f,30.6,124
D21068,2008,30,3,2,23.2,f,24.7,125
D21069,2008,30,3,2,20.9,f,23.5,120
D21070,2008,30,3, ,22.5,f,23.5,127
D21071,2008,30,3, ,22.5,f,27,123
D21072,2008,30,4,1,22.1,f,27,122
D21073,2008,30,4, ,22.8,f,24.5,124
D21074,2008,30,4,2,21.7,f,26.6,123
D21075,2008,30,4, ,22.9,f,26.5,129
D21076,2008,30,4, ,22.4,f,27.5,124
D21077,2008,30,5, ,22,f,25.7,126
D21078,2008,31,-2, ,21.15,f,25.3,125
D21079,2008,31,-1, ,22.5,f,28.9,121.5
D21080,2008,31,-1, ,22.5,f,29,128
D21081,2008,31,-1, ,24.45,f,27.2,129
D21082,2008,31,-1, ,23.32,f,26.2,124.5
D21083,2008,31,0, ,22.89,f,26.8,125
D21084,2008,31,0, ,22.55,f,24.5,125
D21085,2008,31,0, ,21.1,f,23.5,126
D21086,2008,31,0, ,22.41,f,24.4,122
D21087,2008,31,0, ,21.83,f,27.9,126
D21088,2008,31,1, ,22.9,f,25.2,125.5
D21089,2008,31,1, ,21.8,f,26.4,121.5
D21090,2008,31,1, ,22.38,f,25.6,123.5
D21091,2008,31,1, ,22.53,f,27.1,122
D21092,2008,31,1, ,23.2,f,25.7,122
D21093,2008,31,1, ,23.11,f,25.9,125
D21094,2008,31,1, ,22.38,f,26.1,121
D21095,2008,31,1, ,22.18,f,24.8,115
D21096,2008,31,1, ,21.38,f,25.6,125.5
D21097,2008,31,1, ,22.06,f,22.8,121
D21098,2008,31,1, ,20.63,f,25,122
D21099,2008,31,2, ,21.15,f,27.3,125
D21100,2008,31,2, ,22.92,f,27.6,125.5
D21101,2008,31,2,2,21.27,f,25.4,127.5
D21102,2008,31,2, ,23.2,f,29.4,123.5
D21103,2008,31,3, ,22.4,f,24.8,122
D21104,2008,31,3, ,22.7,f,29.8,123.5
D21105,2008,31,3,1,22.41,f,26.2,122
D21106,2008,31,3, ,22.09,f,24.3,123
D21107,2008,31,3,2,22.64,f,29.5,122
D21108,2008,31,3,2,21.39,f,24.2,122
D21109,2008,31,3, ,22.47,f,25.9,121.5
D21110,2008,31,3, ,21.35,f,23.6,120
D21111,2008,31,5,2,21.7,f,24.6,124
D21112,2008,33,-1, ,21.93,f,24.4,123
D21113,2008,33,-1,1,22.1,f,26.1,121.5
D21114,2008,33,0, ,21.8,f,23.9,124
D21115,2008,33,0,2,22.3,f,26.6,125.5
D21116,2008,33,0, ,23.2,f,25.2,127
D21117,2008,33,0,2,21.67,f,22.9,122.5
D21118,2008,33,1, ,23.59,f,25.6,124
D21119,2008,33,2, ,23.4,f,29.4,121
D21120,2008,33,2,1,23.2,f,26.3,126
D21121,2008,33,2, ,22.5,f,27.6,124
D21122,2008,33,3, ,21.49,f,23.5,120.5
D21123,2008,33,3, ,21.55,f,26.6,122.5
D21124,2008,33,4, ,21.26,f,25.2,130
2627703,2008,33,4,2,22.05,c,27.8,119
D21125,2008,34,-2, ,22.38,f,23.2,123
D21126,2008,34,-1, ,22.33,f,25.1,127
D21127,2008,34,-1, ,22.22,f,27.6,122
D21128,2008,34,-1, ,23.08,f,32.6,123.5
D21129,2008,34,0, ,22.4,f,24.7,120
D21130,2008,34,1, ,22.4,f,22.9,127
D21131,2008,34,1, ,21,f,24.2,129
D21132,2008,34,1, ,22.2,f,24,124
D21133,2008,34,1, ,22.7,f,22.5,125
D21134,2008,34,2, ,22.3,f,25.3,124
D21135,2008,34,2, ,23.2,f,26.4,127
D21136,2008,35,-2,2,23.3,f,22.9,123
D21137,2008,35,-2, ,22.53,f,26.3,124
D21138,2008,35,-1, ,22.6,f,24.4,122
D21139,2008,35,0, ,22.8,f,27.2,122
D21140,2008,35,0,2,22.38,f,23.9,125.5
D21141,2008,35,0, ,21.66,f,24.1,123.5
D21142,2008,35,1, ,22.3,f,22.9,127
D21143,2008,35,1, ,21.84,f,27.7,124.5
D21144,2008,35,1, ,22.56,f,30.8,126
D21145,2008,35,1, ,21.33,f,24.4,121
D21146,2008,35,1, ,22.6,f,22.7,123
D21147,2008,35,1,2,23.01,f,23.2,124
D21148,2008,35,1, ,22.3,f,22.6,121.5
D21149,2008,35,1, ,22.32,f,25.2,126
D21150,2008,35,1, ,23,f,28.4,121
N04201,2008,35,1, ,22.32,f,24.2,122
N04202,2008,35,2, ,21.2,f,25,120
N04203,2008,35,2,1,22.5,f,26.7,123
N04204,2008,35,2, ,22.1,f,22.7,118
N04205,2008,35,2,2,21.6,f,26,123
N04206,2008,35,2, ,21.8,f,25.9,122
N04207,2008,35,2, ,22.7,f,23.6,119
N04208,2008,35,2,1,21.33,f,24.6,128.5
N04209,2008,35,3, ,22.6,f,25.3,122
N04210,2008,35,3, ,22.9,f,27.9,125
N04211,2008,35,3, ,23.69,f,28.9,126
N04212,2008,35,3, ,21.24,f,27.6,120
N04213,2008,35,3, ,23.72,f,29.3,126
N04214,2008,35,4,1,22.21,f,23.2,121.5
2572144,2008,35,1,1,22.89,c,25.9,123.5
N04215,2008,36,-2,2,22.4,f,25,124
N04216,2008,36,-1, ,22.3,f,24.5,120.5
N04217,2008,36,-1,2,22.4,f,24.7,127
N04218,2008,36,0, ,21.88,f,25.9,119
N04219,2008,36,0,1,22.41,f,29.6,124.5
N04220,2008,36,0, ,20.8,f,23.9,122
N04221,2008,36,0,2,22,f,26.7,127
N04222,2008,36,0,1,21.9,f,21.5,120
N04223,2008,36,1,2,22.46,f,23.5,126
N04224,2008,36,1, ,24,f,25.5,124.5
N04225,2008,36,1, ,22.69,f,25.6,123
N04226,2008,36,1, ,21.55,f,23.1,123
N04227,2008,36,1,2,22.5,f,25.4,123.5
N04228,2008,36,2, ,23.2,f,27.7,123
N04229,2008,36,2, ,21.08,f,25.4,125
N04230,2008,36,2,2,22.3,f,26.8,122
N04231,2008,36,2, ,21.02,f,23.6,122
N04232,2008,36,2, ,22.05,f,22.9,122
N04233,2008,36,2, ,23.66,f,26.1,129
N04234,2008,36,3,2,20.9,f,24.5,122.5
N04235,2008,36,3,2,22.2,f,25.5,121
N04236,2008,36,3,2,23.2,f,29.9,123.5
N04237,2008,36,3, ,22.9,f,23.7,123
N04238,2008,36,4, ,22.4,f,25.7,122
N04239,2008,36,4,2,23,f,25.3,125
SB40200,2008,36,0,2,21.83,c,26.9,122.5
N04240,2008,37,-2, ,22.6,f,24.7,126
N04241,2008,37,-2, ,22.8,f,28,123
N04242,2008,37,-2, ,22,f,24.8,124
N04243,2008,37,-2, ,22.6,f,23.5,128
N04244,2008,37,-2, ,22.5,f,26,124
N04245,2008,37,-2, ,22.1,f,30.4,125.5
N04246,2008,37,-2, ,23.2,f,25.4,123
N04247,2008,37,-2, ,23.3,f,22.7,125
N04248,2008,37,-2, ,22.1,f,26.7,127
N04249,2008,37,-2, ,23.2,f,26,125
N04250,2008,37,-1, ,21.5,f,22.4,124.5
N04251,2008,37,-1, ,21.9,f,27.7,121
N04252,2008,37,-1, ,23.2,f,27.5,122.5
N04253,2008,37,-1, ,21.28,f,25.4,122.5
N04254,2008,37,0, ,23.21,f,26.2,127
N04255,2008,37,1, ,23.5,f,28.1,126
N04256,2008,37,1, ,21.9,f,26.1,125
N04257,2008,37,1, ,22.9,f,27.2,130
N04258,2008,37,2, ,23.3,f,30.2,125.5
N04259,2008,37,2, ,22.4,f,24.9,125
N04260,2008,37,2, ,22,f,24.1,125
N04261,2008,37,3, ,23.4,f,28.9,123
N04262,2008,37,3, ,22.2,f,25.2,127
N04263,2008,37,3, ,22.2,f,26.2,124
N04264,2008,37,3, ,22.1,f,24.1,120
N04265,2008,37,4, ,22.1,f,28.7,121
N04266,2008,37,4, ,21.9,f,23,123
N04267,2008,37,4, ,22.3,f,26.7,124
N04268,2008,37,4, ,23.2,f,25.4,124
N04269,2008,37,4, ,23.2,f,25.2,122
N04270,2008,37,5, ,21.9,f,27.5,121
2507269,2008,37,1,2,22.9,c,29.7,124
N04271,2008,38,-2, ,21.6,f,23,124
N04272,2008,38,-2, ,21.98,f,24.8,127.5
N04273,2008,38,-2, ,22.99,f,24.7,124
N04274,2008,38,-2,2,21.4,f,23.5,121
N04275,2008,38,-2, ,22.4,f,26.6,126
N04276,2008,38,-2, ,23.1,f,25.9,126
N04277,2008,38,-2, ,22.9,f,23.9,120
N04278,2008,38,-1, ,22.2,f,25.2,129
N04279,2008,38,-1, ,23,f,22.6,124
N04280,2008,38,-1, ,23,f,22.8,123
N04281,2008,38,-1, ,21.9,f,25.2,125
N04282,2008,38,0, ,22.61,f,25.4,124
N04283,2008,38,0, ,22.2,f,25.3,122.5
N04284,2008,38,0,2,22,f,27.6,128
N04285,2008,38,0, ,22.9,f,27.3,128.5
N04286,2008,38,1, ,22,f,26.8,127
N04287,2008,38,1, ,20.12,f,26.2,126
N04288,2008,38,1, ,22.2,f,29.5,120
N04289,2008,38,1, ,22.24,f,26.8,126
N04290,2008,38,1, ,21.8,f,26.5,122
N04291,2008,38,1, ,23.1,f,27.5,124
N04292,2008,38,2, ,21.3,f,25.75,121
N04293,2008,38,2, ,22.3,f,27.5,119
N04294,2008,38,2, ,21.98,f,27.3,122
N04295,2008,38,3, ,22.6,f,24.5,121
N04296,2008,38,3,1,23.5,f,24.5,121
N04297,2008,38,3,2,22.9,f,23.5,125
N04298,2008,38,3, ,22.3,f,23.2,122
N04299,2008,38,3, , ,f,32.5,122
N04300,2008,38,3, ,21.8,f,24.9,123
N04301,2008,40,3,1,21.92,f,24.5,126
N04302,2008,40,3,2,22.6,f,23.9,127
D21152,2008,41,4, ,21.2,f,22.9,121
D21153,2008,41,5, ,23.08,f,24.7,122.5
D21154,2008,41,5, ,22.5,f,24.3,119
N04303,2008,41,-2, ,22.8,f,25.1,125
N04304,2008,41,-2, ,23.6,f,25.2,120
N04305,2008,41,-2, ,23.2,f,29.6,122
N04306,2008,41,-2, ,23.4,f,26,127
N04307,2008,41,-2, ,23,f,24.3,122
N04308,2008,41,-2, ,22.8,f,27.6,121
N04309,2008,41,-2, ,22,f,26.6,122
N04310,2008,41,-2, ,22.6,f,24.7,127
N04311,2008,41,-1, ,22.8,f,27,124
N04312,2008,41,-1, ,22.8,f,24.1,124
N04313,2008,41,-1, ,23.6,f,32.5,125
N04314,2008,41,-1, ,21.6,f,23.8,123
N04315,2008,41,-1, ,21.6,f,26.6,124
N04316,2008,41,-1, ,22.1,f,25.5,119
N04317,2008,41,-1, ,21.8,f,23.4,120
N04318,2008,41,-1, ,20.3,f,22.9,120
N04318,2008,41,-1, ,21.3,f,21.5,120
N04320,2008,41,-1, ,21.4,f,26.4,122
N04321,2008,41,-1, ,22.1,f,23.3,125
N04322,2008,41,-1, ,22.8,f,26.8,124
N04323,2008,41,0, ,22.7,f,27.8,122
N04324,2008,41,0,1,21.5,f,24.2,125
N04325,2008,41,0, ,23,f,24.8,127
N04326,2008,41,0, ,22.7,f,30.7,121
N04327,2008,41,0, ,21.7,f,25.6,122
N04328,2008,41,0, ,21.5,f,26.7,126.5
N04329,2008,41,0,2,21.5,f,24.1,122
N04330,2008,41,0, ,23.6,f,27.3,126
N04331,2008,41,0, ,21.8,f,30.2,121
N04332,2008,41,1, ,22.6,f,26.5,123
N04333,2008,41,1, ,23,f,28.4,124
N04334,2008,41,1, ,21.3,f,29.1,119
N04335,2008,41,1, ,22.4,f,27.8,128.5
N04336,2008,41,1, ,21.1,f,25.4,123
N04337,2008,41,1, ,21.3,f,23.9,119
N04338,2008,41,1, ,22.9,f,28.5,125
N04339,2008,41,1, ,23,f,25.2,121
N04340,2008,41,1, ,22.1,f,26.8,123
N04341,2008,41,2, ,21.6,f,27.6,120
N04342,2008,41,2, ,22.3,f,26.2,123
N04343,2008,41,2, ,21.9,f,27,124
N04344,2008,41,2, , ,f,29.8,126
N04345,2008,41,2, ,23,f, ,126
N04346,2008,41,2, , ,f,29.4,129
N04347,2008,41,2, ,23.1,f,26.2,122
N04348,2008,41,2, ,21.3,f,22.4,120.5
N04349,2008,41,2, ,21.7,f,27,124
N04350,2008,41,2, ,22.3,f,25,123
N04351,2008,41,2,2,22,f,25.7,120
N04352,2008,41,2, ,22,f,26.4,124
N04353,2008,41,2, ,23.2,f,28.5,123.5
N04354,2008,41,2, ,22.2,f,21.7,121
N04355,2008,41,2, ,22.3,f,26.8,124
N04356,2008,41,2, ,22.8,f,22,122
N04357,2008,41,2, ,22.5,f,26.1,124
N04358,2008,41,2, ,21.15,f,27,120
N04359,2008,41,2, ,23,f,24.3,125
N04360,2008,41,2, ,23.5,f,26,126
N04361,2008,41,2,2, ,f,25.8, 
N04362,2008,41,2, , ,f,27.4,126
N04363,2008,41,2, , ,f,25.3,123
N04364,2008,41,3, , ,f,25.4,120
N04365,2008,41,3, , ,f,25.4,127
N04366,2008,41,3, , ,f,25.9,127
N04367,2008,41,3, , ,f,20.6,123
N04368,2008,41,3, , ,f,26.1,124
N04369,2008,41,3, , ,f,24.9,124
N04370,2008,41,3, , ,f,26.8,121
N04371,2008,41,3, , ,f,22.5,125
N04372,2008,41,3, , ,f,26.9,125
N04373,2008,41,3, , ,f,24.2,121
N04374,2008,41,3, , ,f,24.4,123
N04375,2008,41,3, , ,f,25.4,125.5
N04376,2008,41,3,2, ,f,25.6,125
N04377,2008,41,3, , ,f,24.3,125
N04378,2008,41,3,2, ,f,26.6,122
N04379,2008,41,3,2, ,f,25.9,126.5
N04380,2008,41,3, ,23,f,26.4,125
N04381,2008,41,3, ,22.1,f,21.6,119.5
N04382,2008,41,3, ,22.5,f,22.5,124
N04383,2008,41,3, ,22.3,f,25.7,122.5
N04384,2008,41,3, ,21.6,f,21.6,120
N04385,2008,41,3, ,22,f,25.6,125
N04386,2008,41,3, ,21.9,f,24.9,123
N04387,2008,41,3, , ,f,24.6, 
N04388,2008,41,3, ,22,f,23.9,122
N04389,2008,41,3, , ,f,25.1,124
N04390,2008,41,3, , ,f,21.2,121
N04391,2008,41,3, ,22.1,f,26,128
N04392,2008,41,3, ,23,f,23.6,124
N04393,2008,41,4, ,21.9,f,22.5,124
N04394,2008,41,4, ,22.4,f,24.4,121
N04395,2008,41,4, ,21.5,f,27.4,124
N04396,2008,41,4, ,23.1,f,26.2,125
N04397,2008,41,4, ,21.5,f,23.6,125
N04398,2008,41,4, ,23.7,f,23.7,121
N04399,2008,41,4, ,21.9,f,21.3,122
N04400,2008,41,4, ,23.3,f,27.8,126
2597435,2008,41,5,2,22.8,c,26.7,122
2625332,2008,41,0,1,22.4,c,25.9,121
N04401,2008,42,-2, ,23.1,f,25.6,128
N04402,2008,42,-2,2,23,f,26.4,125
N04403,2008,42,-2, ,22,f,26.4,127
N04404,2008,42,-2, ,23,f,24.7,129
N04405,2008,42,-1, ,21.9,f,29.5,123
N04406,2008,42,-1, ,22.15,f,26.5,123
N04407,2008,42,-1, ,22.85,f,28,121.5
N04408,2008,42,-1, ,22,f,24.7,126
N04409,2008,42,-1, ,21.3,f,25.2,125
N04410,2008,42,-1, ,21.3,f,26.2,127
N04411,2008,42,-1, ,21.8,f,21.6,121.5
N04412,2008,42,0, ,23.15,f,27.5,126
N04413,2008,42,0, ,23.1,f,26.7,127.5
N04414,2008,42,0, ,22.7,f,25.8,125
N04415,2008,42,0, ,22.5,f,26.7,124
N04416,2008,42,0,2,21.6,f,28,125
N04417,2008,42,0,2,23.5,f,25.6,126
N04418,2008,42,0, ,22.8,f,24.3,123
N04419,2008,42,1, ,21.9,f,25.9,125
N04420,2008,42,1, ,22.7,f,26.4,125
N04421,2008,42,1, ,22.4,f,22.9,123
N04422,2008,42,1, ,22.4,f,26,121
N04423,2008,42,1, ,21.7,f,27.6,124
N04424,2008,42,1, ,23.2,f,22.7,121
N04425,2008,42,2, ,22,f,25.9,120
N04426,2008,42,2, ,23,f,27.7,118.5
N04427,2008,42,2, ,22.2,f,26.8,119
N04428,2008,42,2, ,21.5,f,24.7,122
N04429,2008,42,2, ,23.5,f,26.3,120
N04430,2008,42,2, ,22.6,f,24.3,125
N04431,2008,42,2, ,22.2,f,28.7,121
N04432,2008,42,2, ,21.9,f,25.3,128
N04433,2008,42,2, ,22.2,f,24.8,125
N04434,2008,42,2, ,23.3,f,25.8,122
N04435,2008,42,3, ,21.7,f,23.5,124
N04436,2008,42,3, ,22.9,f,26.4,121
N04437,2008,42,3, ,21.9,f,24.2,121
N04438,2008,42,3, ,23.1,f,27.2,121.5
N04439,2008,42,3,2,22.1,f,22,120
N04440,2008,42,3,2,22.4,f,25,122
N04441,2008,42,3,2,21.9,f,27.5,123
N04442,2008,42,3,2,22.9,f,27.7,122
N04443,2008,42,4,2,22.9,f,25.9,121
N04444,2008,42,4,2,22.8,f,26.6,123
N04445,2008,42,4,2,21.5,f,23.9,121
N04446,2008,42,4, ,21.5,f,25,119
N04447,2008,43,-2, ,22.1,f,23.3,121
N04448,2008,43,-2, ,22.8,f,27.5,126
N04449,2008,43,-1, ,23.4,f,27.8,122
N04450,2008,43,-1, ,21.7,f,29,126
N04451,2008,43,-1, ,22.6,f,27.5,122
N04452,2008,43,0, ,23.6,f,25.8,124
N04453,2008,43,0, ,23.3,f,23.6,123
N04454,2008,43,0, , ,f,27.1,125
N04455,2008,43,0, ,24.06,f,26.1,121
N04456,2008,43,0, ,22.1,f,23.6,127
N04457,2008,43,1, ,22.1,f,25.2,124.5
N04458,2008,43,1, ,23.8,f,27,122.5
N04459,2008,43,1, ,24.4,f,25.7,125
N04460,2008,43,1, ,21.9,f,25.2,121
N04461,2008,43,1, ,22.4,f,26.4,125
N04462,2008,43,1, ,22.5,f,26.8,126
N04463,2008,43,1, ,22.2,f,24.8,125
N04464,2008,43,2, ,22.6,f,20.9,126
N04465,2008,43,2, ,23.6,f,23.5,127
N04466,2008,43,2, ,21.3,f,21.4,123
N04467,2008,43,2, ,22.3,f,24.3,126
N04468,2008,43,2,2,22.5,f,22.5,121
N04469,2008,43,2, ,22.7,f,21.5,122
N04470,2008,43,2, ,21.8,f,20.3,121
N04471,2008,43,2, ,22.4,f,23.4,122.5
N04472,2008,43,2, ,21.8,f,21.1,126
N04473,2008,43,3, ,21.9,f,20.6,125
N04474,2008,43,3, ,22.4,f,24.3,123
N04475,2008,43,3, ,23.2,f,26.5,126
N04476,2008,43,3,2,22.1,f,23,124
N04477,2008,43,3, ,22.5,f,21.1,120
N04478,2008,43,3, ,22,f,24.4,121
N04479,2008,43,3, ,22.6,f,25.2,125
N04480,2008,43,3, ,22.1,f,26.4,120
N04481,2008,43,3,2,22,f,25.5,121
N04482,2008,43,3, ,22.5,f,25.4,122
N04483,2008,43,4, ,22.7,f,25.6,124
N04484,2008,43,4, ,21.2,f,24.7,121
D21155,2008,45,3, ,23.2,f,22.7,121
D21156,2008,45,3, ,21.2,f,26.8,120
D21157,2008,45,3, ,21.9,f,24.6,121
D21158,2008,45,4, ,22.6,f,24.2,125
N04485,2008,45,-2, ,21.4,f,23.4,120
N04486,2008,45,-2, ,22.6,f,25.7,124
N04487,2008,45,-1,2,22.8,f,27.9,121
N04488,2008,45,-1, ,28.6,f,25.7,122
N04489,2008,45,0,2,22.4,f,25.5,120
N04490,2008,45,0, ,24,f,27.8,127
N04491,2008,45,0, ,21.3,f,20.5,128
N04492,2008,45,0, ,21.5,f,28.8,121
N04493,2008,45,1,2,22.5,f,26,124
N04494,2008,45,1,2,23.4,f,24.3,125
N04495,2008,45,1, ,20.8,f,25.6,121
N04496,2008,45,1, ,22.5,f,25.1,130
N04497,2008,45,2, ,21.9,f,23.4,125
N04498,2008,45,2, ,22,f,26.5,122
N04499,2008,45,2, ,22.7,f,23.4,126
N04500,2008,45,2, ,21,f,23.2,121
2594541,2008,45,2,2,21.6,c,22.8,122
D21159,2008,46,-3, ,23.4,f,23.8,128
D21160,2008,46,-2, ,22.5,f,27.7,122
D21161,2008,46,-1, ,22.2,f,28.6,126
D21162,2008,46,0, ,23.1,f,24.1,126
D21163,2008,46,1, ,23.6,f,25.9,124
D21164,2008,46,1, ,21.6,f,21.5,121
D21165,2008,46,2, ,22.5,f,25.4,122
D21166,2008,46,2, ,21.5,f,25.2,123
D21167,2008,46,2, ,22.2,f,27.7,126
D21168,2008,46,2, ,22.2,f,26.2,125
D21169,2008,46,3, ,22,f,25.7,126
D21170,2008,46,3, ,22.8,f,26.3,124
D21171,2008,46,4, ,22.1,f,23.3,122
D21172,2008,46,4, ,22.6,f,24.3,124
D21173,2008,46,4, ,23.1,f,27.7,123
D21174,2008,46,4, ,21.5,f,22.1,124
D21175,2008,47,-2, ,21.2,f,25.1,120
D21176,2008,47,-1, ,21.8,f,23.6,123
D21177,2008,47,-1, ,22.9,f,23.7,121
D21178,2008,47,-1,2,21.8,f,24,123
D21179,2008,47,-1, ,23.5,f,26,125
D21180,2008,47,0, ,21.7,f,28.2,121
D21181,2008,47,0, ,22.9,f,25.6,124
D21182,2008,47,0, ,22.9,f,25.3,129
D21183,2008,47,0, ,23.1,f,27.1,123
D21184,2008,47,0, ,22.7,f,28.4,125
D21185,2008,47,0, ,22.8,f,24.7,124
D21186,2008,47,0, ,22.9,f,28,123
D21187,2008,47,0, ,21.2,f,25.7,121
D21188,2008,47,0, ,23.9,f,24.5,125
D21189,2008,47,0,2,21.2,f,27.6,125
D21190,2008,47,0,2,23.1,f,28.4,123
D21191,2008,47,1, ,22.4,f,26.2,123
D21192,2008,47,1, ,21.8,f,26.7,121
D21193,2008,47,1, ,21.7,f,25.2,124
D21194,2008,47,1,2,22.4,f,28,127
D21195,2008,47,2, ,20.9,f,22,120
D21196,2008,47,2, ,23.6,f,26.3,126
D21197,2008,47,2, ,22.7,f,25.9,125
D21198,2008,47,2, ,22.9,f,27.3,125
D21199,2008,47,3, ,24,f,23.7,129
D21200,2008,47,3, ,22.8,f,25.7,122.5
D21201,2008,47,3, ,22,f,23.6,125.5
D21202,2008,47,3, ,22.2,f,28.7,123
D21203,2008,47,4, ,22.5,f,23.4,122
D21204,2008,47,4, ,21.8,f,24.4,123.5
D21205,2008,47,4, ,22.4,f,26.4,126
D21206,2008,47,4, ,22,f,26.4,123
D21207,2008,47,4, ,21,f,27.2,123
D21208,2008,47,-1, ,22.9,f,24.5,124
D21209,2008,47,4,2,21,f,24.4,125
D21210,2008,47,5, ,22.2,f,24.7,121
D21211,2008,47,5, ,22.3,f,24.6,126
2.00E+82,2008,47,3,2,22.8,c,31.2,126
SB40423,2008,47,1,2,21.6,c,26,124
D21212,2008,48,-1, ,23.2,f,24.7,125
D21213,2008,48,0, ,23.4,f,23.8,121
D21214,2008,48,0, ,23.2,f,24.1,122
D21215,2008,48,0, ,22.4,f,22.8,120
D21216,2008,48,0, ,23.3,f,23.2,123
D21217,2008,48,0, ,21.7,f,24.8,119
D21218,2008,48,0, ,23.6,f,25.1,123
D21219,2008,48,0, ,23.3,f,28.3,124
D21220,2008,48,1, ,21.2,f,22.2,119
D21221,2008,48,1, ,22.9,f,22.2,121
D21222,2008,48,1, ,21.3,f,25.9,119
D21223,2008,48,2, ,21.5,f,23.7,120
D21224,2008,48,2, ,22.9,f,22.6,124
D21225,2008,48,2, ,22.1,f,23.9,123
D21226,2008,48,3, ,22.3,f,24.4,122
D21227,2008,48,3, ,23,f,24.9,121
D21228,2008,48,3, ,21.6,f,25.5,118
D21229,2008,48,4, ,23,f,23.3,123
N03720,2008,49,3, ,21.6,r,23.8,120
D21230,2008,49,0, ,21.9,f,24.1,120
D21231,2008,49,1, ,22.8,f,26.5,125
D21232,2008,49,3, ,22.2,f,26.4,123
D21233,2008,49,3, ,21.9,f,26.4,124
D21234,2008,49,3, ,22.6,f,22.6,120
D21235,2008,49,5, ,21.6,f,28,119
D21236,2008,51,-3, ,22.3,f,25,122
D21237,2008,51,-1, ,22.8,f,26.2,125
D21238,2008,51,-1, ,22.1,f,26.4,122
D21239,2008,51,-1, ,23.5,f,23.8,121
D21240,2008,51,0, ,21.1,f,24.7,125.5
D21241,2008,51,1,1,22.2,f,22.7,123.5
D21242,2008,51,1,2,21.5,f,26,128
D21243,2008,51,1, ,22.15,f,26.8,126
D21244,2008,51,1, ,22,f,26.7,124
D21245,2008,51,4,2,21.8,f,24.9,124.5
